display_rank_within_layer,gene,candidate_layer,functional_class,collapse_pct,braak_pct,cognition_pct,centrality_pct,pareto_frontier,agora_binary,mean_axis_percentile_for_display_only,mitocarta_pathways_raw,mitocarta_description,mitocarta_submito,detected_in_protein,detected_in_rna,display_gene,protein_control_mean,protein_early_mean,protein_ad_mean,protein_control_sem,protein_early_sem,protein_ad_sem,protein_n_control,protein_n_early,protein_n_ad,protein_early_effect,protein_late_effect,protein_total_effect,rna_control_mean,rna_early_mean,rna_ad_mean,rna_control_sem,rna_early_sem,rna_ad_sem,rna_n_control,rna_n_early,rna_n_ad,rna_early_effect,rna_late_effect,rna_total_effect,braak_beta,braak_p,braak_n,adjusted_inverse_braak_beta,braak_padj,cerad_beta,cerad_p,cerad_n,adjusted_inverse_cerad_beta,cerad_padj,hub_mean_abs_cor,hub_degree,agora_nominations,agora_nominated_target,agora_target,agora_flag,protein_collapse_magnitude,abs_delta_late,inverse_braak_magnitude,inverse_cerad_magnitude,collapse_percentile,inverse_braak_percentile,centrality_percentile,discordance_percentile,pathology_vulnerability_score,priority_score_internal_only,vulnerability_rank,braak_metric,braak_rho,rho_braak,cerad_rho,rho_cerad,p_braak,p_cerad,n_braak,n_cerad,padj_braak,padj_cerad,collapse_topq,braak_topq,centrality_topq,clinical_topq,n_total_axes,proteomic_vulnerability_axis,clinical_external_support_axis,priority_score,nomination_class,mitocarta_sheet,cognition_raw_score,n_fdr_better_cognition,cognition_source,row_label
1,LRPPRC,Pareto frontier + AGORA,Mito translation / ribosome,0.9737704918032787,0.9836065573770492,0.8065573770491803,0.9901639344262295,TRUE,1,0.9385245901639345,Mitochondrial central dogma > mtRNA metabolism > mtRNA stability and decay | Mitochondrial central dogma > Translation,leucine rich pentatricopeptide repeat containing,NA,TRUE,TRUE,LRPPRC,-0.009573666615768724,-0.0026285520894788316,-0.07927542630889761,0.01208714132216476,0.011764125842007075,0.01516264246656343,65,98,73,0.006945114526289892,-0.07664687421941878,-0.06970175969312889,10.691721420434373,10.699099886718534,10.60855797809948,0.023394865335756278,0.030314277384784954,0.024044226652648798,200,158,220,0.007378466284160723,-0.09054190861905376,-0.08316344233489303,-0.3053411401455313,2.2213410170704074e-4,236,0.3053411401455313,0.009235220453370796,0.23357783487346284,0.0029072448409371327,236,0,0.06490342549408147,0.31274089777242703,155,1,TRUE,1,1,0.07664687421941878,0.013895034399634978,0.3053411401455313,0,97.37704918032787,98.36065573770492,99.01639344262296,26.76056338028169,97.86761676458558,80.37866543523435,16,covariate-adjusted inverse Braak beta,-0.3053411401455313,-0.3053411401455313,-0,-0,2.2213410170704074e-4,0.0029072448409371327,236,236,0.009235220453370796,0.06490342549408147,1,1,1,1,5,98.25136612021858,100,98.95081967213115,AGORA-supported high-priority,B Human All Genes,12.5,3,Fig4_client_level_cognition_summary_by_gene.csv,LRPPRC
2,DAP3,Pareto frontier + AGORA,Mito translation / ribosome,0.9868852459016394,0.9508196721311475,0.8065573770491803,0.8852459016393442,TRUE,1,0.9073770491803278,Mitochondrial central dogma > Translation > Mitochondrial ribosome,death associated protein 3,NA,TRUE,TRUE,DAP3,-0.21725711417464746,-0.21123361767433496,-0.2928991695991498,0.018509180320363073,0.015281632162889002,0.017460395386828614,65,98,73,0.006023496500312503,-0.08166555192481484,-0.07564205542450234,9.952482412955998,9.971398659218183,9.917421014467996,0.012107127117609518,0.01288133003594414,0.00950246498943041,200,158,220,0.0189162462621848,-0.05397764475018718,-0.03506139848800238,-0.25891713220663565,0.0011500915285489993,236,0.25891713220663565,0.023266875062655405,0.19612256716745122,0.00935191571694129,236,0,0.11006485420707826,0.27917294411347615,105,1,TRUE,1,1,0.08166555192481484,0.027687907174627657,0.25891713220663565,0,98.68852459016394,95.08196721311475,88.52459016393442,46.83098591549296,96.86846266661114,82.2815169706765,10,covariate-adjusted inverse Braak beta,-0.25891713220663565,-0.25891713220663565,-0,-0,0.0011500915285489993,0.00935191571694129,236,236,0.023266875062655405,0.11006485420707826,1,1,1,1,5,94.0983606557377,100,96.45901639344262,AGORA-supported high-priority,B Human All Genes,12.5,3,Fig4_client_level_cognition_summary_by_gene.csv,DAP3
3,PDHA1,Pareto frontier + AGORA,TCA / pyruvate / redox metabolism,0.878688524590164,0.9311475409836065,0.8065573770491803,0.99672131147541,TRUE,1,0.9032786885245903,Metabolism > Carbohydrate metabolism > Pyruvate metabolism,pyruvate dehydrogenase E1 subunit alpha 1,NA,TRUE,TRUE,PDHA1,-0.12950990415131558,-0.12865630989861668,-0.1905011298949944,0.010067394464337026,0.008086575505957302,0.011785317735701373,65,98,73,8.535942526989027e-4,-0.061844819996377726,-0.06099122574367882,10.560301376102023,10.575133642565035,10.519227554068044,0.01815097469915678,0.020583828279304956,0.016238868550635107,200,158,220,0.014832266463011834,-0.0559060884969913,-0.04107382203397947,-0.2416408731101565,0.00308613528732569,236,0.2416408731101565,0.04235931941062638,0.23255869146099153,0.0025111512941269234,236,0,0.06403435800023655,0.3193736375753405,148,3,TRUE,1,1,0.061844819996377726,0.005938731499386424,0.2416408731101565,0,87.8688524590164,93.11475409836065,99.672131147541,10.915492957746478,90.45378151092659,72.89280766566613,37,covariate-adjusted inverse Braak beta,-0.2416408731101565,-0.2416408731101565,-0,-0,0.00308613528732569,0.0025111512941269234,236,236,0.04235931941062638,0.06403435800023655,1,1,1,1,5,93.55191256830601,100,96.1311475409836,AGORA-supported high-priority,B Human All Genes,12.5,3,Fig4_client_level_cognition_summary_by_gene.csv,PDHA1
4,MRPS22,Pareto frontier + AGORA,Mito translation / ribosome,0.9770491803278688,0.9081967213114754,0.7081967213114754,0.9180327868852458,TRUE,1,0.8778688524590164,Mitochondrial central dogma > Translation > Mitochondrial ribosome,mitochondrial ribosomal protein S22,NA,TRUE,TRUE,MRPS22,-0.21299081084813318,-0.1977820651045542,-0.27483844330126955,0.020347816413163074,0.016745115739482473,0.019006124401934502,65,98,73,0.015208745743578972,-0.07705637819671535,-0.061847632453136375,8.655832410427616,8.667114449005105,8.598482561402946,0.018831247756376544,0.024495617143290488,0.01932122585245705,200,158,220,0.011282038577489217,-0.06863188760215877,-0.05734984902466955,-0.22532902479261177,0.005176170062961895,236,0.22532902479261177,0.06085882703101695,0.13238203020893385,0.08340553121328699,236,0,0.26865360580279807,0.28723881771622906,107,1,TRUE,1,1,0.07705637819671535,0.008424490594556577,0.22532902479261177,0,97.70491803278688,90.81967213114754,91.80327868852459,15.492957746478872,94.19940881628902,73.95520664973446,29,covariate-adjusted inverse Braak beta,-0.22532902479261177,-0.22532902479261177,-0,-0,0.005176170062961895,0.08340553121328699,236,236,0.06085882703101695,0.26865360580279807,1,1,1,1,5,93.44262295081967,100,96.0655737704918,AGORA-supported high-priority,B Human All Genes,9.5,2,Fig4_client_level_cognition_summary_by_gene.csv,MRPS22
5,TUFM,Pareto frontier + AGORA,Mito translation / ribosome,0.8327868852459016,0.8065573770491803,0.8065573770491803,1,TRUE,1,0.8614754098360655,Mitochondrial central dogma > Translation > Translation factors,"Tu translation elongation factor, mitochondrial",NA,TRUE,TRUE,TUFM,0.09841303560639589,0.10659734802529275,0.04998210935071058,0.009080924082397178,0.007375282475993037,0.010932538480012736,65,98,73,0.00818431241889686,-0.056615238674582166,-0.048430926255685305,11.234673063604461,11.261817758222112,11.238684152833597,0.017231868908396553,0.019481145632203257,0.015177931221066041,200,158,220,0.027144694617650345,-0.023133605388514056,0.004011089229136289,-0.16883926899248924,0.04183532647863502,236,0.16883926899248924,0.1883562400081003,0.15345523748273818,0.04986338547024959,236,0,0.21478596664611255,0.3383717854481068,171,1,TRUE,1,1,0.056615238674582166,0.03348163328606811,0.16883926899248924,0,83.27868852459017,80.65573770491802,100,53.16901408450704,81.95672063991404,79.2758600785038,18,covariate-adjusted inverse Braak beta,-0.16883926899248924,-0.16883926899248924,-0,-0,0.04183532647863502,0.04986338547024959,236,236,0.1883562400081003,0.21478596664611255,1,1,1,1,5,87.97814207650272,100,92.78688524590163,AGORA-supported high-priority,B Human All Genes,12.5,3,Fig4_client_level_cognition_summary_by_gene.csv,TUFM
1,NDUFAF7,Pareto frontier,TCA / pyruvate / redox metabolism,0.9836065573770492,0.898360655737705,0.8065573770491803,0.9737704918032787,TRUE,0,0.9155737704918033,OXPHOS > Complex I > CI assembly factors | OXPHOS > OXPHOS assembly factors,NADH:ubiquinone oxidoreductase complex assembly factor 7,NA,TRUE,TRUE,NDUFAF7,0.02383612715383044,0.02086017346133559,-0.05846879588078056,0.013987764088135703,0.012382429612956837,0.017337125525998847,65,98,73,-0.0029759536924948496,-0.07932896934211614,-0.082304923034611,8.276555576656557,8.232584169231698,8.194419376059415,0.016828109812816943,0.016117233488455566,0.014296627304888145,200,158,220,-0.043971407424859166,-0.038164793172283495,-0.08213620059714266,-0.21811512812568418,0.009523038001210352,236,0.21811512812568418,0.07875809806406399,0.2074868559855079,0.00888785271030117,236,0,0.11006485420707826,0.3044770366718014,137,0,FALSE,0,0,0.07932896934211614,0.041164176169832645,0.21811512812568418,0,98.36065573770492,89.8360655737705,97.37704918032787,63.38028169014085,94.0017782743046,87.23851304548604,3,covariate-adjusted inverse Braak beta,-0.21811512812568418,-0.21811512812568418,-0,-0,0.009523038001210352,0.00888785271030117,236,236,0.07875809806406399,0.11006485420707826,1,1,1,1,4,95.1912568306011,50,77.11475409836066,Newly nominated high-priority,B Human All Genes,12.5,3,Fig4_client_level_cognition_summary_by_gene.csv,NDUFAF7
2,MRPS35,Pareto frontier,Mito translation / ribosome,0.9901639344262295,0.9442622950819672,0.8065573770491803,0.8459016393442623,TRUE,0,0.8967213114754098,Mitochondrial central dogma > Translation > Mitochondrial ribosome,mitochondrial ribosomal protein S35,NA,TRUE,TRUE,MRPS35,0.06682367073219296,0.0868428607750137,-0.004085527029660294,0.020443833704036043,0.015463704352550036,0.017120885032150625,65,98,73,0.02001919004282074,-0.090928387804674,-0.07090919776185325,9.167376757514377,9.184066082733684,9.079531964500443,0.022148591276703176,0.024194664149819863,0.022479755414173967,200,158,220,0.016689325219306994,-0.1045341182332411,-0.08784479301393411,-0.2565315854649113,0.0014446752489884074,236,0.2565315854649113,0.023266875062655405,0.14827955137472917,0.05277647836664163,236,0,0.21823787000259917,0.26915359693471846,96,0,FALSE,0,0,0.090928387804674,0.013605730428567109,0.2565315854649113,0,99.01639344262296,94.42622950819673,84.59016393442623,25.352112676056336,96.69407785530105,75.84622489032556,24,covariate-adjusted inverse Braak beta,-0.2565315854649113,-0.2565315854649113,-0,-0,0.0014446752489884074,0.05277647836664163,236,236,0.023266875062655405,0.21823787000259917,1,1,1,1,4,92.6775956284153,50,75.60655737704919,Newly nominated high-priority,B Human All Genes,12.5,3,Fig4_client_level_cognition_summary_by_gene.csv,MRPS35
3,PTCD3,Pareto frontier,Mito translation / ribosome,0.9934426229508196,0.9409836065573771,0.7081967213114754,0.8098360655737706,TRUE,0,0.8631147540983607,Mitochondrial central dogma > Translation > Mitochondrial ribosome | Mitochondrial central dogma > Translation > Mitochondrial ribosome assembly,pentatricopeptide repeat domain 3,NA,TRUE,TRUE,PTCD3,-0.21435567645036624,-0.20434753060534663,-0.29553524856675084,0.021606678233389295,0.01593997467219008,0.018485969265063826,65,98,73,0.010008145845019606,-0.09118771796140421,-0.0811795721163846,10.608783914194074,10.599210714708718,10.55593829471877,0.012035543012708842,0.01338347924379967,0.012374909694964397,200,158,220,-0.009573199485355843,-0.043272419989948574,-0.05284561947530442,-0.25536399941351356,0.0016106407135130266,236,0.25536399941351356,0.02464280291674931,0.1793514389227803,0.019503530095444394,236,0,0.1420971478382377,0.2626552211072911,97,0,FALSE,0,0,0.09118771796140421,0.047915297971455634,0.25536399941351356,0,99.34426229508196,94.09836065573771,80.98360655737706,69.01408450704226,96.68573949927067,85.86007850380975,6,covariate-adjusted inverse Braak beta,-0.25536399941351356,-0.25536399941351356,-0,-0,0.0016106407135130266,0.019503530095444394,236,236,0.02464280291674931,0.1420971478382377,1,1,1,1,4,91.47540983606558,50,74.88524590163935,Emerging candidate,B Human All Genes,9.5,2,Fig4_client_level_cognition_summary_by_gene.csv,PTCD3
4,MRPL47,Pareto frontier,Mito translation / ribosome,1,0.7278688524590164,0.8065573770491803,0.8163934426229509,TRUE,0,0.8377049180327869,Mitochondrial central dogma > mtRNA metabolism > mtRNA granules | Mitochondrial central dogma > Translation > Mitochondrial ribosome,mitochondrial ribosomal protein L47,NA,TRUE,TRUE,MRPL47,0.010771689102192993,0.02802024976927471,-0.06493128859293407,0.016660455208940647,0.013172322768932517,0.013936085846233938,65,98,73,0.01724856066708172,-0.09295153836220878,-0.07570297769512706,8.685764355274074,8.71070921048862,8.647387017493074,0.022090267579485432,0.022256292300010073,0.019574437789597835,200,158,220,0.024944855214545925,-0.06332219299554609,-0.038377337781000165,-0.1449132634564626,0.0935476296501754,236,0.1449132634564626,0.2834215314153829,0.2114508449130679,0.009082142973756382,236,0,0.11006485420707826,0.26434721857066723,105,0,FALSE,0,0,0.09295153836220878,0.029629345366662688,0.1449132634564626,0,100,72.78688524590164,81.63934426229508,48.59154929577465,85.31523032020814,75.75444470099285,26,covariate-adjusted inverse Braak beta,-0.1449132634564626,-0.1449132634564626,-0,-0,0.0935476296501754,0.009082142973756382,236,236,0.2834215314153829,0.11006485420707826,1,0,1,1,3,84.80874316939891,50,70.88524590163935,Emerging candidate,B Human All Genes,12.5,3,Fig4_client_level_cognition_summary_by_gene.csv,MRPL47
5,MRPS33,Pareto frontier,Mito translation / ribosome,0.99672131147541,0.9901639344262295,0.639344262295082,0.7180327868852459,TRUE,0,0.8360655737704918,Mitochondrial central dogma > Translation > Mitochondrial ribosome,mitochondrial ribosomal protein S33,NA,TRUE,TRUE,MRPS33,-0.11686399726691644,-0.14342860480635503,-0.23560506960470748,0.024264855460728405,0.01738895801831669,0.01924192367096903,62,97,72,-0.02656460753943858,-0.09217646479835245,-0.11874107233779103,8.506506364033626,8.5528942317169,8.47098410051324,0.02217156076685824,0.022993336707455406,0.020805116221327816,200,158,220,0.046387867683273853,-0.08191013120366009,-0.03552226352038623,-0.3254163493404809,7.086386010944717e-5,231,0.3254163493404809,0.004336868238698167,0.25002512083771206,0.0012255967314909022,231,0,0.05357608569088801,0.2487709189166999,85,0,FALSE,0,0,0.09217646479835245,0.010266333594692367,0.3254163493404809,0,99.672131147541,99.01639344262296,71.80327868852459,20.070422535211268,99.34372125589837,72.64055645347494,38,covariate-adjusted inverse Braak beta,-0.3254163493404809,-0.3254163493404809,-0,-0,7.086386010944717e-5,0.0012255967314909022,231,231,0.004336868238698167,0.05357608569088801,1,1,0,1,3,90.1639344262295,50,74.09836065573771,Emerging candidate,B Human All Genes,6.5,1,Fig4_client_level_cognition_summary_by_gene.csv,MRPS33
6,PYCR2,Pareto frontier,Other mitochondrial metabolism,0.9114754098360656,0.9868852459016394,0.8065573770491803,0.5901639344262295,TRUE,0,0.8237704918032787,Metabolism > Amino acid metabolism > Proline metabolism,pyrroline-5-carboxylate reductase 2,NA,TRUE,TRUE,PYCR2,-0.021753334906795475,-0.03896192838226755,-0.1052676546545558,0.016787301491702825,0.014086264180453608,0.01913971669453072,65,98,73,-0.017208593475472076,-0.06630572627228826,-0.08351431974776033,9.925614428316663,9.9515163900121,9.90700464202733,0.019021977231724992,0.02346105142479943,0.020898847303365862,200,158,220,0.025901961695437237,-0.04451174798477098,-0.01860978628933374,-0.3159803462744917,3.018045899794378e-4,236,0.3159803462744917,0.009235220453370796,0.22198340924003282,0.007539224809919041,236,0,0.10486376326523757,0.2230355968384182,86,0,FALSE,0,0,0.06630572627228826,0.02179397828751728,0.3159803462744917,0,91.14754098360656,98.68852459016394,59.01639344262295,38.028169014084504,94.84311435045579,71.72015700761949,47,covariate-adjusted inverse Braak beta,-0.3159803462744917,-0.3159803462744917,-0,-0,3.018045899794378e-4,0.007539224809919041,236,236,0.009235220453370796,0.10486376326523757,1,1,0,1,3,82.95081967213115,50,69.7704918032787,Emerging candidate,B Human All Genes,12.5,3,Fig4_client_level_cognition_summary_by_gene.csv,PYCR2
1,MRPL48,AGORA-supported,Mito translation / ribosome,0.9606557377049181,0.9049180327868852,0.8065573770491803,0.9114754098360656,FALSE,1,0.8959016393442623,Mitochondrial central dogma > Translation > Mitochondrial ribosome,mitochondrial ribosomal protein L48,NA,TRUE,TRUE,MRPL48,-0.025129534474530334,-0.028996081205194677,-0.1026058942162319,0.014893847532875218,0.012735849177843334,0.015520806751378912,65,98,73,-0.0038665467306643435,-0.07360981301103722,-0.07747635974170156,8.757149027327504,8.803067269331777,8.779516606198374,0.01559102996394047,0.017610690738695214,0.014648260283222657,200,158,220,0.04591824200427297,-0.023550663133402594,0.022367578870870375,-0.22475989559819445,0.006121568558483247,236,0.22475989559819445,0.06085882703101695,0.19784353585278466,0.010588981895985908,236,0,0.11859571663359078,0.2842473982774926,116,1,TRUE,1,1,0.07360981301103722,0.05005914987763463,0.22475989559819445,0,96.06557377049181,90.49180327868852,91.14754098360656,70.4225352112676,93.23704737653206,87.03186331101362,4,covariate-adjusted inverse Braak beta,-0.22475989559819445,-0.22475989559819445,-0,-0,0.006121568558483247,0.010588981895985908,236,236,0.06085882703101695,0.11859571663359078,1,1,1,1,5,92.56830601092896,100,95.54098360655738,AGORA-supported high-priority,B Human All Genes,12.5,3,Fig4_client_level_cognition_summary_by_gene.csv,MRPL48
2,MRPL39,AGORA-supported,Mito translation / ribosome,0.9147540983606557,0.8459016393442623,0.8065573770491803,0.9868852459016394,FALSE,1,0.8885245901639345,Mitochondrial central dogma > Translation > Mitochondrial ribosome,mitochondrial ribosomal protein L39,NA,TRUE,TRUE,MRPL39,0.02635740820698594,0.02065795331846001,-0.04652525235187712,0.014420998310396399,0.011373939220751058,0.013097988916618277,65,98,73,-0.0056994548885259295,-0.06718320567033713,-0.07288266055886305,7.9822967362285215,8.038180439296312,7.957382088127252,0.018651412578685155,0.020004095409252187,0.01891011823003403,200,158,220,0.055883703067790336,-0.08079835116905976,-0.02491464810126942,-0.19175987115502358,0.017820105313793556,236,0.19175987115502358,0.10486446588501594,0.22574970170556546,0.002969437767703074,236,0,0.06490342549408147,0.3110887714492504,143,1,TRUE,1,1,0.06718320567033713,0.013615145498722628,0.19175987115502358,0,91.47540983606557,84.59016393442623,98.68852459016394,25.704225352112676,87.9654472733562,75.11458092819211,28,covariate-adjusted inverse Braak beta,-0.19175987115502358,-0.19175987115502358,-0,-0,0.017820105313793556,0.002969437767703074,236,236,0.10486446588501594,0.06490342549408147,1,1,1,1,5,91.58469945355192,100,94.95081967213115,AGORA-supported high-priority,B Human All Genes,12.5,3,Fig4_client_level_cognition_summary_by_gene.csv,MRPL39
3,MRPL44,AGORA-supported,Mito translation / ribosome,0.9672131147540983,0.7606557377049179,0.8065573770491803,0.9639344262295082,FALSE,1,0.8745901639344261,Mitochondrial central dogma > Translation > Mitochondrial ribosome,mitochondrial ribosomal protein L44,NA,TRUE,TRUE,MRPL44,-0.13625127027699385,-0.12118302398388342,-0.19706347064472873,0.01517730709875564,0.012287557891840026,0.01576510241974404,65,98,73,0.015068246293110432,-0.07588044666084531,-0.06081220036773488,8.456917762583343,8.439241997826993,8.430168509607642,0.02176101000540188,0.022746004192006234,0.021013001132152036,200,158,220,-0.017675764756349466,-0.009073488219351944,-0.02674925297570141,-0.15787447342502428,0.051694993210994127,236,0.15787447342502428,0.20924858005433108,0.16443229951285476,0.03141669992017758,236,0,0.17198676317706973,0.30184093891058644,127,1,TRUE,1,1,0.07588044666084531,0.06680695844149337,0.15787447342502428,0,96.72131147540983,76.0655737704918,96.39344262295081,83.80281690140845,85.77390076947358,88.24578619256522,2,covariate-adjusted inverse Braak beta,-0.15787447342502428,-0.15787447342502428,-0,-0,0.051694993210994127,0.03141669992017758,236,236,0.20924858005433108,0.17198676317706973,1,1,1,1,5,89.72677595628414,100,93.83606557377048,AGORA-supported high-priority,B Human All Genes,12.5,3,Fig4_client_level_cognition_summary_by_gene.csv,MRPL44
4,PDHB,AGORA-supported,TCA / pyruvate / redox metabolism,0.8229508196721311,0.8557377049180329,0.8065573770491803,0.9770491803278688,FALSE,1,0.8655737704918033,Metabolism > Carbohydrate metabolism > Pyruvate metabolism,pyruvate dehydrogenase E1 subunit beta,NA,TRUE,TRUE,PDHB,-0.4141988663903787,-0.4069778161136795,-0.4626647643566993,0.013090009298709827,0.00910459386486891,0.01405093272035785,65,98,73,0.00722105027669917,-0.055686948243019785,-0.048465897966320615,9.849336119148711,9.870047701358079,9.822476400142973,0.019429515250538407,0.022114728254030075,0.019112846595684834,200,158,220,0.020711582209367307,-0.04757130121510578,-0.02685971900573847,-0.20174717831073705,0.014373947722508662,236,0.20174717831073705,0.09185714328444941,0.13994791152084696,0.07274422057876685,236,0,0.24772796474175798,0.30676834747657933,139,4,TRUE,1,1,0.055686948243019785,0.008115647027914008,0.20174717831073705,0,82.29508196721311,85.57377049180329,97.70491803278688,14.43661971830986,83.91841548114712,70.0025975525283,53,covariate-adjusted inverse Braak beta,-0.20174717831073705,-0.20174717831073705,-0,-0,0.014373947722508662,0.07274422057876685,236,236,0.09185714328444941,0.24772796474175798,1,1,1,1,5,88.52459016393443,100,93.11475409836066,AGORA-supported high-priority,B Human All Genes,12.5,3,Fig4_client_level_cognition_summary_by_gene.csv,PDHB
5,MRPS23,AGORA-supported,Mito translation / ribosome,0.9704918032786886,0.8918032786885246,0.8065573770491803,0.7737704918032787,FALSE,1,0.860655737704918,Mitochondrial central dogma > Translation > Mitochondrial ribosome,mitochondrial ribosomal protein S23,NA,TRUE,TRUE,MRPS23,-0.06802618303047007,-0.045902364794785724,-0.12235597140880618,0.019367761008965895,0.014407612007002994,0.016660460093922157,65,98,73,0.02212381823568435,-0.07645360661402045,-0.0543297883783361,8.574274587945165,8.60548271773948,8.51691175401013,0.025166390734014027,0.028859949232607502,0.022360948023261062,200,158,220,0.031208129794315198,-0.08857096372935125,-0.05736283393503605,-0.21642779134220064,0.008332138138466333,236,0.21642779134220064,0.0728466934391628,0.1254159366515089,0.1068865434112551,236,0,0.30284520633188944,0.25800136235988674,92,1,TRUE,1,1,0.07645360661402045,0.012117357115330796,0.21642779134220064,0,97.04918032786885,89.18032786885246,77.37704918032787,23.591549295774648,93.0315952837676,71.79952666820596,46,covariate-adjusted inverse Braak beta,-0.21642779134220064,-0.21642779134220064,-0,-0,0.008332138138466333,0.1068865434112551,236,236,0.0728466934391628,0.30284520633188944,1,1,1,1,5,87.8688524590164,100,92.72131147540983,AGORA-supported high-priority,B Human All Genes,12.5,3,Fig4_client_level_cognition_summary_by_gene.csv,MRPS23
6,MRPL15,AGORA-supported,Mito translation / ribosome,0.921311475409836,0.8655737704918033,0.7081967213114754,0.921311475409836,FALSE,1,0.8540983606557377,Mitochondrial central dogma > Translation > Mitochondrial ribosome,mitochondrial ribosomal protein L15,NA,TRUE,TRUE,MRPL15,-0.00663709519402332,-0.011222897590659133,-0.07872202930681445,0.015917631597211702,0.01305145588555029,0.015085393998206,65,98,73,-0.0045858023966358135,-0.06749913171615532,-0.07208493411279113,9.031575960672345,9.045238981925598,8.96879117589392,0.022248042777798408,0.026721508522017073,0.02237682758646988,200,158,220,0.013663021253252694,-0.07644780603167867,-0.06278478477842597,-0.2085149939617234,0.008816990428193382,236,0.2085149939617234,0.07494441863964375,0.20337065227599055,0.006706014239462312,236,0,0.10260201786377338,0.2895224771999297,114,1,TRUE,1,1,0.06749913171615532,0.008948674315523347,0.2085149939617234,0,92.1311475409836,86.55737704918033,92.1311475409836,16.901408450704224,89.30078653449017,71.93027014546294,44,covariate-adjusted inverse Braak beta,-0.2085149939617234,-0.2085149939617234,-0,-0,0.008816990428193382,0.006706014239462312,236,236,0.07494441863964375,0.10260201786377338,1,1,1,1,5,90.27322404371584,100,94.1639344262295,AGORA-supported high-priority,B Human All Genes,9.5,2,Fig4_client_level_cognition_summary_by_gene.csv,MRPL15
