supplemental_figure,pdf_path,png_path,width_mm,height_mm,png_dpi,png_width_px,png_height_px,pdf_md5,png_md5
S1,outputs/supplemental_figures/manuscript_ready_supplemental_pdfs/Supplementary_Figure_1_cohort_detection.pdf,outputs/supplemental_figures/manuscript_ready_supplemental_pngs/Supplementary_Figure_1_cohort_detection.png,170,139,600,4015,3283,afbaaa0d96752e92f2290cd9a89bc6b8,be5ff4bfb8dec2be7ddc4f06a016702a
S2,outputs/supplemental_figures/manuscript_ready_supplemental_pdfs/Supplementary_Figure_2_matched_individual_sensitivity.pdf,outputs/supplemental_figures/manuscript_ready_supplemental_pngs/Supplementary_Figure_2_matched_individual_sensitivity.png,170,85,600,4015,2007,2e6c7ab24be8b538df9d2a574f5fdce0,48f4b5a35d19d8467241dfe7e9e832bb
S3,outputs/supplemental_figures/manuscript_ready_supplemental_pdfs/Supplementary_Figure_3_mitochondrial_specificity.pdf,outputs/supplemental_figures/manuscript_ready_supplemental_pngs/Supplementary_Figure_3_mitochondrial_specificity.png,170,140,600,4015,3307,ab8b579933301cc047ab5ba601a088c4,7fd59fca224e2064610747dfc6be75ee
S4,outputs/supplemental_figures/manuscript_ready_supplemental_pdfs/Supplementary_Figure_4_pathology_model_robustness.pdf,outputs/supplemental_figures/manuscript_ready_supplemental_pngs/Supplementary_Figure_4_pathology_model_robustness.png,170,145,600,4015,3425,40fc37a530c3485eb8d4335a7a26d7d8,bfaae9f97f22c0a43bce6923b679185d
S5,outputs/supplemental_figures/manuscript_ready_supplemental_pdfs/Supplementary_Figure_5_msbb_cross_cohort_validation.pdf,outputs/supplemental_figures/manuscript_ready_supplemental_pngs/Supplementary_Figure_5_msbb_cross_cohort_validation.png,170,119,600,4015,2811,bf7a980c3fe0809c8a5cbda37b60748c,c72d326b451f7799c8cd40989f03a7c6
S6,outputs/supplemental_figures/manuscript_ready_supplemental_pdfs/Supplementary_Figure_6_regional_proteomics_validation.pdf,outputs/supplemental_figures/manuscript_ready_supplemental_pngs/Supplementary_Figure_6_regional_proteomics_validation.png,170,140,600,4015,3307,059fe3493d0c7a2b89dc6c93ec071ea6,eb7b72fcdd539fd7238d0bfbfe9e9049
S7,outputs/supplemental_figures/manuscript_ready_supplemental_pdfs/Supplementary_Figure_7_conventional_differential.pdf,outputs/supplemental_figures/manuscript_ready_supplemental_pngs/Supplementary_Figure_7_conventional_differential.png,170,90,600,4015,2125,f003ef6cf382a840342b795366159def,becbdcff6aa021f4eb0687c470f6c76e
S8,outputs/supplemental_figures/manuscript_ready_supplemental_pdfs/Supplementary_Figure_8_PC1_sensitivity.pdf,outputs/supplemental_figures/manuscript_ready_supplemental_pngs/Supplementary_Figure_8_PC1_sensitivity.png,170,93,600,4015,2196,6a8ece648b30a8211a0ce3bb822c6a72,8a998b92816464f731e3f8351ca9b12c
S9,outputs/supplemental_figures/manuscript_ready_supplemental_pdfs/Supplementary_Figure_9_variance_partition.pdf,outputs/supplemental_figures/manuscript_ready_supplemental_pngs/Supplementary_Figure_9_variance_partition.png,170,71,600,4015,1677,3620a5e796c2bfe1b31564665af11c12,3649a8af318fcc4d79254730b3431820
S10,outputs/supplemental_figures/manuscript_ready_supplemental_pdfs/Supplementary_Figure_10_marker_sensitivity.pdf,outputs/supplemental_figures/manuscript_ready_supplemental_pngs/Supplementary_Figure_10_marker_sensitivity.png,170,180,600,4015,4251,0c77a98ef63c37b8697f75d396c977cc,439ebf5d7648a137e596b0b90e0538ee
