Pathway,Shift,delta,ci_lo,ci_hi,p_value,star
Hsp60_10_all_clients,MCI to AD,0.16917323122400313,0.04897968365376276,0.29029803120093506,0.008,**
Hsp60_10_all_clients,NCI to MCI,0.0083165477308388,-0.08707515599101781,0.12414993362531981,0.928,
Broad_MitoCarta_non_Hsp60_10,MCI to AD,0.11154493085023393,0.031293552110483285,0.1945973299559138,0.006,**
Broad_MitoCarta_non_Hsp60_10,NCI to MCI,0.017831086944174606,-0.04666923671435843,0.09886293031350692,0.668,
Mito_translation_non_Hsp60_10,MCI to AD,0.14446135914686253,-6.322422439626102e-5,0.29641153013095234,0.052,
Mito_translation_non_Hsp60_10,NCI to MCI,0.018053241658840116,-0.06241631162804771,0.13720556967145514,0.802,
OXPHOS_ETC_non_Hsp60_10,MCI to AD,0.12950870722463248,-0.016577671314327413,0.27997781410041545,0.082,
OXPHOS_ETC_non_Hsp60_10,NCI to MCI,0.047653766909257676,-0.07867905243893547,0.18485556625396307,0.51,
TCA_pyruvate_metabolism_non_Hsp60_10,MCI to AD,0.16323705580543083,0.05734372101041421,0.2663270449997609,0.004,**
TCA_pyruvate_metabolism_non_Hsp60_10,NCI to MCI,0.008437097021503564,-0.07652625391541851,0.09950558573024591,0.906,
FAO_metabolism_non_Hsp60_10,MCI to AD,0.12974300123360752,0.04194278708879472,0.21067586805923216,0.006,**
FAO_metabolism_non_Hsp60_10,NCI to MCI,0.026304102071179596,-0.05370289363543899,0.10529841721051457,0.516,
Mito_protein_quality_control_non_Hsp60_10,MCI to AD,0.14712218741229538,0.03152320296853151,0.27287468488730954,0.014,*
Mito_protein_quality_control_non_Hsp60_10,NCI to MCI,0.046250437810615316,-0.04468258578470502,0.14886676106525396,0.408,
Proteasome_core_non_Hsp60_10,MCI to AD,-0.10297706679585135,-0.21644819048889033,0.03575787484115946,0.136,
Proteasome_core_non_Hsp60_10,NCI to MCI,0.010724490735956538,-0.13507094728914018,0.16919019366695182,0.916,
Lysosome_core_non_Hsp60_10,MCI to AD,0.02124222277187267,-0.05674988742414795,0.11098615477380573,0.666,
Lysosome_core_non_Hsp60_10,NCI to MCI,0.0021112366042971642,-0.05774393611002478,0.07120786476666059,0.978,
UPRmt_core_non_Hsp60_10,MCI to AD,0.10736567899373695,-0.04602678915957037,0.2803663896246219,0.202,
UPRmt_core_non_Hsp60_10,NCI to MCI,0.04930558889043661,-0.08346417676481283,0.2022773213389526,0.544,
