Pathway,PathwayLabel,PathwayShort,Protein_NCI,Protein_MCI,Protein_AD,RNA_NCI,RNA_MCI,RNA_AD,protein_early_effect,protein_late_effect,rna_early_effect,rna_late_effect,Shift,protein_minus_rna_magnitude
Hsp60_10_all_clients,Hsp60/10 clients,Hsp60/10 clients,0.03970859367298129,0.09917256814262058,-0.16849274337973463,-0.001450005988414691,0.057578215063430596,-0.04003343991971834,0.059463974469639296,-0.26766531152235523,0.059028221051845284,-0.09761165498314894,NCI to MCI,4.357534177940117e-4
Hsp60_10_all_clients,Hsp60/10 clients,Hsp60/10 clients,0.03970859367298129,0.09917256814262058,-0.16849274337973463,-0.001450005988414691,0.057578215063430596,-0.04003343991971834,0.059463974469639296,-0.26766531152235523,0.059028221051845284,-0.09761165498314894,MCI to AD,0.1700536565392063
Broad_MitoCarta_non_Hsp60_10,"Broad mitochondrial
non-Hsp60/10",Broad mito,0.02202957573350637,0.06976656483953544,-0.11324869781494369,0.0036438054173474135,0.039115724860061464,-0.03140475277890482,0.047736989106029075,-0.18301526265447915,0.03547191944271405,-0.07052047763896628,NCI to MCI,0.012265069663315024
Broad_MitoCarta_non_Hsp60_10,"Broad mitochondrial
non-Hsp60/10",Broad mito,0.02202957573350637,0.06976656483953544,-0.11324869781494369,0.0036438054173474135,0.039115724860061464,-0.03140475277890482,0.047736989106029075,-0.18301526265447915,0.03547191944271405,-0.07052047763896628,MCI to AD,0.11249478501551287
Mito_translation_non_Hsp60_10,"Mito translation
non-Hsp60/10",Mito translation,0.05601770591857098,0.08389961525031794,-0.1625111394416202,0.013594975544472317,0.05261108298632478,-0.05014339191241685,0.027881909331746967,-0.24641075469193816,0.039016107441852466,-0.10275447489874164,NCI to MCI,-0.011134198110105499
Mito_translation_non_Hsp60_10,"Mito translation
non-Hsp60/10",Mito translation,0.05601770591857098,0.08389961525031794,-0.1625111394416202,0.013594975544472317,0.05261108298632478,-0.05014339191241685,0.027881909331746967,-0.24641075469193816,0.039016107441852466,-0.10275447489874164,MCI to AD,0.1436562797931965
OXPHOS_ETC_non_Hsp60_10,"OXPHOS/ETC
non-Hsp60/10",OXPHOS/ETC,0.006020823446917076,0.10992076556929758,-0.15268456798748997,0.011311751584522307,0.06951926229213944,-0.060210880723007024,0.1038999421223805,-0.26260533355678756,0.05820751070761713,-0.12973014301514646,NCI to MCI,0.045692431414763375
OXPHOS_ETC_non_Hsp60_10,"OXPHOS/ETC
non-Hsp60/10",OXPHOS/ETC,0.006020823446917076,0.10992076556929758,-0.15268456798748997,0.011311751584522307,0.06951926229213944,-0.060210880723007024,0.1038999421223805,-0.26260533355678756,0.05820751070761713,-0.12973014301514646,MCI to AD,0.1328751905416411
TCA_pyruvate_metabolism_non_Hsp60_10,"TCA/pyruvate
non-Hsp60/10",TCA/pyruvate,0.03022841252680037,0.07845433380298696,-0.13223796612239355,-0.010450415864867333,0.032662304643453155,-0.013957095275880436,0.048225921276186585,-0.21069229992538052,0.04311272050832049,-0.04661939991933359,NCI to MCI,0.005113200767866095
TCA_pyruvate_metabolism_non_Hsp60_10,"TCA/pyruvate
non-Hsp60/10",TCA/pyruvate,0.03022841252680037,0.07845433380298696,-0.13223796612239355,-0.010450415864867333,0.032662304643453155,-0.013957095275880436,0.048225921276186585,-0.21069229992538052,0.04311272050832049,-0.04661939991933359,MCI to AD,0.16407290000604693
FAO_metabolism_non_Hsp60_10,"FAO/metabolism
non-Hsp60/10",FAO/metabolism,0.003411817401653535,0.07242760245271423,-0.10026949549963629,-0.011771286125702338,0.030241910787874735,-0.011018021269749923,0.0690157850510607,-0.17269709795235053,0.04201319691357707,-0.041259932057624654,NCI to MCI,0.027002588137483623
FAO_metabolism_non_Hsp60_10,"FAO/metabolism
non-Hsp60/10",FAO/metabolism,0.003411817401653535,0.07242760245271423,-0.10026949549963629,-0.011771286125702338,0.030241910787874735,-0.011018021269749923,0.0690157850510607,-0.17269709795235053,0.04201319691357707,-0.041259932057624654,MCI to AD,0.13143716589472587
Mito_protein_quality_control_non_Hsp60_10,"Mito protein QC
non-Hsp60/10",Mito protein QC,0.018923564631432604,0.09221947952848991,-0.14065124239500149,0.014835956172830223,0.04185285962769963,-0.04354519570790635,0.07329591489705731,-0.2328707219234914,0.027016903454869404,-0.08539805533560599,NCI to MCI,0.046279011442187906
Mito_protein_quality_control_non_Hsp60_10,"Mito protein QC
non-Hsp60/10",Mito protein QC,0.018923564631432604,0.09221947952848991,-0.14065124239500149,0.014835956172830223,0.04185285962769963,-0.04354519570790635,0.07329591489705731,-0.2328707219234914,0.027016903454869404,-0.08539805533560599,MCI to AD,0.1474726665878854
Proteasome_core_non_Hsp60_10,"Proteasome
core",Proteasome,-0.058422074226820185,0.013403753278640807,0.03402557538954082,0.010915283561630547,0.08650292977302056,-0.0720478164384705,0.07182582750546099,0.02062182211090001,0.07558764621139001,-0.15855074621149107,NCI to MCI,-0.0037618187059290237
Proteasome_core_non_Hsp60_10,"Proteasome
core",Proteasome,-0.058422074226820185,0.013403753278640807,0.03402557538954082,0.010915283561630547,0.08650292977302056,-0.0720478164384705,0.07182582750546099,0.02062182211090001,0.07558764621139001,-0.15855074621149107,MCI to AD,-0.13792892410059104
Lysosome_core_non_Hsp60_10,"Lysosome
core",Lysosome,0.019940840050844743,0.013640349553305302,-0.03606724465107988,-0.0074506811195130425,0.02132574132977806,-0.008542413210007566,-0.006300490497539441,-0.04970759420438518,0.028776422449291104,-0.029868154539785627,NCI to MCI,-0.02247593195175166
Lysosome_core_non_Hsp60_10,"Lysosome
core",Lysosome,0.019940840050844743,0.013640349553305302,-0.03606724465107988,-0.0074506811195130425,0.02132574132977806,-0.008542413210007566,-0.006300490497539441,-0.04970759420438518,0.028776422449291104,-0.029868154539785627,MCI to AD,0.019839439664599556
UPRmt_core_non_Hsp60_10,"UPRmt
core",UPRmt,-0.013379973755071875,0.07638432769253349,-0.09062966876422979,-0.008758711628599935,0.036068107719395004,-0.01794099406335278,0.08976430144760536,-0.1670139964567633,0.04482681934799494,-0.05400910178274779,NCI to MCI,0.04493748209961042
UPRmt_core_non_Hsp60_10,"UPRmt
core",UPRmt,-0.013379973755071875,0.07638432769253349,-0.09062966876422979,-0.008758711628599935,0.036068107719395004,-0.01794099406335278,0.08976430144760536,-0.1670139964567633,0.04482681934799494,-0.05400910178274779,MCI to AD,0.1130048946740155
