gene,protein_collapse_magnitude,inverse_braak_magnitude,cognition_composite_score,cognition_metric_source,cognition_component_source,n_cognition_components,matching_abundance,abundance_bin,agora_nominated_target,is_hsp60_10_client,collapse_rank,inverse_braak_rank,cognition_rank
AARS2,0.05851602284238769,0.00612092461595381,0.5,outputs/supplemental_figures/audits/COGNITION_LOOKUP_SELECTED_FOR_SUPPLEMENTAL_NULL.csv,cognition_composite_score,NA,0.05851602284238769,3,0,TRUE,0.3745704467353952,0.3333333333333333,0.14432989690721648
ABHD10,0.10412245833701578,0.01400650327300738,1.5,outputs/supplemental_figures/audits/COGNITION_LOOKUP_SELECTED_FOR_SUPPLEMENTAL_NULL.csv,cognition_composite_score,NA,0.10412245833701578,5,0,TRUE,0.5670103092783505,0.5979381443298969,0.44673539518900346
ABHD11,0.11528379308674644,0.02026916026262786,9.5,outputs/supplemental_figures/audits/COGNITION_LOOKUP_SELECTED_FOR_SUPPLEMENTAL_NULL.csv,cognition_composite_score,NA,0.11528379308674644,5,0,TRUE,0.6288659793814433,0.7628865979381443,0.7525773195876289
ACAA2,2.3353562605216624e-4,-0.00392649702488769,0.5,outputs/supplemental_figures/audits/COGNITION_LOOKUP_SELECTED_FOR_SUPPLEMENTAL_NULL.csv,cognition_composite_score,NA,2.3353562605216624e-4,1,0,TRUE,0.15463917525773196,0.13402061855670103,0.14432989690721648
ACAD9,0.11995537057963726,0.01462042766199366,1.5,outputs/supplemental_figures/audits/COGNITION_LOOKUP_SELECTED_FOR_SUPPLEMENTAL_NULL.csv,cognition_composite_score,NA,0.11995537057963726,5,0,TRUE,0.6632302405498282,0.6185567010309279,0.44673539518900346
ACADVL,0.04388821489181965,0.00854371913189924,8.5,outputs/supplemental_figures/audits/COGNITION_LOOKUP_SELECTED_FOR_SUPPLEMENTAL_NULL.csv,cognition_composite_score,NA,0.04388821489181965,3,0,TRUE,0.30584192439862545,0.41924398625429554,0.7319587628865979
ACAT1,0.00459778586067567,-7.299011072798707e-4,0,outputs/supplemental_figures/audits/COGNITION_LOOKUP_SELECTED_FOR_SUPPLEMENTAL_NULL.csv,cognition_composite_score,NA,0.00459778586067567,1,0,TRUE,0.1718213058419244,0.17869415807560138,0
ACO2,0.1783707260781702,0.0276653662697119,3.5,outputs/supplemental_figures/audits/COGNITION_LOOKUP_SELECTED_FOR_SUPPLEMENTAL_NULL.csv,cognition_composite_score,NA,0.1783707260781702,5,0,TRUE,0.8831615120274914,0.8831615120274914,0.6219931271477663
ACOT13,0.13652043463592092,0.02384503601523237,0.5,outputs/supplemental_figures/audits/COGNITION_LOOKUP_SELECTED_FOR_SUPPLEMENTAL_NULL.csv,cognition_composite_score,NA,0.13652043463592092,5,0,TRUE,0.738831615120275,0.8350515463917526,0.14432989690721648
ACSF3,0.09319662211268334,0.01158232612655033,2.5,outputs/supplemental_figures/audits/COGNITION_LOOKUP_SELECTED_FOR_SUPPLEMENTAL_NULL.csv,cognition_composite_score,NA,0.09319662211268334,4,0,TRUE,0.5189003436426117,0.5051546391752577,0.5395189003436426
AFG3L2,0.12858114218264358,0.01875241663875919,12.5,outputs/supplemental_figures/audits/COGNITION_LOOKUP_SELECTED_FOR_SUPPLEMENTAL_NULL.csv,cognition_composite_score,NA,0.12858114218264358,5,0,TRUE,0.7044673539518901,0.718213058419244,0.8694158075601375
AIFM1,0.11107249639895,0.01672917949585444,9.5,outputs/supplemental_figures/audits/COGNITION_LOOKUP_SELECTED_FOR_SUPPLEMENTAL_NULL.csv,cognition_composite_score,NA,0.11107249639895,5,0,TRUE,0.5910652920962199,0.6769759450171822,0.7525773195876289
AK2,-0.0220526211293345,-0.00884374145156332,0.5,outputs/supplemental_figures/audits/COGNITION_LOOKUP_SELECTED_FOR_SUPPLEMENTAL_NULL.csv,cognition_composite_score,NA,0.0220526211293345,2,0,TRUE,0.10309278350515463,0.07216494845360824,0.14432989690721648
AK3,-0.0643293334940378,-0.01425537134456316,0.5,outputs/supplemental_figures/audits/COGNITION_LOOKUP_SELECTED_FOR_SUPPLEMENTAL_NULL.csv,cognition_composite_score,NA,0.0643293334940378,4,0,TRUE,0.041237113402061855,0.03436426116838488,0.14432989690721648
AK4,-0.01182518844354438,-6.18159944441826e-5,0.5,outputs/supplemental_figures/audits/COGNITION_LOOKUP_SELECTED_FOR_SUPPLEMENTAL_NULL.csv,cognition_composite_score,NA,0.01182518844354438,1,0,TRUE,0.12371134020618557,0.18900343642611683,0.14432989690721648
AKR7A2,-0.11862585214220164,-0.0204077995153249,0,outputs/supplemental_figures/audits/COGNITION_LOOKUP_SELECTED_FOR_SUPPLEMENTAL_NULL.csv,cognition_composite_score,NA,0.11862585214220164,5,0,TRUE,0.01718213058419244,0.01718213058419244,0
ALDH18A1,0.00903534583400907,-0.00541482540215055,0.5,outputs/supplemental_figures/audits/COGNITION_LOOKUP_SELECTED_FOR_SUPPLEMENTAL_NULL.csv,cognition_composite_score,NA,0.00903534583400907,1,0,TRUE,0.18556701030927836,0.12027491408934708,0.14432989690721648
ALDH1B1,0.10166169346803132,0.01260531513891501,0.5,outputs/supplemental_figures/audits/COGNITION_LOOKUP_SELECTED_FOR_SUPPLEMENTAL_NULL.csv,cognition_composite_score,NA,0.10166169346803132,5,0,TRUE,0.5532646048109966,0.5360824742268041,0.14432989690721648
ALDH2,0.0361968627861355,0.00811897652644353,0.5,outputs/supplemental_figures/audits/COGNITION_LOOKUP_SELECTED_FOR_SUPPLEMENTAL_NULL.csv,cognition_composite_score,NA,0.0361968627861355,3,0,TRUE,0.27147766323024053,0.3951890034364261,0.14432989690721648
ALDH5A1,0.09062609657304814,0.01372712775362977,1.5,outputs/supplemental_figures/audits/COGNITION_LOOKUP_SELECTED_FOR_SUPPLEMENTAL_NULL.csv,cognition_composite_score,NA,0.09062609657304814,4,0,TRUE,0.5017182130584192,0.5807560137457045,0.44673539518900346
ALDH7A1,-0.05166724368830178,-4.197304486593743e-4,0,outputs/supplemental_figures/audits/COGNITION_LOOKUP_SELECTED_FOR_SUPPLEMENTAL_NULL.csv,cognition_composite_score,NA,0.05166724368830178,3,0,TRUE,0.058419243986254296,0.18213058419243985,0
ALDH9A1,-0.19268921105960535,-0.0336864015601659,0,outputs/supplemental_figures/audits/COGNITION_LOOKUP_SELECTED_FOR_SUPPLEMENTAL_NULL.csv,cognition_composite_score,NA,0.19268921105960535,5,0,TRUE,0.006872852233676976,0.006872852233676976,0
ALYREF,0.00174582019050252,-0.00277871846806686,0,outputs/supplemental_figures/audits/COGNITION_LOOKUP_SELECTED_FOR_SUPPLEMENTAL_NULL.csv,cognition_composite_score,NA,0.00174582019050252,1,0,TRUE,0.16494845360824742,0.15120274914089346,0
ARL2,-0.03473028785720124,-0.00580060073097718,0.5,outputs/supplemental_figures/audits/COGNITION_LOOKUP_SELECTED_FOR_SUPPLEMENTAL_NULL.csv,cognition_composite_score,NA,0.03473028785720124,2,0,TRUE,0.0859106529209622,0.1134020618556701,0.14432989690721648
ATAD3A,0.08961867979454002,0.0105672168972998,12.5,outputs/supplemental_figures/audits/COGNITION_LOOKUP_SELECTED_FOR_SUPPLEMENTAL_NULL.csv,cognition_composite_score,NA,0.08961867979454002,4,0,TRUE,0.49828178694158076,0.4742268041237113,0.8694158075601375
BCAT2,0.03889657109743214,-0.00695041106763002,0.5,outputs/supplemental_figures/audits/COGNITION_LOOKUP_SELECTED_FOR_SUPPLEMENTAL_NULL.csv,cognition_composite_score,NA,0.03889657109743214,3,0,TRUE,0.28865979381443296,0.07903780068728522,0.14432989690721648
BCKDHB,0.03730175528776751,0.0066632408173032,12.5,outputs/supplemental_figures/audits/COGNITION_LOOKUP_SELECTED_FOR_SUPPLEMENTAL_NULL.csv,cognition_composite_score,NA,0.03730175528776751,3,0,TRUE,0.281786941580756,0.3402061855670103,0.8694158075601375
BCKDK,0.10258704148345787,0.01286490156155835,0.5,outputs/supplemental_figures/audits/COGNITION_LOOKUP_SELECTED_FOR_SUPPLEMENTAL_NULL.csv,cognition_composite_score,NA,0.10258704148345787,5,0,TRUE,0.5567010309278351,0.5463917525773195,0.14432989690721648
BCS1L,0.05149818860129921,0.00626789410385012,3.5,outputs/supplemental_figures/audits/COGNITION_LOOKUP_SELECTED_FOR_SUPPLEMENTAL_NULL.csv,cognition_composite_score,NA,0.05149818860129921,3,0,TRUE,0.3436426116838488,0.33676975945017185,0.6219931271477663
C1QBP,0.08065933089199484,0.01358785989076845,0.5,outputs/supplemental_figures/audits/COGNITION_LOOKUP_SELECTED_FOR_SUPPLEMENTAL_NULL.csv,cognition_composite_score,NA,0.08065933089199484,4,0,TRUE,0.45017182130584193,0.570446735395189,0.14432989690721648
CARS2,0.05283232976445155,-7.701121122605545e-4,0.5,outputs/supplemental_figures/audits/COGNITION_LOOKUP_SELECTED_FOR_SUPPLEMENTAL_NULL.csv,cognition_composite_score,NA,0.05283232976445155,3,0,TRUE,0.3470790378006873,0.17525773195876287,0.14432989690721648
CBR4,-0.04662838183233309,-0.0142337151153551,0.5,outputs/supplemental_figures/audits/COGNITION_LOOKUP_SELECTED_FOR_SUPPLEMENTAL_NULL.csv,cognition_composite_score,NA,0.04662838183233309,3,0,TRUE,0.06872852233676977,0.037800687285223365,0.14432989690721648
CCDC90B,-0.01999245463667029,-0.0029530751199691,0,outputs/supplemental_figures/audits/COGNITION_LOOKUP_SELECTED_FOR_SUPPLEMENTAL_NULL.csv,cognition_composite_score,NA,0.01999245463667029,2,0,TRUE,0.10996563573883161,0.14776632302405499,0
CCT3,0.00588562318702158,0.00286158245781362,0,outputs/supplemental_figures/audits/COGNITION_LOOKUP_SELECTED_FOR_SUPPLEMENTAL_NULL.csv,cognition_composite_score,NA,0.00588562318702158,1,0,TRUE,0.17869415807560138,0.2508591065292096,0
CCT6A,0.01376792869756141,0.00324492505531953,0,outputs/supplemental_figures/audits/COGNITION_LOOKUP_SELECTED_FOR_SUPPLEMENTAL_NULL.csv,cognition_composite_score,NA,0.01376792869756141,1,0,TRUE,0.1958762886597938,0.2646048109965636,0
CHCHD1,0.1572125451114117,0.02326228034204567,0.5,outputs/supplemental_figures/audits/COGNITION_LOOKUP_SELECTED_FOR_SUPPLEMENTAL_NULL.csv,cognition_composite_score,NA,0.1572125451114117,5,0,TRUE,0.8213058419243986,0.8247422680412371,0.14432989690721648
CLPP,-0.00742909094408654,-8.392437051906542e-4,0,outputs/supplemental_figures/audits/COGNITION_LOOKUP_SELECTED_FOR_SUPPLEMENTAL_NULL.csv,cognition_composite_score,NA,0.00742909094408654,1,0,TRUE,0.13402061855670103,0.1718213058419244,0
CLPX,-0.06357114838896753,-0.00755258361534413,0.5,outputs/supplemental_figures/audits/COGNITION_LOOKUP_SELECTED_FOR_SUPPLEMENTAL_NULL.csv,cognition_composite_score,NA,0.06357114838896753,4,0,TRUE,0.044673539518900345,0.07560137457044673,0.14432989690721648
CNP,-0.03749307314335558,-1.4087841436879537e-4,0,outputs/supplemental_figures/audits/COGNITION_LOOKUP_SELECTED_FOR_SUPPLEMENTAL_NULL.csv,cognition_composite_score,NA,0.03749307314335558,3,0,TRUE,0.08247422680412371,0.18556701030927836,0
COX4I1,0.1844593336515992,0.02608205890375827,9.5,outputs/supplemental_figures/audits/COGNITION_LOOKUP_SELECTED_FOR_SUPPLEMENTAL_NULL.csv,cognition_composite_score,NA,0.1844593336515992,5,0,TRUE,0.8934707903780069,0.865979381443299,0.7525773195876289
COX7A2L,0.23233696675307935,0.03572630164146341,12.5,outputs/supplemental_figures/audits/COGNITION_LOOKUP_SELECTED_FOR_SUPPLEMENTAL_NULL.csv,cognition_composite_score,NA,0.23233696675307935,5,0,TRUE,0.9862542955326461,0.9759450171821306,0.8694158075601375
CPOX,0.02038176510084296,-0.00159487118269152,1.5,outputs/supplemental_figures/audits/COGNITION_LOOKUP_SELECTED_FOR_SUPPLEMENTAL_NULL.csv,cognition_composite_score,NA,0.02038176510084296,2,0,TRUE,0.2268041237113402,0.16494845360824742,0.44673539518900346
CPT2,0.02028176031105094,-0.00520250185370871,3.5,outputs/supplemental_figures/audits/COGNITION_LOOKUP_SELECTED_FOR_SUPPLEMENTAL_NULL.csv,cognition_composite_score,NA,0.02028176031105094,2,0,TRUE,0.22336769759450173,0.12371134020618557,0.6219931271477663
CRYZ,3.6878971920616506e-4,0.00152231851974034,0,outputs/supplemental_figures/audits/COGNITION_LOOKUP_SELECTED_FOR_SUPPLEMENTAL_NULL.csv,cognition_composite_score,NA,3.6878971920616506e-4,1,0,TRUE,0.15807560137457044,0.2268041237113402,0
CS,0.1593267701013359,0.02547784215368884,12.5,outputs/supplemental_figures/audits/COGNITION_LOOKUP_SELECTED_FOR_SUPPLEMENTAL_NULL.csv,cognition_composite_score,NA,0.1593267701013359,5,0,TRUE,0.8350515463917526,0.8625429553264605,0.8694158075601375
CYC1,0.1855344265120817,0.03137492894056892,9.5,outputs/supplemental_figures/audits/COGNITION_LOOKUP_SELECTED_FOR_SUPPLEMENTAL_NULL.csv,cognition_composite_score,NA,0.1855344265120817,5,0,TRUE,0.8969072164948454,0.9140893470790378,0.7525773195876289
DAP3,0.15912792114643312,0.02337203140918984,9.5,outputs/supplemental_figures/audits/COGNITION_LOOKUP_SELECTED_FOR_SUPPLEMENTAL_NULL.csv,cognition_composite_score,NA,0.15912792114643312,5,0,TRUE,0.8316151202749141,0.8281786941580757,0.7525773195876289
DARS2,0.04672778816180865,0.0024613310860204,0.5,outputs/supplemental_figures/audits/COGNITION_LOOKUP_SELECTED_FOR_SUPPLEMENTAL_NULL.csv,cognition_composite_score,NA,0.04672778816180865,3,0,TRUE,0.3230240549828179,0.23711340206185566,0.14432989690721648
DCXR,0.0056267604973336,5.695294274192196e-4,0.5,outputs/supplemental_figures/audits/COGNITION_LOOKUP_SELECTED_FOR_SUPPLEMENTAL_NULL.csv,cognition_composite_score,NA,0.0056267604973336,1,0,TRUE,0.17525773195876287,0.20962199312714777,0.14432989690721648
DHX30,0.03625159050588697,0.0047746175840357,0.5,outputs/supplemental_figures/audits/COGNITION_LOOKUP_SELECTED_FOR_SUPPLEMENTAL_NULL.csv,cognition_composite_score,NA,0.03625159050588697,3,0,TRUE,0.27491408934707906,0.3127147766323024,0.14432989690721648
DLAT,0.17809709433574142,0.03042429013163324,12.5,outputs/supplemental_figures/audits/COGNITION_LOOKUP_SELECTED_FOR_SUPPLEMENTAL_NULL.csv,cognition_composite_score,NA,0.17809709433574142,5,0,TRUE,0.8797250859106529,0.9003436426116839,0.8694158075601375
DLD,0.17756785253983992,0.02851645050654001,12.5,outputs/supplemental_figures/audits/COGNITION_LOOKUP_SELECTED_FOR_SUPPLEMENTAL_NULL.csv,cognition_composite_score,NA,0.17756785253983992,5,0,TRUE,0.8762886597938144,0.8900343642611683,0.8694158075601375
DLST,0.13710649688969315,0.02102063672749948,9.5,outputs/supplemental_figures/audits/COGNITION_LOOKUP_SELECTED_FOR_SUPPLEMENTAL_NULL.csv,cognition_composite_score,NA,0.13710649688969315,5,0,TRUE,0.7457044673539519,0.7731958762886598,0.7525773195876289
DNAJA3,0.06034940808450397,0.00929120223796481,1.5,outputs/supplemental_figures/audits/COGNITION_LOOKUP_SELECTED_FOR_SUPPLEMENTAL_NULL.csv,cognition_composite_score,NA,0.06034940808450397,3,0,TRUE,0.38144329896907214,0.43986254295532645,0.44673539518900346
EARS2,0.09450781123650762,0.01188409182996901,0.5,outputs/supplemental_figures/audits/COGNITION_LOOKUP_SELECTED_FOR_SUPPLEMENTAL_NULL.csv,cognition_composite_score,NA,0.09450781123650762,4,0,TRUE,0.5292096219931272,0.5189003436426117,0.14432989690721648
ECH1,0.01686804276459447,8.30936072799727e-4,0.5,outputs/supplemental_figures/audits/COGNITION_LOOKUP_SELECTED_FOR_SUPPLEMENTAL_NULL.csv,cognition_composite_score,NA,0.01686804276459447,1,0,TRUE,0.21305841924398625,0.21305841924398625,0.14432989690721648
ECHDC1,-0.02680675820876629,-0.00658417674155282,0.5,outputs/supplemental_figures/audits/COGNITION_LOOKUP_SELECTED_FOR_SUPPLEMENTAL_NULL.csv,cognition_composite_score,NA,0.02680675820876629,2,0,TRUE,0.09621993127147767,0.09965635738831616,0.14432989690721648
ECHS1,0.12253580391564388,0.01937192437891939,9.5,outputs/supplemental_figures/audits/COGNITION_LOOKUP_SELECTED_FOR_SUPPLEMENTAL_NULL.csv,cognition_composite_score,NA,0.12253580391564388,5,0,TRUE,0.6804123711340206,0.738831615120275,0.7525773195876289
ECI1,-0.02437973920151529,-0.00682391059032217,0,outputs/supplemental_figures/audits/COGNITION_LOOKUP_SELECTED_FOR_SUPPLEMENTAL_NULL.csv,cognition_composite_score,NA,0.02437973920151529,2,0,TRUE,0.09965635738831616,0.08934707903780069,0
ECI2,0.03396742702459828,0.00378551566740227,1.5,outputs/supplemental_figures/audits/COGNITION_LOOKUP_SELECTED_FOR_SUPPLEMENTAL_NULL.csv,cognition_composite_score,NA,0.03396742702459828,2,0,TRUE,0.2646048109965636,0.2920962199312715,0.44673539518900346
EEF1A1,-0.12186068372446236,-0.02001038057749994,0,outputs/supplemental_figures/audits/COGNITION_LOOKUP_SELECTED_FOR_SUPPLEMENTAL_NULL.csv,cognition_composite_score,NA,0.12186068372446236,5,0,TRUE,0.013745704467353952,0.020618556701030927,0
EEF1B2,0.06678429143423897,0.011562147186811981,6.5,outputs/supplemental_figures/audits/COGNITION_LOOKUP_SELECTED_FOR_SUPPLEMENTAL_NULL.csv,cognition_composite_score,NA,0.06678429143423897,4,0,TRUE,0.40893470790378006,0.49828178694158076,0.6838487972508591
ENO1,-0.1148463276229314,-0.01604170705996542,0,outputs/supplemental_figures/audits/COGNITION_LOOKUP_SELECTED_FOR_SUPPLEMENTAL_NULL.csv,cognition_composite_score,NA,0.1148463276229314,5,0,TRUE,0.024054982817869417,0.024054982817869417,0
ERAL1,0.11326007481142426,0.01400125481948487,0.5,outputs/supplemental_figures/audits/COGNITION_LOOKUP_SELECTED_FOR_SUPPLEMENTAL_NULL.csv,cognition_composite_score,NA,0.11326007481142426,5,0,TRUE,0.6082474226804123,0.5945017182130584,0.14432989690721648
ETFA,0.06423032501011766,0.01086434699312476,9.5,outputs/supplemental_figures/audits/COGNITION_LOOKUP_SELECTED_FOR_SUPPLEMENTAL_NULL.csv,cognition_composite_score,NA,0.06423032501011766,4,0,TRUE,0.4020618556701031,0.4879725085910653,0.7525773195876289
ETFB,0.06962556800332473,0.0101236215441453,1.5,outputs/supplemental_figures/audits/COGNITION_LOOKUP_SELECTED_FOR_SUPPLEMENTAL_NULL.csv,cognition_composite_score,NA,0.06962556800332473,4,0,TRUE,0.4261168384879725,0.46048109965635736,0.44673539518900346
FAHD1,0.13889504515999834,0.02472194534884773,1.5,outputs/supplemental_figures/audits/COGNITION_LOOKUP_SELECTED_FOR_SUPPLEMENTAL_NULL.csv,cognition_composite_score,NA,0.13889504515999834,5,0,TRUE,0.7560137457044673,0.845360824742268,0.44673539518900346
FASTKD5,0.10981969064526444,0.0151667000131438,2.5,outputs/supplemental_figures/audits/COGNITION_LOOKUP_SELECTED_FOR_SUPPLEMENTAL_NULL.csv,cognition_composite_score,NA,0.10981969064526444,5,0,TRUE,0.584192439862543,0.6391752577319587,0.5395189003436426
FDXR,-0.0859424022542788,-0.01237753849122175,0,outputs/supplemental_figures/audits/COGNITION_LOOKUP_SELECTED_FOR_SUPPLEMENTAL_NULL.csv,cognition_composite_score,NA,0.0859424022542788,4,0,TRUE,0.027491408934707903,0.048109965635738834,0
FECH,0.10318604720659616,0.01457081527523534,0,outputs/supplemental_figures/audits/COGNITION_LOOKUP_SELECTED_FOR_SUPPLEMENTAL_NULL.csv,cognition_composite_score,NA,0.10318604720659616,5,0,TRUE,0.5601374570446735,0.6116838487972509,0
FH,0.08326024154280058,0.01312996390940766,3.5,outputs/supplemental_figures/audits/COGNITION_LOOKUP_SELECTED_FOR_SUPPLEMENTAL_NULL.csv,cognition_composite_score,NA,0.08326024154280058,4,0,TRUE,0.4639175257731959,0.5567010309278351,0.6219931271477663
FLAD1,0.05688094144819319,0.00788268928737288,2.5,outputs/supplemental_figures/audits/COGNITION_LOOKUP_SELECTED_FOR_SUPPLEMENTAL_NULL.csv,cognition_composite_score,NA,0.05688094144819319,3,0,TRUE,0.3642611683848797,0.38831615120274915,0.5395189003436426
FOXRED1,0.22785921724039612,0.03460965594138511,2.5,outputs/supplemental_figures/audits/COGNITION_LOOKUP_SELECTED_FOR_SUPPLEMENTAL_NULL.csv,cognition_composite_score,NA,0.22785921724039612,5,0,TRUE,0.9725085910652921,0.9518900343642611,0.5395189003436426
GADD45GIP1,0.08692268132261516,0.009636008681709,2.5,outputs/supplemental_figures/audits/COGNITION_LOOKUP_SELECTED_FOR_SUPPLEMENTAL_NULL.csv,cognition_composite_score,NA,0.08692268132261516,4,0,TRUE,0.4845360824742268,0.45017182130584193,0.5395189003436426
GAPDH,-0.07909990081897796,-0.01106562710518872,0,outputs/supplemental_figures/audits/COGNITION_LOOKUP_SELECTED_FOR_SUPPLEMENTAL_NULL.csv,cognition_composite_score,NA,0.07909990081897796,4,0,TRUE,0.030927835051546393,0.058419243986254296,0
GCAT,0.05770510801896065,0.00322577440673545,0,outputs/supplemental_figures/audits/COGNITION_LOOKUP_SELECTED_FOR_SUPPLEMENTAL_NULL.csv,cognition_composite_score,NA,0.05770510801896065,3,0,TRUE,0.36769759450171824,0.2611683848797251,0
GFM1,0.11011251124414968,0.01383136772549861,9.5,outputs/supplemental_figures/audits/COGNITION_LOOKUP_SELECTED_FOR_SUPPLEMENTAL_NULL.csv,cognition_composite_score,NA,0.11011251124414968,5,0,TRUE,0.5876288659793815,0.584192439862543,0.7525773195876289
GFM2,0.13714325494804988,0.02350283362147625,0.5,outputs/supplemental_figures/audits/COGNITION_LOOKUP_SELECTED_FOR_SUPPLEMENTAL_NULL.csv,cognition_composite_score,NA,0.13714325494804988,5,0,TRUE,0.7491408934707904,0.8316151202749141,0.14432989690721648
GLDC,0.05794371510249214,0.00528482002804358,0.5,outputs/supplemental_figures/audits/COGNITION_LOOKUP_SELECTED_FOR_SUPPLEMENTAL_NULL.csv,cognition_composite_score,NA,0.05794371510249214,3,0,TRUE,0.3711340206185567,0.3161512027491409,0.14432989690721648
GLRX5,0.13874003496503445,0.01660620142008241,0.5,outputs/supplemental_figures/audits/COGNITION_LOOKUP_SELECTED_FOR_SUPPLEMENTAL_NULL.csv,cognition_composite_score,NA,0.13874003496503445,5,0,TRUE,0.7525773195876289,0.6735395189003437,0.14432989690721648
GLS,0.14242319224265196,0.01964242103236789,4.5,outputs/supplemental_figures/audits/COGNITION_LOOKUP_SELECTED_FOR_SUPPLEMENTAL_NULL.csv,cognition_composite_score,NA,0.14242319224265196,5,0,TRUE,0.7697594501718213,0.7525773195876289,0.6563573883161512
GLUD1,-0.03759140323811299,-0.00893456990563154,0.5,outputs/supplemental_figures/audits/COGNITION_LOOKUP_SELECTED_FOR_SUPPLEMENTAL_NULL.csv,cognition_composite_score,NA,0.03759140323811299,3,0,TRUE,0.07903780068728522,0.06872852233676977,0.14432989690721648
GNG12,-0.3189240770082609,-0.05430997756098021,0,outputs/supplemental_figures/audits/COGNITION_LOOKUP_SELECTED_FOR_SUPPLEMENTAL_NULL.csv,cognition_composite_score,NA,0.3189240770082609,5,0,TRUE,0,0,0
GOT2,0.06382475893483781,0.01391162053849644,0,outputs/supplemental_figures/audits/COGNITION_LOOKUP_SELECTED_FOR_SUPPLEMENTAL_NULL.csv,cognition_composite_score,NA,0.06382475893483781,4,0,TRUE,0.39862542955326463,0.5876288659793815,0
GPT2,0.01397723158387908,0.00351453759347622,1.5,outputs/supplemental_figures/audits/COGNITION_LOOKUP_SELECTED_FOR_SUPPLEMENTAL_NULL.csv,cognition_composite_score,NA,0.01397723158387908,1,0,TRUE,0.19931271477663232,0.27491408934707906,0.44673539518900346
GRPEL1,0.0668204082407202,0.0102174592405112,0.5,outputs/supplemental_figures/audits/COGNITION_LOOKUP_SELECTED_FOR_SUPPLEMENTAL_NULL.csv,cognition_composite_score,NA,0.0668204082407202,4,0,TRUE,0.41237113402061853,0.4639175257731959,0.14432989690721648
GRSF1,0.05868365987329362,0.007173721540947,1.5,outputs/supplemental_figures/audits/COGNITION_LOOKUP_SELECTED_FOR_SUPPLEMENTAL_NULL.csv,cognition_composite_score,NA,0.05868365987329362,3,0,TRUE,0.37800687285223367,0.3539518900343643,0.44673539518900346
GSR,-0.01744086016151981,-0.0061560495079788,0,outputs/supplemental_figures/audits/COGNITION_LOOKUP_SELECTED_FOR_SUPPLEMENTAL_NULL.csv,cognition_composite_score,NA,0.01744086016151981,2,0,TRUE,0.11683848797250859,0.10652920962199312,0
GSTK1,0.09523523063465009,0.01569421854627605,12.5,outputs/supplemental_figures/audits/COGNITION_LOOKUP_SELECTED_FOR_SUPPLEMENTAL_NULL.csv,cognition_composite_score,NA,0.09523523063465009,4,0,TRUE,0.5360824742268041,0.6632302405498282,0.8694158075601375
GUF1,0.1158483875190465,0.01821078099655467,0.5,outputs/supplemental_figures/audits/COGNITION_LOOKUP_SELECTED_FOR_SUPPLEMENTAL_NULL.csv,cognition_composite_score,NA,0.1158483875190465,5,0,TRUE,0.6323024054982818,0.7044673539518901,0.14432989690721648
HADH,0.01886763774815771,0.00108065801551108,0.5,outputs/supplemental_figures/audits/COGNITION_LOOKUP_SELECTED_FOR_SUPPLEMENTAL_NULL.csv,cognition_composite_score,NA,0.01886763774815771,2,0,TRUE,0.21649484536082475,0.21993127147766323,0.14432989690721648
HADHA,-0.05908365157086338,-0.01199440156283177,1.5,outputs/supplemental_figures/audits/COGNITION_LOOKUP_SELECTED_FOR_SUPPLEMENTAL_NULL.csv,cognition_composite_score,NA,0.05908365157086338,3,0,TRUE,0.05154639175257732,0.05154639175257732,0.44673539518900346
HADHB,-0.05290892352220345,-0.01047322465822986,6.5,outputs/supplemental_figures/audits/COGNITION_LOOKUP_SELECTED_FOR_SUPPLEMENTAL_NULL.csv,cognition_composite_score,NA,0.05290892352220345,3,0,TRUE,0.054982817869415807,0.061855670103092786,0.6838487972508591
HAGH,0.04989552233445373,0.00896681939868874,0.5,outputs/supplemental_figures/audits/COGNITION_LOOKUP_SELECTED_FOR_SUPPLEMENTAL_NULL.csv,cognition_composite_score,NA,0.04989552233445373,3,0,TRUE,0.33676975945017185,0.42955326460481097,0.14432989690721648
HARS,0.04263643898640434,0.00727029089906818,0.5,outputs/supplemental_figures/audits/COGNITION_LOOKUP_SELECTED_FOR_SUPPLEMENTAL_NULL.csv,cognition_composite_score,NA,0.04263643898640434,3,0,TRUE,0.3024054982817869,0.36082474226804123,0.14432989690721648
HARS2,-0.0074031981965499,-0.0062933356140399,0.5,outputs/supplemental_figures/audits/COGNITION_LOOKUP_SELECTED_FOR_SUPPLEMENTAL_NULL.csv,cognition_composite_score,NA,0.0074031981965499,1,0,TRUE,0.13745704467353953,0.10309278350515463,0.14432989690721648
HIBCH,0.00680152534748818,-0.00569923098338677,2.5,outputs/supplemental_figures/audits/COGNITION_LOOKUP_SELECTED_FOR_SUPPLEMENTAL_NULL.csv,cognition_composite_score,NA,0.00680152534748818,1,0,TRUE,0.18213058419243985,0.11683848797250859,0.5395189003436426
HINT2,0.0967927608087842,0.01174764350247297,0.5,outputs/supplemental_figures/audits/COGNITION_LOOKUP_SELECTED_FOR_SUPPLEMENTAL_NULL.csv,cognition_composite_score,NA,0.0967927608087842,4,0,TRUE,0.5429553264604811,0.5120274914089347,0.14432989690721648
HSD17B10,-1.9465352535650565e-4,1.9076596547773947e-4,1.5,outputs/supplemental_figures/audits/COGNITION_LOOKUP_SELECTED_FOR_SUPPLEMENTAL_NULL.csv,cognition_composite_score,NA,1.9465352535650565e-4,1,0,TRUE,0.15120274914089346,0.1958762886597938,0.44673539518900346
HSD17B8,-0.04544567910691965,-0.01278735871742005,0.5,outputs/supplemental_figures/audits/COGNITION_LOOKUP_SELECTED_FOR_SUPPLEMENTAL_NULL.csv,cognition_composite_score,NA,0.04544567910691965,3,0,TRUE,0.07216494845360824,0.044673539518900345,0.14432989690721648
HSP90AA1,-0.01202536606378713,-0.00297667162917878,0,outputs/supplemental_figures/audits/COGNITION_LOOKUP_SELECTED_FOR_SUPPLEMENTAL_NULL.csv,cognition_composite_score,NA,0.01202536606378713,1,0,TRUE,0.12027491408934708,0.14432989690721648,0
HSP90AB1,-0.02154454402251352,-0.00611024104457206,0.5,outputs/supplemental_figures/audits/COGNITION_LOOKUP_SELECTED_FOR_SUPPLEMENTAL_NULL.csv,cognition_composite_score,NA,0.02154454402251352,2,0,TRUE,0.10652920962199312,0.10996563573883161,0.14432989690721648
HSPA5,-0.00205875876777258,-0.00253116873254908,0.5,outputs/supplemental_figures/audits/COGNITION_LOOKUP_SELECTED_FOR_SUPPLEMENTAL_NULL.csv,cognition_composite_score,NA,0.00205875876777258,1,0,TRUE,0.140893470790378,0.15807560137457044,0.14432989690721648
HSPA9,0.07084024129412318,0.00987588497110241,3.5,outputs/supplemental_figures/audits/COGNITION_LOOKUP_SELECTED_FOR_SUPPLEMENTAL_NULL.csv,cognition_composite_score,NA,0.07084024129412318,4,0,TRUE,0.42955326460481097,0.4570446735395189,0.6219931271477663
IARS2,0.08451296579695207,0.01195170154641945,12.5,outputs/supplemental_figures/audits/COGNITION_LOOKUP_SELECTED_FOR_SUPPLEMENTAL_NULL.csv,cognition_composite_score,NA,0.08451296579695207,4,0,TRUE,0.4742268041237113,0.5223367697594502,0.8694158075601375
IBA57,0.07434274059604716,0.00822732678381332,0,outputs/supplemental_figures/audits/COGNITION_LOOKUP_SELECTED_FOR_SUPPLEMENTAL_NULL.csv,cognition_composite_score,NA,0.07434274059604716,4,0,TRUE,0.4329896907216495,0.40893470790378006,0
IDH2,0.14100757022336208,0.02029064096892082,9.5,outputs/supplemental_figures/audits/COGNITION_LOOKUP_SELECTED_FOR_SUPPLEMENTAL_NULL.csv,cognition_composite_score,NA,0.14100757022336208,5,0,TRUE,0.7628865979381443,0.7663230240549829,0.7525773195876289
IDH3A,0.18165532262175185,0.02733332904688161,9.5,outputs/supplemental_figures/audits/COGNITION_LOOKUP_SELECTED_FOR_SUPPLEMENTAL_NULL.csv,cognition_composite_score,NA,0.18165532262175185,5,0,TRUE,0.8900343642611683,0.8797250859106529,0.7525773195876289
IDH3G,0.17025574137831478,0.02473000677545257,1.5,outputs/supplemental_figures/audits/COGNITION_LOOKUP_SELECTED_FOR_SUPPLEMENTAL_NULL.csv,cognition_composite_score,NA,0.17025574137831478,5,0,TRUE,0.8625429553264605,0.8487972508591065,0.44673539518900346
IGHG2,-0.25604108421384036,-0.05052992361216706,0,outputs/supplemental_figures/audits/COGNITION_LOOKUP_SELECTED_FOR_SUPPLEMENTAL_NULL.csv,cognition_composite_score,NA,0.25604108421384036,5,0,TRUE,0.003436426116838488,0.003436426116838488,0
IMMT,0.14145047683019843,0.02151190441165205,9.5,outputs/supplemental_figures/audits/COGNITION_LOOKUP_SELECTED_FOR_SUPPLEMENTAL_NULL.csv,cognition_composite_score,NA,0.14145047683019843,5,0,TRUE,0.7663230240549829,0.7903780068728522,0.7525773195876289
KIAA0391,0.1256137607078792,0.01499803324481492,0.5,outputs/supplemental_figures/audits/COGNITION_LOOKUP_SELECTED_FOR_SUPPLEMENTAL_NULL.csv,cognition_composite_score,NA,0.1256137607078792,5,0,TRUE,0.697594501718213,0.6323024054982818,0.14432989690721648
KPNB1,-0.05119198710763432,-0.00664933979288642,0,outputs/supplemental_figures/audits/COGNITION_LOOKUP_SELECTED_FOR_SUPPLEMENTAL_NULL.csv,cognition_composite_score,NA,0.05119198710763432,3,0,TRUE,0.061855670103092786,0.09621993127147767,0
LAP3,-0.1406285508862888,-0.03226790791889568,0.5,outputs/supplemental_figures/audits/COGNITION_LOOKUP_SELECTED_FOR_SUPPLEMENTAL_NULL.csv,cognition_composite_score,NA,0.1406285508862888,5,0,TRUE,0.010309278350515464,0.010309278350515464,0.14432989690721648
LETM1,0.11617590949145964,0.01882994345061713,0.5,outputs/supplemental_figures/audits/COGNITION_LOOKUP_SELECTED_FOR_SUPPLEMENTAL_NULL.csv,cognition_composite_score,NA,0.11617590949145964,5,0,TRUE,0.6391752577319587,0.7250859106529209,0.14432989690721648
LONP1,0.06156131639106396,0.00689793433746937,0.5,outputs/supplemental_figures/audits/COGNITION_LOOKUP_SELECTED_FOR_SUPPLEMENTAL_NULL.csv,cognition_composite_score,NA,0.06156131639106396,4,0,TRUE,0.38831615120274915,0.3470790378006873,0.14432989690721648
LRPPRC,0.21251296730943664,0.0316879682091799,12.5,outputs/supplemental_figures/audits/COGNITION_LOOKUP_SELECTED_FOR_SUPPLEMENTAL_NULL.csv,cognition_composite_score,NA,0.21251296730943664,5,0,TRUE,0.9450171821305842,0.9209621993127147,0.8694158075601375
LYRM7,0.122091337830024,0.019319103747765302,2.5,outputs/supplemental_figures/audits/COGNITION_LOOKUP_SELECTED_FOR_SUPPLEMENTAL_NULL.csv,cognition_composite_score,NA,0.122091337830024,5,0,TRUE,0.6735395189003437,0.7319587628865979,0.5395189003436426
MARS2,0.0969017912214162,0.01534177920725079,0,outputs/supplemental_figures/audits/COGNITION_LOOKUP_SELECTED_FOR_SUPPLEMENTAL_NULL.csv,cognition_composite_score,NA,0.0969017912214162,4,0,TRUE,0.5463917525773195,0.6460481099656358,0
MCCC2,0.0166644170928727,0.00126210672984187,0.5,outputs/supplemental_figures/audits/COGNITION_LOOKUP_SELECTED_FOR_SUPPLEMENTAL_NULL.csv,cognition_composite_score,NA,0.0166644170928727,1,0,TRUE,0.20962199312714777,0.22336769759450173,0.14432989690721648
MDH2,0.16959840398227857,0.02959714478250751,0.5,outputs/supplemental_figures/audits/COGNITION_LOOKUP_SELECTED_FOR_SUPPLEMENTAL_NULL.csv,cognition_composite_score,NA,0.16959840398227857,5,0,TRUE,0.8556701030927835,0.8934707903780069,0.14432989690721648
ME2,0.04574717192485296,0.00354025394989559,2.5,outputs/supplemental_figures/audits/COGNITION_LOOKUP_SELECTED_FOR_SUPPLEMENTAL_NULL.csv,cognition_composite_score,NA,0.04574717192485296,3,0,TRUE,0.3161512027491409,0.27835051546391754,0.5395189003436426
METTL17,0.1040558476027565,0.01492146890391668,0,outputs/supplemental_figures/audits/COGNITION_LOOKUP_SELECTED_FOR_SUPPLEMENTAL_NULL.csv,cognition_composite_score,NA,0.1040558476027565,5,0,TRUE,0.563573883161512,0.6288659793814433,0
MIPEP,0.04569743484710105,0.00371032909226519,2.5,outputs/supplemental_figures/audits/COGNITION_LOOKUP_SELECTED_FOR_SUPPLEMENTAL_NULL.csv,cognition_composite_score,NA,0.04569743484710105,3,0,TRUE,0.3127147766323024,0.2852233676975945,0.5395189003436426
MMAB,0.01983427937343712,4.8242205167224096e-4,0,outputs/supplemental_figures/audits/COGNITION_LOOKUP_SELECTED_FOR_SUPPLEMENTAL_NULL.csv,cognition_composite_score,NA,0.01983427937343712,2,0,TRUE,0.21993127147766323,0.19931271477663232,0
MOGS,0.01468441711389943,0.00309801935659818,0.5,outputs/supplemental_figures/audits/COGNITION_LOOKUP_SELECTED_FOR_SUPPLEMENTAL_NULL.csv,cognition_composite_score,NA,0.01468441711389943,1,0,TRUE,0.2027491408934708,0.25773195876288657,0.14432989690721648
MRPL10,0.15241908274391358,0.02398612664608704,0.5,outputs/supplemental_figures/audits/COGNITION_LOOKUP_SELECTED_FOR_SUPPLEMENTAL_NULL.csv,cognition_composite_score,NA,0.15241908274391358,5,0,TRUE,0.8075601374570447,0.8384879725085911,0.14432989690721648
MRPL13,0.11288064954802872,0.015280466729448,2.5,outputs/supplemental_figures/audits/COGNITION_LOOKUP_SELECTED_FOR_SUPPLEMENTAL_NULL.csv,cognition_composite_score,NA,0.11288064954802872,5,0,TRUE,0.6013745704467354,0.6426116838487973,0.5395189003436426
MRPL14,0.162787874871331,0.02302272310226337,9.5,outputs/supplemental_figures/audits/COGNITION_LOOKUP_SELECTED_FOR_SUPPLEMENTAL_NULL.csv,cognition_composite_score,NA,0.162787874871331,5,0,TRUE,0.8419243986254296,0.8109965635738832,0.7525773195876289
MRPL15,0.14270871348914677,0.01711100217703474,9.5,outputs/supplemental_figures/audits/COGNITION_LOOKUP_SELECTED_FOR_SUPPLEMENTAL_NULL.csv,cognition_composite_score,NA,0.14270871348914677,5,0,TRUE,0.7731958762886598,0.6804123711340206,0.7525773195876289
MRPL16,0.12311564603289751,0.01342061215545223,2.5,outputs/supplemental_figures/audits/COGNITION_LOOKUP_SELECTED_FOR_SUPPLEMENTAL_NULL.csv,cognition_composite_score,NA,0.12311564603289751,5,0,TRUE,0.6907216494845361,0.5670103092783505,0.5395189003436426
MRPL19,0.13394329002992608,0.01367397278955465,9.5,outputs/supplemental_figures/audits/COGNITION_LOOKUP_SELECTED_FOR_SUPPLEMENTAL_NULL.csv,cognition_composite_score,NA,0.13394329002992608,5,0,TRUE,0.7319587628865979,0.5773195876288659,0.7525773195876289
MRPL22,0.10453248077418131,0.00775026688500977,6.5,outputs/supplemental_figures/audits/COGNITION_LOOKUP_SELECTED_FOR_SUPPLEMENTAL_NULL.csv,cognition_composite_score,NA,0.10453248077418131,5,0,TRUE,0.570446735395189,0.38144329896907214,0.6838487972508591
MRPL23,0.11446218141306104,0.01569077416470021,0.5,outputs/supplemental_figures/audits/COGNITION_LOOKUP_SELECTED_FOR_SUPPLEMENTAL_NULL.csv,cognition_composite_score,NA,0.11446218141306104,5,0,TRUE,0.6219931271477663,0.6597938144329897,0.14432989690721648
MRPL3,0.15436081178503075,0.0174244114270484,2.5,outputs/supplemental_figures/audits/COGNITION_LOOKUP_SELECTED_FOR_SUPPLEMENTAL_NULL.csv,cognition_composite_score,NA,0.15436081178503075,5,0,TRUE,0.8144329896907216,0.6907216494845361,0.5395189003436426
MRPL37,0.11956505740746094,0.01312696421306685,9.5,outputs/supplemental_figures/audits/COGNITION_LOOKUP_SELECTED_FOR_SUPPLEMENTAL_NULL.csv,cognition_composite_score,NA,0.11956505740746094,5,0,TRUE,0.6597938144329897,0.5532646048109966,0.7525773195876289
MRPL38,0.12979229040715334,0.01427334319211916,0,outputs/supplemental_figures/audits/COGNITION_LOOKUP_SELECTED_FOR_SUPPLEMENTAL_NULL.csv,cognition_composite_score,NA,0.12979229040715334,5,0,TRUE,0.7079037800687286,0.6048109965635738,0
MRPL39,0.12396691742437546,0.01459718331348908,12.5,outputs/supplemental_figures/audits/COGNITION_LOOKUP_SELECTED_FOR_SUPPLEMENTAL_NULL.csv,cognition_composite_score,NA,0.12396691742437546,5,0,TRUE,0.6941580756013745,0.6151202749140894,0.8694158075601375
MRPL4,0.13255989853062922,0.01424179037609802,2,outputs/supplemental_figures/audits/COGNITION_LOOKUP_SELECTED_FOR_SUPPLEMENTAL_NULL.csv,cognition_composite_score,NA,0.13255989853062922,5,0,TRUE,0.718213058419244,0.6013745704467354,0.5360824742268041
MRPL44,0.1140255359100337,0.01362710426453664,12.5,outputs/supplemental_figures/audits/COGNITION_LOOKUP_SELECTED_FOR_SUPPLEMENTAL_NULL.csv,cognition_composite_score,NA,0.1140255359100337,5,0,TRUE,0.6151202749140894,0.5738831615120275,0.8694158075601375
MRPL45,0.1167319121848845,0.0120798183464802,9.5,outputs/supplemental_figures/audits/COGNITION_LOOKUP_SELECTED_FOR_SUPPLEMENTAL_NULL.csv,cognition_composite_score,NA,0.1167319121848845,5,0,TRUE,0.6460481099656358,0.5257731958762887,0.7525773195876289
MRPL47,0.12306013090109606,0.00771215302819726,12.5,outputs/supplemental_figures/audits/COGNITION_LOOKUP_SELECTED_FOR_SUPPLEMENTAL_NULL.csv,cognition_composite_score,NA,0.12306013090109606,5,0,TRUE,0.6872852233676976,0.37800687285223367,0.8694158075601375
MRPL48,0.1369396557386784,0.01467425785560253,9.5,outputs/supplemental_figures/audits/COGNITION_LOOKUP_SELECTED_FOR_SUPPLEMENTAL_NULL.csv,cognition_composite_score,NA,0.1369396557386784,5,0,TRUE,0.7422680412371134,0.6219931271477663,0.7525773195876289
MRPL49,0.1184197079524643,0.01331036939313976,12.5,outputs/supplemental_figures/audits/COGNITION_LOOKUP_SELECTED_FOR_SUPPLEMENTAL_NULL.csv,cognition_composite_score,NA,0.1184197079524643,5,0,TRUE,0.6529209621993127,0.5601374570446735,0.8694158075601375
MRPL53,0.10907116693298632,0.01307178763534695,9.5,outputs/supplemental_figures/audits/COGNITION_LOOKUP_SELECTED_FOR_SUPPLEMENTAL_NULL.csv,cognition_composite_score,NA,0.10907116693298632,5,0,TRUE,0.5807560137457045,0.5498281786941581,0.7525773195876289
MRPL9,0.14782903143520906,0.01604915669920184,9.5,outputs/supplemental_figures/audits/COGNITION_LOOKUP_SELECTED_FOR_SUPPLEMENTAL_NULL.csv,cognition_composite_score,NA,0.14782903143520906,5,0,TRUE,0.7903780068728522,0.6666666666666666,0.7525773195876289
MRPS12,0.15022993850153324,0.01810437363212954,0.5,outputs/supplemental_figures/audits/COGNITION_LOOKUP_SELECTED_FOR_SUPPLEMENTAL_NULL.csv,cognition_composite_score,NA,0.15022993850153324,5,0,TRUE,0.7972508591065293,0.7010309278350515,0.14432989690721648
MRPS15,0.14715844536939485,0.01741277827638502,2.5,outputs/supplemental_figures/audits/COGNITION_LOOKUP_SELECTED_FOR_SUPPLEMENTAL_NULL.csv,cognition_composite_score,NA,0.14715844536939485,5,0,TRUE,0.7835051546391752,0.6872852233676976,0.5395189003436426
MRPS16,0.19421162434927697,0.02661306602209774,5.5,outputs/supplemental_figures/audits/COGNITION_LOOKUP_SELECTED_FOR_SUPPLEMENTAL_NULL.csv,cognition_composite_score,NA,0.19421162434927697,5,0,TRUE,0.9072164948453608,0.872852233676976,0.6632302405498282
MRPS2,0.0764927609791699,0.00941053002346272,1.5,outputs/supplemental_figures/audits/COGNITION_LOOKUP_SELECTED_FOR_SUPPLEMENTAL_NULL.csv,cognition_composite_score,NA,0.0764927609791699,4,0,TRUE,0.436426116838488,0.44329896907216493,0.44673539518900346
MRPS22,0.1711014173656209,0.02184195228377112,9.5,outputs/supplemental_figures/audits/COGNITION_LOOKUP_SELECTED_FOR_SUPPLEMENTAL_NULL.csv,cognition_composite_score,NA,0.1711014173656209,5,0,TRUE,0.8694158075601375,0.7972508591065293,0.7525773195876289
MRPS23,0.17139706502552218,0.02312426228547163,12.5,outputs/supplemental_figures/audits/COGNITION_LOOKUP_SELECTED_FOR_SUPPLEMENTAL_NULL.csv,cognition_composite_score,NA,0.17139706502552218,5,0,TRUE,0.872852233676976,0.8178694158075601,0.8694158075601375
MRPS25,0.13372552997401674,0.01747624546599333,3.5,outputs/supplemental_figures/audits/COGNITION_LOOKUP_SELECTED_FOR_SUPPLEMENTAL_NULL.csv,cognition_composite_score,NA,0.13372552997401674,5,0,TRUE,0.7285223367697594,0.6941580756013745,0.6219931271477663
MRPS26,0.08908224086011932,0.00979556735007634,3.5,outputs/supplemental_figures/audits/COGNITION_LOOKUP_SELECTED_FOR_SUPPLEMENTAL_NULL.csv,cognition_composite_score,NA,0.08908224086011932,4,0,TRUE,0.49140893470790376,0.4536082474226804,0.6219931271477663
MRPS27,0.1575527836190342,0.02122291723508657,6.5,outputs/supplemental_figures/audits/COGNITION_LOOKUP_SELECTED_FOR_SUPPLEMENTAL_NULL.csv,cognition_composite_score,NA,0.1575527836190342,5,0,TRUE,0.8247422680412371,0.7800687285223368,0.6838487972508591
MRPS30,0.11704173349493052,0.01286160941879186,8.5,outputs/supplemental_figures/audits/COGNITION_LOOKUP_SELECTED_FOR_SUPPLEMENTAL_NULL.csv,cognition_composite_score,NA,0.11704173349493052,5,0,TRUE,0.6494845360824743,0.5429553264604811,0.7319587628865979
MRPS31,0.1440247665319908,0.01848349137056944,2.5,outputs/supplemental_figures/audits/COGNITION_LOOKUP_SELECTED_FOR_SUPPLEMENTAL_NULL.csv,cognition_composite_score,NA,0.1440247665319908,5,0,TRUE,0.7800687285223368,0.711340206185567,0.5395189003436426
MRPS33,0.11275411202474622,0.01081931437600965,3.5,outputs/supplemental_figures/audits/COGNITION_LOOKUP_SELECTED_FOR_SUPPLEMENTAL_NULL.csv,cognition_composite_score,NA,0.11275411202474622,5,0,TRUE,0.5979381443298969,0.4845360824742268,0.6219931271477663
MRPS34,0.1402282074054229,0.01169034821534405,5.5,outputs/supplemental_figures/audits/COGNITION_LOOKUP_SELECTED_FOR_SUPPLEMENTAL_NULL.csv,cognition_composite_score,NA,0.1402282074054229,5,0,TRUE,0.7594501718213058,0.5085910652920962,0.6632302405498282
MRPS35,0.15826280218157204,0.01923709446657376,12.5,outputs/supplemental_figures/audits/COGNITION_LOOKUP_SELECTED_FOR_SUPPLEMENTAL_NULL.csv,cognition_composite_score,NA,0.15826280218157204,5,0,TRUE,0.8281786941580757,0.7285223367697594,0.8694158075601375
MRPS36,0.15040081570756922,0.02246941171908487,12.5,outputs/supplemental_figures/audits/COGNITION_LOOKUP_SELECTED_FOR_SUPPLEMENTAL_NULL.csv,cognition_composite_score,NA,0.15040081570756922,5,0,TRUE,0.8006872852233677,0.8041237113402062,0.8694158075601375
MRPS5,0.09394033662405106,0.00904528313430299,3.5,outputs/supplemental_figures/audits/COGNITION_LOOKUP_SELECTED_FOR_SUPPLEMENTAL_NULL.csv,cognition_composite_score,NA,0.09394033662405106,4,0,TRUE,0.5223367697594502,0.4329896907216495,0.6219931271477663
MRPS6,0.06902872667018721,0.0071558431306248,2.5,outputs/supplemental_figures/audits/COGNITION_LOOKUP_SELECTED_FOR_SUPPLEMENTAL_NULL.csv,cognition_composite_score,NA,0.06902872667018721,4,0,TRUE,0.422680412371134,0.35051546391752575,0.5395189003436426
MRPS9,0.17052612552796492,0.02178779639304093,9.5,outputs/supplemental_figures/audits/COGNITION_LOOKUP_SELECTED_FOR_SUPPLEMENTAL_NULL.csv,cognition_composite_score,NA,0.17052612552796492,5,0,TRUE,0.865979381443299,0.7938144329896907,0.7525773195876289
MT-ATP6,0.1512597974374697,0.02283159808680485,0.5,outputs/supplemental_figures/audits/COGNITION_LOOKUP_SELECTED_FOR_SUPPLEMENTAL_NULL.csv,cognition_composite_score,NA,0.1512597974374697,5,0,TRUE,0.8041237113402062,0.8075601374570447,0.14432989690721648
MT-CO2,0.2051270238777358,0.03094770188292257,8.5,outputs/supplemental_figures/audits/COGNITION_LOOKUP_SELECTED_FOR_SUPPLEMENTAL_NULL.csv,cognition_composite_score,NA,0.2051270238777358,5,0,TRUE,0.9243986254295533,0.9072164948453608,0.7319587628865979
MTG1,0.08473608090777832,0.01027341830111445,0.5,outputs/supplemental_figures/audits/COGNITION_LOOKUP_SELECTED_FOR_SUPPLEMENTAL_NULL.csv,cognition_composite_score,NA,0.08473608090777832,4,0,TRUE,0.47766323024054985,0.46735395189003437,0.14432989690721648
MTHFD1L,0.06321988795213143,0.00825025167380551,0.5,outputs/supplemental_figures/audits/COGNITION_LOOKUP_SELECTED_FOR_SUPPLEMENTAL_NULL.csv,cognition_composite_score,NA,0.06321988795213143,4,0,TRUE,0.3951890034364261,0.41237113402061853,0.14432989690721648
MTO1,0.0811070557030744,0.00870566043844658,0.5,outputs/supplemental_figures/audits/COGNITION_LOOKUP_SELECTED_FOR_SUPPLEMENTAL_NULL.csv,cognition_composite_score,NA,0.0811070557030744,4,0,TRUE,0.4536082474226804,0.422680412371134,0.14432989690721648
MTPAP,0.08375099779656715,0.007403034795382,0.5,outputs/supplemental_figures/audits/COGNITION_LOOKUP_SELECTED_FOR_SUPPLEMENTAL_NULL.csv,cognition_composite_score,NA,0.08375099779656715,4,0,TRUE,0.47079037800687284,0.36769759450171824,0.14432989690721648
NADK2,-0.07112968578079147,-0.01562065001731569,0,outputs/supplemental_figures/audits/COGNITION_LOOKUP_SELECTED_FOR_SUPPLEMENTAL_NULL.csv,cognition_composite_score,NA,0.07112968578079147,4,0,TRUE,0.037800687285223365,0.030927835051546393,0
NARS2,-0.01786144477503982,-0.00407493132652129,0,outputs/supplemental_figures/audits/COGNITION_LOOKUP_SELECTED_FOR_SUPPLEMENTAL_NULL.csv,cognition_composite_score,NA,0.01786144477503982,2,0,TRUE,0.1134020618556701,0.13058419243986255,0
NDUFA10,0.20650065711687032,0.03305191357805854,9.5,outputs/supplemental_figures/audits/COGNITION_LOOKUP_SELECTED_FOR_SUPPLEMENTAL_NULL.csv,cognition_composite_score,NA,0.20650065711687032,5,0,TRUE,0.9312714776632303,0.9312714776632303,0.7525773195876289
NDUFA13,0.21504097517672724,0.03376630111651595,12.5,outputs/supplemental_figures/audits/COGNITION_LOOKUP_SELECTED_FOR_SUPPLEMENTAL_NULL.csv,cognition_composite_score,NA,0.21504097517672724,5,0,TRUE,0.9553264604810997,0.9381443298969072,0.8694158075601375
NDUFA2,0.2517310188572606,0.03803706433158122,12.5,outputs/supplemental_figures/audits/COGNITION_LOOKUP_SELECTED_FOR_SUPPLEMENTAL_NULL.csv,cognition_composite_score,NA,0.2517310188572606,5,0,TRUE,1,1,0.8694158075601375
NDUFA4,0.22794611371873383,0.0348921701501619,9.5,outputs/supplemental_figures/audits/COGNITION_LOOKUP_SELECTED_FOR_SUPPLEMENTAL_NULL.csv,cognition_composite_score,NA,0.22794611371873383,5,0,TRUE,0.9759450171821306,0.9587628865979382,0.7525773195876289
NDUFA6,0.2388156316127979,0.03791788551411218,9.5,outputs/supplemental_figures/audits/COGNITION_LOOKUP_SELECTED_FOR_SUPPLEMENTAL_NULL.csv,cognition_composite_score,NA,0.2388156316127979,5,0,TRUE,0.993127147766323,0.9965635738831615,0.7525773195876289
NDUFA8,0.2156163302429066,0.0341216251229292,12.5,outputs/supplemental_figures/audits/COGNITION_LOOKUP_SELECTED_FOR_SUPPLEMENTAL_NULL.csv,cognition_composite_score,NA,0.2156163302429066,5,0,TRUE,0.9587628865979382,0.9450171821305842,0.8694158075601375
NDUFA9,0.22344765560443736,0.03603341094517547,1.5,outputs/supplemental_figures/audits/COGNITION_LOOKUP_SELECTED_FOR_SUPPLEMENTAL_NULL.csv,cognition_composite_score,NA,0.22344765560443736,5,0,TRUE,0.9690721649484536,0.9896907216494846,0.44673539518900346
NDUFAF3,0.15264693402315574,0.02491896244112341,0.5,outputs/supplemental_figures/audits/COGNITION_LOOKUP_SELECTED_FOR_SUPPLEMENTAL_NULL.csv,cognition_composite_score,NA,0.15264693402315574,5,0,TRUE,0.8109965635738832,0.8556701030927835,0.14432989690721648
NDUFAF7,0.16097136971229203,0.02102865534491055,12.5,outputs/supplemental_figures/audits/COGNITION_LOOKUP_SELECTED_FOR_SUPPLEMENTAL_NULL.csv,cognition_composite_score,NA,0.16097136971229203,5,0,TRUE,0.8384879725085911,0.7766323024054983,0.8694158075601375
NDUFB1,0.2012443881976464,0.03757479988746329,12.5,outputs/supplemental_figures/audits/COGNITION_LOOKUP_SELECTED_FOR_SUPPLEMENTAL_NULL.csv,cognition_composite_score,NA,0.2012443881976464,5,0,TRUE,0.9175257731958762,0.993127147766323,0.8694158075601375
NDUFB10,0.1989885622361397,0.03144889386332412,8.5,outputs/supplemental_figures/audits/COGNITION_LOOKUP_SELECTED_FOR_SUPPLEMENTAL_NULL.csv,cognition_composite_score,NA,0.1989885622361397,5,0,TRUE,0.9140893470790378,0.9175257731958762,0.7319587628865979
NDUFS1,0.23142766981525367,0.03599088691803508,12.5,outputs/supplemental_figures/audits/COGNITION_LOOKUP_SELECTED_FOR_SUPPLEMENTAL_NULL.csv,cognition_composite_score,NA,0.23142766981525367,5,0,TRUE,0.979381443298969,0.9862542955326461,0.8694158075601375
NDUFS2,0.20424510345527053,0.03356103629998604,12.5,outputs/supplemental_figures/audits/COGNITION_LOOKUP_SELECTED_FOR_SUPPLEMENTAL_NULL.csv,cognition_composite_score,NA,0.20424510345527053,5,0,TRUE,0.9209621993127147,0.9347079037800687,0.8694158075601375
NDUFS3,0.20968856546369635,0.03388681718607413,3.5,outputs/supplemental_figures/audits/COGNITION_LOOKUP_SELECTED_FOR_SUPPLEMENTAL_NULL.csv,cognition_composite_score,NA,0.20968856546369635,5,0,TRUE,0.9415807560137457,0.9415807560137457,0.6219931271477663
NDUFS4,0.22105258499756655,0.03535547941417024,12.5,outputs/supplemental_figures/audits/COGNITION_LOOKUP_SELECTED_FOR_SUPPLEMENTAL_NULL.csv,cognition_composite_score,NA,0.22105258499756655,5,0,TRUE,0.9621993127147767,0.9656357388316151,0.8694158075601375
NDUFV1,0.23180307375845569,0.03516912066511957,12.5,outputs/supplemental_figures/audits/COGNITION_LOOKUP_SELECTED_FOR_SUPPLEMENTAL_NULL.csv,cognition_composite_score,NA,0.23180307375845569,5,0,TRUE,0.9828178694158075,0.9621993127147767,0.8694158075601375
NDUFV2,0.22300500665382128,0.03484653752541014,12.5,outputs/supplemental_figures/audits/COGNITION_LOOKUP_SELECTED_FOR_SUPPLEMENTAL_NULL.csv,cognition_composite_score,NA,0.22300500665382128,5,0,TRUE,0.9656357388316151,0.9553264604810997,0.8694158075601375
NFS1,0.16734551592420896,0.02447224913793135,12.5,outputs/supplemental_figures/audits/COGNITION_LOOKUP_SELECTED_FOR_SUPPLEMENTAL_NULL.csv,cognition_composite_score,NA,0.16734551592420896,5,0,TRUE,0.852233676975945,0.8419243986254296,0.8694158075601375
NFU1,0.13518271837294363,0.01856364331954107,0.5,outputs/supplemental_figures/audits/COGNITION_LOOKUP_SELECTED_FOR_SUPPLEMENTAL_NULL.csv,cognition_composite_score,NA,0.13518271837294363,5,0,TRUE,0.7353951890034365,0.7147766323024055,0.14432989690721648
NIPSNAP1,0.11475669713530404,0.01959525623604176,6.5,outputs/supplemental_figures/audits/COGNITION_LOOKUP_SELECTED_FOR_SUPPLEMENTAL_NULL.csv,cognition_composite_score,NA,0.11475669713530404,5,0,TRUE,0.6254295532646048,0.7491408934707904,0.6838487972508591
NIPSNAP3A,-0.00996751702378659,-0.00385632378067586,0.5,outputs/supplemental_figures/audits/COGNITION_LOOKUP_SELECTED_FOR_SUPPLEMENTAL_NULL.csv,cognition_composite_score,NA,0.00996751702378659,1,0,TRUE,0.13058419243986255,0.13745704467353953,0.14432989690721648
NSUN2,-0.00186018372042329,-0.00260394826215446,0,outputs/supplemental_figures/audits/COGNITION_LOOKUP_SELECTED_FOR_SUPPLEMENTAL_NULL.csv,cognition_composite_score,NA,0.00186018372042329,1,0,TRUE,0.14432989690721648,0.15463917525773196,0
NSUN4,0.09289147544953792,0.00812414162870952,5.5,outputs/supplemental_figures/audits/COGNITION_LOOKUP_SELECTED_FOR_SUPPLEMENTAL_NULL.csv,cognition_composite_score,NA,0.09289147544953792,4,0,TRUE,0.5154639175257731,0.39862542955326463,0.6632302405498282
NT5DC2,-0.04228182689101842,-0.01280250243757208,0.5,outputs/supplemental_figures/audits/COGNITION_LOOKUP_SELECTED_FOR_SUPPLEMENTAL_NULL.csv,cognition_composite_score,NA,0.04228182689101842,3,0,TRUE,0.07560137457044673,0.041237113402061855,0.14432989690721648
NUDT19,0.06582565332604663,0.00449731280177044,9.5,outputs/supplemental_figures/audits/COGNITION_LOOKUP_SELECTED_FOR_SUPPLEMENTAL_NULL.csv,cognition_composite_score,NA,0.06582565332604663,4,0,TRUE,0.4054982817869416,0.30584192439862545,0.7525773195876289
OAT,0.094226809878424,0.01029595937604614,0.5,outputs/supplemental_figures/audits/COGNITION_LOOKUP_SELECTED_FOR_SUPPLEMENTAL_NULL.csv,cognition_composite_score,NA,0.094226809878424,4,0,TRUE,0.5257731958762887,0.47079037800687284,0.14432989690721648
OGDH,0.13274921635395795,0.02060543655886263,1.5,outputs/supplemental_figures/audits/COGNITION_LOOKUP_SELECTED_FOR_SUPPLEMENTAL_NULL.csv,cognition_composite_score,NA,0.13274921635395795,5,0,TRUE,0.7216494845360825,0.7697594501718213,0.44673539518900346
P4HB,0.03692178530234025,0.00400949362258382,0.5,outputs/supplemental_figures/audits/COGNITION_LOOKUP_SELECTED_FOR_SUPPLEMENTAL_NULL.csv,cognition_composite_score,NA,0.03692178530234025,3,0,TRUE,0.27835051546391754,0.29896907216494845,0.14432989690721648
PC,0.01247000155780342,0.0021065952268753,0.5,outputs/supplemental_figures/audits/COGNITION_LOOKUP_SELECTED_FOR_SUPPLEMENTAL_NULL.csv,cognition_composite_score,NA,0.01247000155780342,1,0,TRUE,0.19243986254295534,0.23367697594501718,0.14432989690721648
PCCB,0.08371431676811832,0.00796383050145233,8.5,outputs/supplemental_figures/audits/COGNITION_LOOKUP_SELECTED_FOR_SUPPLEMENTAL_NULL.csv,cognition_composite_score,NA,0.08371431676811832,4,0,TRUE,0.46735395189003437,0.3917525773195876,0.7319587628865979
PCK2,0.02656081426321084,5.603963086290983e-4,0.5,outputs/supplemental_figures/audits/COGNITION_LOOKUP_SELECTED_FOR_SUPPLEMENTAL_NULL.csv,cognition_composite_score,NA,0.02656081426321084,2,0,TRUE,0.23711340206185566,0.20618556701030927,0.14432989690721648
PCMT1,0.00223681506848057,0.00297473939290437,0.5,outputs/supplemental_figures/audits/COGNITION_LOOKUP_SELECTED_FOR_SUPPLEMENTAL_NULL.csv,cognition_composite_score,NA,0.00223681506848057,1,0,TRUE,0.16838487972508592,0.2542955326460481,0.14432989690721648
PDHA1,0.21321875026674925,0.03595331634861332,12.5,outputs/supplemental_figures/audits/COGNITION_LOOKUP_SELECTED_FOR_SUPPLEMENTAL_NULL.csv,cognition_composite_score,NA,0.21321875026674925,5,0,TRUE,0.9518900343642611,0.979381443298969,0.8694158075601375
PDHB,0.21256162180684995,0.03571855242089199,12.5,outputs/supplemental_figures/audits/COGNITION_LOOKUP_SELECTED_FOR_SUPPLEMENTAL_NULL.csv,cognition_composite_score,NA,0.21256162180684995,5,0,TRUE,0.9484536082474226,0.9725085910652921,0.8694158075601375
PDHX,0.20942690224818408,0.03416161450465931,12.5,outputs/supplemental_figures/audits/COGNITION_LOOKUP_SELECTED_FOR_SUPPLEMENTAL_NULL.csv,cognition_composite_score,NA,0.20942690224818408,5,0,TRUE,0.9347079037800687,0.9484536082474226,0.8694158075601375
PDIA6,-0.001726838847479,-0.00321133924605554,0.5,outputs/supplemental_figures/audits/COGNITION_LOOKUP_SELECTED_FOR_SUPPLEMENTAL_NULL.csv,cognition_composite_score,NA,0.001726838847479,1,0,TRUE,0.14776632302405499,0.140893470790378,0.14432989690721648
PDK1,0.07858026748339274,0.01157366148579162,0.5,outputs/supplemental_figures/audits/COGNITION_LOOKUP_SELECTED_FOR_SUPPLEMENTAL_NULL.csv,cognition_composite_score,NA,0.07858026748339274,4,0,TRUE,0.43986254295532645,0.5017182130584192,0.14432989690721648
PDK2,0.12119049916310087,0.02203371065616364,0.5,outputs/supplemental_figures/audits/COGNITION_LOOKUP_SELECTED_FOR_SUPPLEMENTAL_NULL.csv,cognition_composite_score,NA,0.12119049916310087,5,0,TRUE,0.6701030927835051,0.8006872852233677,0.14432989690721648
PDK3,0.233063025390365,0.03561859911656637,6.5,outputs/supplemental_figures/audits/COGNITION_LOOKUP_SELECTED_FOR_SUPPLEMENTAL_NULL.csv,cognition_composite_score,NA,0.233063025390365,5,0,TRUE,0.9896907216494846,0.9690721649484536,0.6838487972508591
PGAM5,0.09454909775719242,0.01504647364961248,1.5,outputs/supplemental_figures/audits/COGNITION_LOOKUP_SELECTED_FOR_SUPPLEMENTAL_NULL.csv,cognition_composite_score,NA,0.09454909775719242,4,0,TRUE,0.5326460481099656,0.6357388316151202,0.44673539518900346
PHB,0.108621124677845,0.01828566060941592,9.5,outputs/supplemental_figures/audits/COGNITION_LOOKUP_SELECTED_FOR_SUPPLEMENTAL_NULL.csv,cognition_composite_score,NA,0.108621124677845,5,0,TRUE,0.5773195876288659,0.7079037800687286,0.7525773195876289
PHB2,0.0955453432636742,0.01654180194056726,6.5,outputs/supplemental_figures/audits/COGNITION_LOOKUP_SELECTED_FOR_SUPPLEMENTAL_NULL.csv,cognition_composite_score,NA,0.0955453432636742,4,0,TRUE,0.5395189003436426,0.6701030927835051,0.6838487972508591
PIN4,-0.02971111555831359,-0.00685478568529051,0,outputs/supplemental_figures/audits/COGNITION_LOOKUP_SELECTED_FOR_SUPPLEMENTAL_NULL.csv,cognition_composite_score,NA,0.02971111555831359,2,0,TRUE,0.08934707903780069,0.0859106529209622,0
PITRM1,0.12214609766558757,0.02487642829173273,0.5,outputs/supplemental_figures/audits/COGNITION_LOOKUP_SELECTED_FOR_SUPPLEMENTAL_NULL.csv,cognition_composite_score,NA,0.12214609766558757,5,0,TRUE,0.6769759450171822,0.852233676975945,0.14432989690721648
PMPCA,0.08202878286547598,0.00760270120451454,2.5,outputs/supplemental_figures/audits/COGNITION_LOOKUP_SELECTED_FOR_SUPPLEMENTAL_NULL.csv,cognition_composite_score,NA,0.08202878286547598,4,0,TRUE,0.46048109965635736,0.3711340206185567,0.5395189003436426
PMPCB,0.1130438899446931,0.01443211667049598,9.5,outputs/supplemental_figures/audits/COGNITION_LOOKUP_SELECTED_FOR_SUPPLEMENTAL_NULL.csv,cognition_composite_score,NA,0.1130438899446931,5,0,TRUE,0.6048109965635738,0.6082474226804123,0.7525773195876289
PNPT1,0.06045299915190922,0.00673870083242985,0.5,outputs/supplemental_figures/audits/COGNITION_LOOKUP_SELECTED_FOR_SUPPLEMENTAL_NULL.csv,cognition_composite_score,NA,0.06045299915190922,3,0,TRUE,0.3848797250859107,0.3436426116838488,0.14432989690721648
POLDIP2,0.07954736662237831,0.01068135843965753,12.5,outputs/supplemental_figures/audits/COGNITION_LOOKUP_SELECTED_FOR_SUPPLEMENTAL_NULL.csv,cognition_composite_score,NA,0.07954736662237831,4,0,TRUE,0.44329896907216493,0.48109965635738833,0.8694158075601375
POLG,0.08950086413503894,0.00894593967128616,0.5,outputs/supplemental_figures/audits/COGNITION_LOOKUP_SELECTED_FOR_SUPPLEMENTAL_NULL.csv,cognition_composite_score,NA,0.08950086413503894,4,0,TRUE,0.4948453608247423,0.4261168384879725,0.14432989690721648
POLRMT,0.1113756230638816,0.01542755542553793,1.5,outputs/supplemental_figures/audits/COGNITION_LOOKUP_SELECTED_FOR_SUPPLEMENTAL_NULL.csv,cognition_composite_score,NA,0.1113756230638816,5,0,TRUE,0.5945017182130584,0.6529209621993127,0.44673539518900346
PPA2,0.05425393136474315,0.00582341772531475,6.5,outputs/supplemental_figures/audits/COGNITION_LOOKUP_SELECTED_FOR_SUPPLEMENTAL_NULL.csv,cognition_composite_score,NA,0.05425393136474315,3,0,TRUE,0.3539518900343643,0.32989690721649484,0.6838487972508591
PPIA,-0.07334871973762355,-0.0114039585599081,0,outputs/supplemental_figures/audits/COGNITION_LOOKUP_SELECTED_FOR_SUPPLEMENTAL_NULL.csv,cognition_composite_score,NA,0.07334871973762355,4,0,TRUE,0.03436426116838488,0.054982817869415807,0
PPIF,0.02938239839124638,0.00531397563246744,0.5,outputs/supplemental_figures/audits/COGNITION_LOOKUP_SELECTED_FOR_SUPPLEMENTAL_NULL.csv,cognition_composite_score,NA,0.02938239839124638,2,0,TRUE,0.24742268041237114,0.31958762886597936,0.14432989690721648
PPOX,0.05676963660519179,0.00768350558668678,9.5,outputs/supplemental_figures/audits/COGNITION_LOOKUP_SELECTED_FOR_SUPPLEMENTAL_NULL.csv,cognition_composite_score,NA,0.05676963660519179,3,0,TRUE,0.36082474226804123,0.3745704467353952,0.7525773195876289
PRDX3,0.1205873168557914,0.01875464697151774,0.5,outputs/supplemental_figures/audits/COGNITION_LOOKUP_SELECTED_FOR_SUPPLEMENTAL_NULL.csv,cognition_composite_score,NA,0.1205873168557914,5,0,TRUE,0.6666666666666666,0.7216494845360825,0.14432989690721648
PRDX4,-0.02914711391411826,-0.00692422503689006,0,outputs/supplemental_figures/audits/COGNITION_LOOKUP_SELECTED_FOR_SUPPLEMENTAL_NULL.csv,cognition_composite_score,NA,0.02914711391411826,2,0,TRUE,0.09278350515463918,0.08247422680412371,0
PTCD3,0.11597426707887232,0.01392546104116173,9.5,outputs/supplemental_figures/audits/COGNITION_LOOKUP_SELECTED_FOR_SUPPLEMENTAL_NULL.csv,cognition_composite_score,NA,0.11597426707887232,5,0,TRUE,0.6357388316151202,0.5910652920962199,0.7525773195876289
PTPMT1,0.08668239452752462,0.01341952751985408,5.5,outputs/supplemental_figures/audits/COGNITION_LOOKUP_SELECTED_FOR_SUPPLEMENTAL_NULL.csv,cognition_composite_score,NA,0.08668239452752462,4,0,TRUE,0.48109965635738833,0.563573883161512,0.6632302405498282
PYCR2,0.09923825264635204,0.01732460193856098,12.5,outputs/supplemental_figures/audits/COGNITION_LOOKUP_SELECTED_FOR_SUPPLEMENTAL_NULL.csv,cognition_composite_score,NA,0.09923825264635204,4,0,TRUE,0.5498281786941581,0.6838487972508591,0.8694158075601375
QRSL1,0.0307964606489614,0.00369831393070454,0.5,outputs/supplemental_figures/audits/COGNITION_LOOKUP_SELECTED_FOR_SUPPLEMENTAL_NULL.csv,cognition_composite_score,NA,0.0307964606489614,2,0,TRUE,0.25773195876288657,0.281786941580756,0.14432989690721648
RPL11,0.01630510523351739,5.200353378767865e-4,12.5,outputs/supplemental_figures/audits/COGNITION_LOOKUP_SELECTED_FOR_SUPPLEMENTAL_NULL.csv,cognition_composite_score,NA,0.01630510523351739,1,0,TRUE,0.20618556701030927,0.2027491408934708,0.8694158075601375
RPL23,0.03056623779886146,0.00430153722729759,0.5,outputs/supplemental_figures/audits/COGNITION_LOOKUP_SELECTED_FOR_SUPPLEMENTAL_NULL.csv,cognition_composite_score,NA,0.03056623779886146,2,0,TRUE,0.2508591065292096,0.3024054982817869,0.14432989690721648
RPL23A,0.04073634840392901,0.00840162743558523,4.5,outputs/supplemental_figures/audits/COGNITION_LOOKUP_SELECTED_FOR_SUPPLEMENTAL_NULL.csv,cognition_composite_score,NA,0.04073634840392901,3,0,TRUE,0.29553264604810997,0.41580756013745707,0.6563573883161512
RPL31,0.02680581404338463,0.00375147384912544,1.5,outputs/supplemental_figures/audits/COGNITION_LOOKUP_SELECTED_FOR_SUPPLEMENTAL_NULL.csv,cognition_composite_score,NA,0.02680581404338463,2,0,TRUE,0.24054982817869416,0.28865979381443296,0.44673539518900346
RPL9,0.03795339322372512,0.00540765849736058,1.5,outputs/supplemental_figures/audits/COGNITION_LOOKUP_SELECTED_FOR_SUPPLEMENTAL_NULL.csv,cognition_composite_score,NA,0.03795339322372512,3,0,TRUE,0.2852233676975945,0.32646048109965636,0.44673539518900346
RPS10,0.06320662561765829,0.00784394024405741,1.5,outputs/supplemental_figures/audits/COGNITION_LOOKUP_SELECTED_FOR_SUPPLEMENTAL_NULL.csv,cognition_composite_score,NA,0.06320662561765829,4,0,TRUE,0.3917525773195876,0.3848797250859107,0.44673539518900346
RPS11,0.00925661477896924,-0.00129683193991739,1.5,outputs/supplemental_figures/audits/COGNITION_LOOKUP_SELECTED_FOR_SUPPLEMENTAL_NULL.csv,cognition_composite_score,NA,0.00925661477896924,1,0,TRUE,0.18900343642611683,0.16838487972508592,0.44673539518900346
RPS15A,0.02536708322950916,0.0033552707484989,2.5,outputs/supplemental_figures/audits/COGNITION_LOOKUP_SELECTED_FOR_SUPPLEMENTAL_NULL.csv,cognition_composite_score,NA,0.02536708322950916,2,0,TRUE,0.23024054982817868,0.27147766323024053,0.5395189003436426
RPS16,0.03061541436138924,0.00330414883968647,9.5,outputs/supplemental_figures/audits/COGNITION_LOOKUP_SELECTED_FOR_SUPPLEMENTAL_NULL.csv,cognition_composite_score,NA,0.03061541436138924,2,0,TRUE,0.2542955326460481,0.26804123711340205,0.7525773195876289
RPS18,0.06788644058089519,-0.00665009694189687,0,outputs/supplemental_figures/audits/COGNITION_LOOKUP_SELECTED_FOR_SUPPLEMENTAL_NULL.csv,cognition_composite_score,NA,0.06788644058089519,4,0,TRUE,0.41580756013745707,0.09278350515463918,0
RPS3,0.02923417018853144,0.002746141563102,9.5,outputs/supplemental_figures/audits/COGNITION_LOOKUP_SELECTED_FOR_SUPPLEMENTAL_NULL.csv,cognition_composite_score,NA,0.02923417018853144,2,0,TRUE,0.24398625429553264,0.24742268041237114,0.7525773195876289
RPS4X,0.03285268607700451,-1.4034122434533604e-5,0.5,outputs/supplemental_figures/audits/COGNITION_LOOKUP_SELECTED_FOR_SUPPLEMENTAL_NULL.csv,cognition_composite_score,NA,0.03285268607700451,2,0,TRUE,0.2611683848797251,0.19243986254295534,0.14432989690721648
RPS6,0.05415771542609492,0.0081883378615211,1.5,outputs/supplemental_figures/audits/COGNITION_LOOKUP_SELECTED_FOR_SUPPLEMENTAL_NULL.csv,cognition_composite_score,NA,0.05415771542609492,3,0,TRUE,0.35051546391752575,0.4020618556701031,0.44673539518900346
RPS8,0.04483550945307097,0.00721636904222851,1.5,outputs/supplemental_figures/audits/COGNITION_LOOKUP_SELECTED_FOR_SUPPLEMENTAL_NULL.csv,cognition_composite_score,NA,0.04483550945307097,3,0,TRUE,0.30927835051546393,0.35738831615120276,0.44673539518900346
RPS9,0.05083894513572758,-0.00458780800394106,5.5,outputs/supplemental_figures/audits/COGNITION_LOOKUP_SELECTED_FOR_SUPPLEMENTAL_NULL.csv,cognition_composite_score,NA,0.05083894513572758,3,0,TRUE,0.3402061855670103,0.12714776632302405,0.6632302405498282
SAMM50,0.13167536935341623,0.01933771563600555,1.5,outputs/supplemental_figures/audits/COGNITION_LOOKUP_SELECTED_FOR_SUPPLEMENTAL_NULL.csv,cognition_composite_score,NA,0.13167536935341623,5,0,TRUE,0.711340206185567,0.7353951890034365,0.44673539518900346
SARS2,0.11949046544399912,0.01535151694705227,6.5,outputs/supplemental_figures/audits/COGNITION_LOOKUP_SELECTED_FOR_SUPPLEMENTAL_NULL.csv,cognition_composite_score,NA,0.11949046544399912,5,0,TRUE,0.6563573883161512,0.6494845360824743,0.6838487972508591
SDHA,0.15484570225809757,0.02618758345244594,2.5,outputs/supplemental_figures/audits/COGNITION_LOOKUP_SELECTED_FOR_SUPPLEMENTAL_NULL.csv,cognition_composite_score,NA,0.15484570225809757,5,0,TRUE,0.8178694158075601,0.8694158075601375,0.5395189003436426
SDHB,0.16973564030320137,0.02791167073804097,5.5,outputs/supplemental_figures/audits/COGNITION_LOOKUP_SELECTED_FOR_SUPPLEMENTAL_NULL.csv,cognition_composite_score,NA,0.16973564030320137,5,0,TRUE,0.8591065292096219,0.8865979381443299,0.6632302405498282
SERPINH1,-0.06030143632352238,-0.01599550613905671,0.5,outputs/supplemental_figures/audits/COGNITION_LOOKUP_SELECTED_FOR_SUPPLEMENTAL_NULL.csv,cognition_composite_score,NA,0.06030143632352238,3,0,TRUE,0.048109965635738834,0.027491408934707903,0.14432989690721648
SHMT2,0.1324248329376107,0.01282487671727434,2.5,outputs/supplemental_figures/audits/COGNITION_LOOKUP_SELECTED_FOR_SUPPLEMENTAL_NULL.csv,cognition_composite_score,NA,0.1324248329376107,5,0,TRUE,0.7147766323024055,0.5395189003436426,0.5395189003436426
SLC25A13,0.03969507302301903,0.00104349794828258,2.5,outputs/supplemental_figures/audits/COGNITION_LOOKUP_SELECTED_FOR_SUPPLEMENTAL_NULL.csv,cognition_composite_score,NA,0.03969507302301903,3,0,TRUE,0.2920962199312715,0.21649484536082475,0.5395189003436426
SLC25A5,0.1967727375754034,0.03171345957581249,12.5,outputs/supplemental_figures/audits/COGNITION_LOOKUP_SELECTED_FOR_SUPPLEMENTAL_NULL.csv,cognition_composite_score,NA,0.1967727375754034,5,0,TRUE,0.9106529209621993,0.9243986254295533,0.8694158075601375
SLC25A6,0.1869261808242113,0.03084831888918942,2.5,outputs/supplemental_figures/audits/COGNITION_LOOKUP_SELECTED_FOR_SUPPLEMENTAL_NULL.csv,cognition_composite_score,NA,0.1869261808242113,5,0,TRUE,0.9003436426116839,0.9037800687285223,0.5395189003436426
SLIRP,0.24819843697959787,0.03595742082135582,12.5,outputs/supplemental_figures/audits/COGNITION_LOOKUP_SELECTED_FOR_SUPPLEMENTAL_NULL.csv,cognition_composite_score,NA,0.24819843697959787,5,0,TRUE,0.9965635738831615,0.9828178694158075,0.8694158075601375
SOD2,-0.01140747370961157,-0.00251658103188665,0.5,outputs/supplemental_figures/audits/COGNITION_LOOKUP_SELECTED_FOR_SUPPLEMENTAL_NULL.csv,cognition_composite_score,NA,0.01140747370961157,1,0,TRUE,0.12714776632302405,0.16151202749140894,0.14432989690721648
SPRYD4,0.04760475971500579,0.00921706224876189,0,outputs/supplemental_figures/audits/COGNITION_LOOKUP_SELECTED_FOR_SUPPLEMENTAL_NULL.csv,cognition_composite_score,NA,0.04760475971500579,3,0,TRUE,0.32646048109965636,0.436426116838488,0
SSBP1,0.11347569718049567,0.01481908074393061,2.5,outputs/supplemental_figures/audits/COGNITION_LOOKUP_SELECTED_FOR_SUPPLEMENTAL_NULL.csv,cognition_composite_score,NA,0.11347569718049567,5,0,TRUE,0.6116838487972509,0.6254295532646048,0.5395189003436426
ST13,0.05455176291733778,0.00957174963903489,0.5,outputs/supplemental_figures/audits/COGNITION_LOOKUP_SELECTED_FOR_SUPPLEMENTAL_NULL.csv,cognition_composite_score,NA,0.05455176291733778,3,0,TRUE,0.35738831615120276,0.44673539518900346,0.14432989690721648
STOML2,0.09137557031302998,0.01218563193034189,0,outputs/supplemental_figures/audits/COGNITION_LOOKUP_SELECTED_FOR_SUPPLEMENTAL_NULL.csv,cognition_composite_score,NA,0.09137557031302998,4,0,TRUE,0.5051546391752577,0.5326460481099656,0
SUCLA2,0.167314513627087,0.0272141149893991,6.5,outputs/supplemental_figures/audits/COGNITION_LOOKUP_SELECTED_FOR_SUPPLEMENTAL_NULL.csv,cognition_composite_score,NA,0.167314513627087,5,0,TRUE,0.8487972508591065,0.8762886597938144,0.6838487972508591
SUCLG1,0.1268794241440236,0.0195158458749766,6.5,outputs/supplemental_figures/audits/COGNITION_LOOKUP_SELECTED_FOR_SUPPLEMENTAL_NULL.csv,cognition_composite_score,NA,0.1268794241440236,5,0,TRUE,0.7010309278350515,0.7422680412371134,0.6838487972508591
SUCLG2,-0.11626118857499614,-0.02292212227268554,0.5,outputs/supplemental_figures/audits/COGNITION_LOOKUP_SELECTED_FOR_SUPPLEMENTAL_NULL.csv,cognition_composite_score,NA,0.11626118857499614,5,0,TRUE,0.020618556701030927,0.013745704467353952,0.14432989690721648
SUPV3L1,0.03528557394061425,0.00391840542336835,0.5,outputs/supplemental_figures/audits/COGNITION_LOOKUP_SELECTED_FOR_SUPPLEMENTAL_NULL.csv,cognition_composite_score,NA,0.03528557394061425,2,0,TRUE,0.26804123711340205,0.29553264604810997,0.14432989690721648
SYNE1,0.04101708562758051,0.0053864124018759,0.5,outputs/supplemental_figures/audits/COGNITION_LOOKUP_SELECTED_FOR_SUPPLEMENTAL_NULL.csv,cognition_composite_score,NA,0.04101708562758051,3,0,TRUE,0.29896907216494845,0.3230240549828179,0.14432989690721648
TACO1,0.11430503857718072,0.01753028531129208,6.5,outputs/supplemental_figures/audits/COGNITION_LOOKUP_SELECTED_FOR_SUPPLEMENTAL_NULL.csv,cognition_composite_score,NA,0.11430503857718072,5,0,TRUE,0.6185567010309279,0.697594501718213,0.6838487972508591
TAMM41,0.14861648944692812,0.02133656004005982,0.5,outputs/supplemental_figures/audits/COGNITION_LOOKUP_SELECTED_FOR_SUPPLEMENTAL_NULL.csv,cognition_composite_score,NA,0.14861648944692812,5,0,TRUE,0.7938144329896907,0.7869415807560137,0.14432989690721648
TARS2,0.08054760995668021,0.01209588581108026,0.5,outputs/supplemental_figures/audits/COGNITION_LOOKUP_SELECTED_FOR_SUPPLEMENTAL_NULL.csv,cognition_composite_score,NA,0.08054760995668021,4,0,TRUE,0.44673539518900346,0.5292096219931272,0.14432989690721648
TBRG4,0.17970267913562643,0.025254491772313,0.5,outputs/supplemental_figures/audits/COGNITION_LOOKUP_SELECTED_FOR_SUPPLEMENTAL_NULL.csv,cognition_composite_score,NA,0.17970267913562643,5,0,TRUE,0.8865979381443299,0.8591065292096219,0.14432989690721648
TFAM,0.081325713148219,0.01057607594142275,0.5,outputs/supplemental_figures/audits/COGNITION_LOOKUP_SELECTED_FOR_SUPPLEMENTAL_NULL.csv,cognition_composite_score,NA,0.081325713148219,4,0,TRUE,0.4570446735395189,0.47766323024054985,0.14432989690721648
TIMM13,0.1475397466598268,0.0213334146760221,6.5,outputs/supplemental_figures/audits/COGNITION_LOOKUP_SELECTED_FOR_SUPPLEMENTAL_NULL.csv,cognition_composite_score,NA,0.1475397466598268,5,0,TRUE,0.7869415807560137,0.7835051546391752,0.6838487972508591
TIMM44,0.12275975032310976,0.01975081401418498,6.5,outputs/supplemental_figures/audits/COGNITION_LOOKUP_SELECTED_FOR_SUPPLEMENTAL_NULL.csv,cognition_composite_score,NA,0.12275975032310976,5,0,TRUE,0.6838487972508591,0.7560137457044673,0.6838487972508591
TIMM8B,0.16585930913470684,0.02305920735610684,1.5,outputs/supplemental_figures/audits/COGNITION_LOOKUP_SELECTED_FOR_SUPPLEMENTAL_NULL.csv,cognition_composite_score,NA,0.16585930913470684,5,0,TRUE,0.845360824742268,0.8144329896907216,0.44673539518900346
TRAP1,0.08794599491461236,0.01093312763772666,0.5,outputs/supplemental_figures/audits/COGNITION_LOOKUP_SELECTED_FOR_SUPPLEMENTAL_NULL.csv,cognition_composite_score,NA,0.08794599491461236,4,0,TRUE,0.4879725085910653,0.49140893470790376,0.14432989690721648
TRMU,0.04911239207706294,0.00457353493125776,0.5,outputs/supplemental_figures/audits/COGNITION_LOOKUP_SELECTED_FOR_SUPPLEMENTAL_NULL.csv,cognition_composite_score,NA,0.04911239207706294,3,0,TRUE,0.32989690721649484,0.30927835051546393,0.14432989690721648
TRUB1,0.10458017822921369,0.01561296268250044,2.5,outputs/supplemental_figures/audits/COGNITION_LOOKUP_SELECTED_FOR_SUPPLEMENTAL_NULL.csv,cognition_composite_score,NA,0.10458017822921369,5,0,TRUE,0.5738831615120275,0.6563573883161512,0.5395189003436426
TRUB2,0.09268235986050828,0.00262612116571298,0.5,outputs/supplemental_figures/audits/COGNITION_LOOKUP_SELECTED_FOR_SUPPLEMENTAL_NULL.csv,cognition_composite_score,NA,0.09268235986050828,4,0,TRUE,0.5120274914089347,0.24054982817869416,0.14432989690721648
TSFM,0.14358483953817272,0.02315619088446419,2.5,outputs/supplemental_figures/audits/COGNITION_LOOKUP_SELECTED_FOR_SUPPLEMENTAL_NULL.csv,cognition_composite_score,NA,0.14358483953817272,5,0,TRUE,0.7766323024054983,0.8213058419243986,0.5395189003436426
TST,-0.0466744471441667,-0.01038504312544179,0,outputs/supplemental_figures/audits/COGNITION_LOOKUP_SELECTED_FOR_SUPPLEMENTAL_NULL.csv,cognition_composite_score,NA,0.0466744471441667,3,0,TRUE,0.06529209621993128,0.06529209621993128,0
TUBB,0.04970966247897684,0.01151538268242335,0,outputs/supplemental_figures/audits/COGNITION_LOOKUP_SELECTED_FOR_SUPPLEMENTAL_NULL.csv,cognition_composite_score,NA,0.04970966247897684,3,0,TRUE,0.3333333333333333,0.4948453608247423,0
TUBB4B,0.02625360617259874,0.00737320387594198,0,outputs/supplemental_figures/audits/COGNITION_LOOKUP_SELECTED_FOR_SUPPLEMENTAL_NULL.csv,cognition_composite_score,NA,0.02625360617259874,2,0,TRUE,0.23367697594501718,0.3642611683848797,0
TUFM,0.13297049683951845,0.02020239322248973,9.5,outputs/supplemental_figures/audits/COGNITION_LOOKUP_SELECTED_FOR_SUPPLEMENTAL_NULL.csv,cognition_composite_score,NA,0.13297049683951845,5,0,TRUE,0.7250859106529209,0.7594501718213058,0.7525773195876289
UQCRC1,0.1922618384679548,0.02960227669227607,12.5,outputs/supplemental_figures/audits/COGNITION_LOOKUP_SELECTED_FOR_SUPPLEMENTAL_NULL.csv,cognition_composite_score,NA,0.1922618384679548,5,0,TRUE,0.9037800687285223,0.8969072164948454,0.8694158075601375
UQCRC2,0.20947127083087577,0.03200081238832054,12.5,outputs/supplemental_figures/audits/COGNITION_LOOKUP_SELECTED_FOR_SUPPLEMENTAL_NULL.csv,cognition_composite_score,NA,0.20947127083087577,5,0,TRUE,0.9381443298969072,0.9278350515463918,0.8694158075601375
UQCRFS1,0.20598313457384687,0.03112700555806467,12.5,outputs/supplemental_figures/audits/COGNITION_LOOKUP_SELECTED_FOR_SUPPLEMENTAL_NULL.csv,cognition_composite_score,NA,0.20598313457384687,5,0,TRUE,0.9278350515463918,0.9106529209621993,0.8694158075601375
VARS2,0.06852534368507864,0.00821036280849578,0.5,outputs/supplemental_figures/audits/COGNITION_LOOKUP_SELECTED_FOR_SUPPLEMENTAL_NULL.csv,cognition_composite_score,NA,0.06852534368507864,4,0,TRUE,0.41924398625429554,0.4054982817869416,0.14432989690721648
XPNPEP3,0.04660255181964943,0.00271263631408537,8.5,outputs/supplemental_figures/audits/COGNITION_LOOKUP_SELECTED_FOR_SUPPLEMENTAL_NULL.csv,cognition_composite_score,NA,0.04660255181964943,3,0,TRUE,0.31958762886597936,0.24398625429553264,0.7319587628865979
YARS2,0.09172923878847689,0.01177242176805394,9.5,outputs/supplemental_figures/audits/COGNITION_LOOKUP_SELECTED_FOR_SUPPLEMENTAL_NULL.csv,cognition_composite_score,NA,0.09172923878847689,4,0,TRUE,0.5085910652920962,0.5154639175257731,0.7525773195876289
YWHAE,0.00150720094496939,0.00172360553408726,0,outputs/supplemental_figures/audits/COGNITION_LOOKUP_SELECTED_FOR_SUPPLEMENTAL_NULL.csv,cognition_composite_score,NA,0.00150720094496939,1,0,TRUE,0.16151202749140894,0.23024054982817868,0
ZADH2,0.11649539622165148,0.01951870451971878,0.5,outputs/supplemental_figures/audits/COGNITION_LOOKUP_SELECTED_FOR_SUPPLEMENTAL_NULL.csv,cognition_composite_score,NA,0.11649539622165148,5,0,TRUE,0.6426116838487973,0.7457044673539519,0.14432989690721648
