source,n_rows,n_overlap_regional_or_background,n_overlap_hsp,n_overlap_background
outputs/supplemental_figures/audits/COGNITION_LOOKUP_SELECTED_FOR_SUPPLEMENTAL_NULL.csv,915,915,303,612
outputs/main_figures/tables/main_fig5_matched_null_specificity/Fig5_gene_universe_cognition_summary_by_gene.csv,915,915,303,612
global$client_cognition_summary,306,306,303,3
global$client_overlap_flags,306,306,303,3
global$gene_summary,306,306,303,3
global$hsp_null_tbl,306,306,303,3
global$rank_tbl_all_unfiltered,306,306,303,3
outputs/main_figures/tables/main_fig4_cognition/Fig4_client_level_cognition_summary_by_gene.csv,306,306,303,3
outputs/main_figures/tables/main_fig4_cognition/Fig4_client_level_cognition_summary_with_MitoCarta_classes.csv,306,306,303,3
global$rank_tbl,102,102,102,0
global$rank_tbl_all,102,102,102,0
global$rank_tbl_top_pool,102,102,102,0
global$client_dot_df,25,25,25,0
global$consistency_df,25,25,25,0
global$display_tbl,25,25,25,0
global$label_df,25,25,25,0
global$side_annot,25,25,25,0
global$source_data,25,25,25,0
outputs/main_figures/tables/main_fig4_cognition/Fig4B_client_level_dotplot_source_data.csv,25,25,25,0
global$background_null_pool,609,609,0,609
