gene_symbol,metric,stg_minus_dlpfc
AARS2,AD-associated collapse,-0.00573978662271661
AARS2,High-Braak coupling,0.00444524437169475
ABHD10,AD-associated collapse,-0.03280332092429268
ABHD10,High-Braak coupling,-4.808966746129885e-4
ABHD11,AD-associated collapse,0.00101006816036157
ABHD11,High-Braak coupling,0.00316638710766365
ACAA2,AD-associated collapse,-0.06899496819787942
ACAA2,High-Braak coupling,-0.0138826435954401
ACAD9,AD-associated collapse,-0.0068064460911122
ACAD9,High-Braak coupling,0.00697288121421841
ACADVL,AD-associated collapse,-0.07591348126713063
ACADVL,High-Braak coupling,-0.00681369295111181
ACAT1,AD-associated collapse,-0.03693067252020157
ACAT1,High-Braak coupling,-0.00971944142560882
ACO2,AD-associated collapse,0.03058319645535981
ACO2,High-Braak coupling,0.01287583840199093
ACOT13,AD-associated collapse,-0.00839537719726238
ACOT13,High-Braak coupling,-0.00215198370714916
ACSF3,AD-associated collapse,-0.04970718211119977
ACSF3,High-Braak coupling,-0.00791176909079945
AFG3L2,AD-associated collapse,-0.00677116078927354
AFG3L2,High-Braak coupling,0.00738015474033031
AIFM1,AD-associated collapse,-0.02239527869892212
AIFM1,High-Braak coupling,0.00255918541771903
AK2,AD-associated collapse,-0.07659919563147419
AK2,High-Braak coupling,-0.01570562799108237
AK3,AD-associated collapse,-0.08482281801693684
AK3,High-Braak coupling,-0.01731706934143391
AK4,AD-associated collapse,-0.01205203621505863
AK4,High-Braak coupling,0.00107503406983389
AKR7A2,AD-associated collapse,-0.03843945861703483
AKR7A2,High-Braak coupling,-0.01753197780031185
ALDH18A1,AD-associated collapse,-0.01239526683634066
ALDH18A1,High-Braak coupling,0.00164775572192926
ALDH1B1,AD-associated collapse,-0.05331740222803316
ALDH1B1,High-Braak coupling,-9.738170533531292e-4
ALDH2,AD-associated collapse,-0.03260871457162389
ALDH2,High-Braak coupling,-0.00800892416839387
ALDH5A1,AD-associated collapse,-0.02094931976658882
ALDH5A1,High-Braak coupling,0.00267596372954922
ALDH7A1,AD-associated collapse,-0.07299861337091587
ALDH7A1,High-Braak coupling,-0.02884920231810563
ALDH9A1,AD-associated collapse,-0.04603253390763728
ALDH9A1,High-Braak coupling,-0.02215748620315226
ALYREF,AD-associated collapse,-0.0187963761012646
ALYREF,High-Braak coupling,-0.00573158104906873
ARL2,AD-associated collapse,0.04477385344201654
ARL2,High-Braak coupling,0.00446436051734006
ATAD3A,AD-associated collapse,0.01609708660608221
ATAD3A,High-Braak coupling,0.0084216818810011
ATAD3B,AD-associated collapse,-0.00350096395833611
ATAD3B,High-Braak coupling,0.00683819204429584
BCAT2,AD-associated collapse,-0.02539262866138944
BCAT2,High-Braak coupling,0.00441561683699787
BCKDHA,AD-associated collapse,-0.01468476723160331
BCKDHA,High-Braak coupling,-0.00217693447555757
BCKDHB,AD-associated collapse,-0.00707090229099385
BCKDHB,High-Braak coupling,-0.00243270841868922
BCKDK,AD-associated collapse,-5.964140541927371e-4
BCKDK,High-Braak coupling,0.0065879941320876
BCS1L,AD-associated collapse,-0.00253946932612029
BCS1L,High-Braak coupling,0.00371859882258046
C1QBP,AD-associated collapse,-0.02551183815098194
C1QBP,High-Braak coupling,-0.00224130412206617
CARS2,AD-associated collapse,-0.02377439463742148
CARS2,High-Braak coupling,0.00166006677394902
CBR4,AD-associated collapse,0.01651827850762614
CBR4,High-Braak coupling,0.01136124270087468
CCDC90B,AD-associated collapse,0.04025308582788253
CCDC90B,High-Braak coupling,0.01474503762705943
CCT3,AD-associated collapse,0.02260180028006091
CCT3,High-Braak coupling,0.00559433927709207
CCT6A,AD-associated collapse,0.02772558456670405
CCT6A,High-Braak coupling,0.00719272381974823
CDK5RAP1,AD-associated collapse,-0.04552921740338561
CDK5RAP1,High-Braak coupling,-0.01169979865030715
CHCHD1,AD-associated collapse,-0.14033189027528226
CHCHD1,High-Braak coupling,-0.02164729923192417
CLPP,AD-associated collapse,-0.08959027846683314
CLPP,High-Braak coupling,-0.01760572948611534
CLPX,AD-associated collapse,0.04517948524097438
CLPX,High-Braak coupling,0.01637943022960353
CNP,AD-associated collapse,0.07953220937075542
CNP,High-Braak coupling,-0.00334073285697092
COX4I1,AD-associated collapse,0.009823331871704
COX4I1,High-Braak coupling,0.0110786466152172
COX7A2L,AD-associated collapse,0.0108429152104946
COX7A2L,High-Braak coupling,0.00801277073259326
CPOX,AD-associated collapse,0.05600476373219561
CPOX,High-Braak coupling,0.01297534471799327
CPT2,AD-associated collapse,-0.01162124717952052
CPT2,High-Braak coupling,-0.00951145074142415
CRYZ,AD-associated collapse,-0.07324321343718475
CRYZ,High-Braak coupling,-0.00569021995266053
CS,AD-associated collapse,-0.00988311249130316
CS,High-Braak coupling,0.00294641192898383
CYC1,AD-associated collapse,-0.01291335293446538
CYC1,High-Braak coupling,2.6440186404685928e-5
DAP3,AD-associated collapse,-0.04832832485297865
DAP3,High-Braak coupling,-0.00355806325045707
DARS2,AD-associated collapse,-0.01342819565781813
DARS2,High-Braak coupling,-0.00410332763387306
DCXR,AD-associated collapse,-0.02879017080291686
DCXR,High-Braak coupling,-0.01052561747508019
DHX30,AD-associated collapse,-0.0284730457869503
DHX30,High-Braak coupling,-0.00350973270405833
DLAT,AD-associated collapse,0.03319125276232065
DLAT,High-Braak coupling,0.01498688661087383
DLD,AD-associated collapse,0.0071819166969396
DLD,High-Braak coupling,0.010373097650861701
DLST,AD-associated collapse,-0.02875049944655498
DLST,High-Braak coupling,-0.00194942429639168
DNAJA3,AD-associated collapse,-0.02299259823362849
DNAJA3,High-Braak coupling,-9.970694572277138e-4
EARS2,AD-associated collapse,0.04174614326641074
EARS2,High-Braak coupling,0.01672274976195041
ECH1,AD-associated collapse,0.00348483908408375
ECH1,High-Braak coupling,0.00440388259835734
ECHDC1,AD-associated collapse,-0.03031939297632194
ECHDC1,High-Braak coupling,-0.0110351919080068
ECHS1,AD-associated collapse,-0.01309303013181752
ECHS1,High-Braak coupling,0.00558301774861835
ECI1,AD-associated collapse,-0.04789745892629264
ECI1,High-Braak coupling,-0.01224451225216013
ECI2,AD-associated collapse,-0.08780016719261882
ECI2,High-Braak coupling,-0.01570643132216673
EEF1A1,AD-associated collapse,-0.01889299606762506
EEF1A1,High-Braak coupling,-0.01084232895718438
EEF1B2,AD-associated collapse,0.02092866430762104
EEF1B2,High-Braak coupling,0.01011590499577404
ENO1,AD-associated collapse,-0.0537801834100297
ENO1,High-Braak coupling,-0.01631275274568933
ERAL1,AD-associated collapse,-0.09867572988439811
ERAL1,High-Braak coupling,-0.01026188858614247
ETFA,AD-associated collapse,0.00278554528377764
ETFA,High-Braak coupling,-0.00220775519200048
ETFB,AD-associated collapse,-0.00410743177416962
ETFB,High-Braak coupling,-0.00208933268952369
FAHD1,AD-associated collapse,-0.01464886471700409
FAHD1,High-Braak coupling,0.00602964952748259
FASTKD5,AD-associated collapse,-0.01479320360160756
FASTKD5,High-Braak coupling,9.921087438310263e-4
FDXR,AD-associated collapse,-7.387474804239902e-4
FDXR,High-Braak coupling,-4.423937757096364e-4
FECH,AD-associated collapse,0.03114382898546365
FECH,High-Braak coupling,0.01038545533531042
FH,AD-associated collapse,-0.04573969440868093
FH,High-Braak coupling,-0.00705208124815328
FLAD1,AD-associated collapse,-0.02692808320496448
FLAD1,High-Braak coupling,-9.978401031409062e-4
FOXRED1,AD-associated collapse,-0.00720053843531678
FOXRED1,High-Braak coupling,0.01117586273211121
GADD45GIP1,AD-associated collapse,-0.01353777816872046
GADD45GIP1,High-Braak coupling,0.00133555324582364
GAPDH,AD-associated collapse,-0.02209338630234313
GAPDH,High-Braak coupling,-0.01018191152413632
GCAT,AD-associated collapse,-0.09010104278889684
GCAT,High-Braak coupling,-0.0114182677446218
GFM1,AD-associated collapse,-0.00224560623695858
GFM1,High-Braak coupling,0.00178444343959624
GFM2,AD-associated collapse,-0.00222257043823254
GFM2,High-Braak coupling,0.01774177200676331
GLDC,AD-associated collapse,-0.00992599878411444
GLDC,High-Braak coupling,0.00274212481990396
GLRX5,AD-associated collapse,-0.06324823557754611
GLRX5,High-Braak coupling,8.493341342342246e-4
GLS,AD-associated collapse,0.02312940921812431
GLS,High-Braak coupling,0.01230230464539329
GLUD1,AD-associated collapse,-0.11050305914477904
GLUD1,High-Braak coupling,-0.01376788915776829
GLUD1,AD-associated collapse,-0.08210318180570722
GLUD1,High-Braak coupling,-0.01186317568584597
GNG12,AD-associated collapse,-0.1120148307255579
GNG12,High-Braak coupling,-0.04546792498399904
GOT2,AD-associated collapse,0.01527535521924251
GOT2,High-Braak coupling,0.0054462364312381
GPT2,AD-associated collapse,-0.13836665638776158
GPT2,High-Braak coupling,-0.024620366341512
GRPEL1,AD-associated collapse,0.01722081663700317
GRPEL1,High-Braak coupling,0.00599145863157494
GRSF1,AD-associated collapse,0.01584477655888232
GRSF1,High-Braak coupling,0.00400574092314283
GSR,AD-associated collapse,-0.01568786034649326
GSR,High-Braak coupling,-0.00390050122441543
GSTK1,AD-associated collapse,-0.04391572147113983
GSTK1,High-Braak coupling,-0.00695122622087312
GUF1,AD-associated collapse,-0.04353417582864123
GUF1,High-Braak coupling,0.00253322709741064
HADH,AD-associated collapse,-0.01602697541862173
HADH,High-Braak coupling,0.00148805101808643
HADHA,AD-associated collapse,-0.05128379321719494
HADHA,High-Braak coupling,-0.01682065362104021
HADHB,AD-associated collapse,-0.03533192197520004
HADHB,High-Braak coupling,-0.01434713616274778
HAGH,AD-associated collapse,0.01293257598577016
HAGH,High-Braak coupling,0.00691908486555993
HARS,AD-associated collapse,8.044678243539771e-4
HARS,High-Braak coupling,0.00371479118466379
HARS2,AD-associated collapse,0.03432519315003282
HARS2,High-Braak coupling,0.01437931324364321
HIBCH,AD-associated collapse,-0.04568368699981003
HIBCH,High-Braak coupling,-0.00242593935090609
HINT2,AD-associated collapse,-0.02915362941970761
HINT2,High-Braak coupling,0.001265872170594
HSD17B10,AD-associated collapse,-0.02636602679049309
HSD17B10,High-Braak coupling,-0.00312144694559571
HSD17B8,AD-associated collapse,-0.016807636802517
HSD17B8,High-Braak coupling,7.859769392467835e-4
HSP90AA1,AD-associated collapse,0.04244592920699425
HSP90AA1,High-Braak coupling,0.00703591059861284
HSP90AB1,AD-associated collapse,0.03127236656870075
HSP90AB1,High-Braak coupling,0.00570755836332667
HSPA5,AD-associated collapse,-1.2532036267237038e-5
HSPA5,High-Braak coupling,0.00449682359983367
HSPA9,AD-associated collapse,0.00916854097568399
HSPA9,High-Braak coupling,0.00515161326447699
IARS2,AD-associated collapse,-0.00349706172604954
IARS2,High-Braak coupling,0.00502092354704303
IBA57,AD-associated collapse,-0.02231776650453155
IBA57,High-Braak coupling,0.00427488358593177
IDH2,AD-associated collapse,0.01525262232678573
IDH2,High-Braak coupling,0.01348637060667255
IDH3A,AD-associated collapse,-0.01877438137821996
IDH3A,High-Braak coupling,0.00442247264571809
IDH3G,AD-associated collapse,-0.02713834984141833
IDH3G,High-Braak coupling,0.00207218358156814
IGHG2,AD-associated collapse,-0.10487434660095141
IGHG2,High-Braak coupling,-0.03907002335620458
IMMT,AD-associated collapse,0.00102585096236115
IMMT,High-Braak coupling,0.00780057874460972
KIAA0391,AD-associated collapse,0.05725080432938587
KIAA0391,High-Braak coupling,0.01299504667546441
KPNB1,AD-associated collapse,-0.00986806925080236
KPNB1,High-Braak coupling,-0.00400869516578505
LAP3,AD-associated collapse,-0.01588380524619176
LAP3,High-Braak coupling,0.00260332768444152
LETM1,AD-associated collapse,-0.02199322950417701
LETM1,High-Braak coupling,0.00569769182515609
LONP1,AD-associated collapse,-0.03807712088176263
LONP1,High-Braak coupling,-0.0064080086594846
LRPPRC,AD-associated collapse,0.02454357377008342
LRPPRC,High-Braak coupling,0.0137046543955941
LUC7L2,AD-associated collapse,-0.01841646416950229
LUC7L2,High-Braak coupling,-0.01423258734659193
LYRM7,AD-associated collapse,-0.01167200430304774
LYRM7,High-Braak coupling,-0.0023074467321196
MARS2,AD-associated collapse,-0.05266585364651316
MARS2,High-Braak coupling,-0.00599107257990821
MCCC2,AD-associated collapse,-0.00552228596888616
MCCC2,High-Braak coupling,0.00116939568851764
MDH2,AD-associated collapse,-0.01126063406956745
MDH2,High-Braak coupling,0.00883074489211153
ME2,AD-associated collapse,0.0105065771062601
ME2,High-Braak coupling,0.00989924628828766
METTL17,AD-associated collapse,-0.00516551898948222
METTL17,High-Braak coupling,0.00577264602677902
MIPEP,AD-associated collapse,-0.01732507140843426
MIPEP,High-Braak coupling,0.00186104330240024
MMAB,AD-associated collapse,-0.00748411385525064
MMAB,High-Braak coupling,-0.00445298352693949
MOGS,AD-associated collapse,3.306714518739942e-4
MOGS,High-Braak coupling,-0.00157436962599937
MRPL10,AD-associated collapse,-0.04711650254090957
MRPL10,High-Braak coupling,-0.00523532965041857
MRPL13,AD-associated collapse,-2.8143996804491644e-4
MRPL13,High-Braak coupling,0.00502517553773836
MRPL14,AD-associated collapse,-0.03935149467323518
MRPL14,High-Braak coupling,4.29539101151899e-5
MRPL15,AD-associated collapse,0.01209171409680431
MRPL15,High-Braak coupling,0.00979387083042235
MRPL16,AD-associated collapse,5.818875619831437e-4
MRPL16,High-Braak coupling,0.00444220806321149
MRPL19,AD-associated collapse,-0.02701028857901509
MRPL19,High-Braak coupling,0.00407002956322342
MRPL22,AD-associated collapse,-0.03798132470394527
MRPL22,High-Braak coupling,0.00327985780283757
MRPL23,AD-associated collapse,0.02211536290396
MRPL23,High-Braak coupling,0.00949023930525008
MRPL3,AD-associated collapse,-0.00441339087195816
MRPL3,High-Braak coupling,0.0099445210127665
MRPL37,AD-associated collapse,-0.03605687416801179
MRPL37,High-Braak coupling,-0.00130006139395581
MRPL38,AD-associated collapse,0.01668188937258663
MRPL38,High-Braak coupling,0.01318026305470587
MRPL39,AD-associated collapse,0.00794371741615532
MRPL39,High-Braak coupling,0.00855517977603261
MRPL4,AD-associated collapse,-0.05993261082510497
MRPL4,High-Braak coupling,-0.00189851243439784
MRPL44,AD-associated collapse,-0.02857060994503742
MRPL44,High-Braak coupling,-0.00162698703779708
MRPL45,AD-associated collapse,-0.02361412786532596
MRPL45,High-Braak coupling,0.00131394648605285
MRPL47,AD-associated collapse,-7.404907926066712e-4
MRPL47,High-Braak coupling,0.01781986095149686
MRPL48,AD-associated collapse,0.02676357952761349
MRPL48,High-Braak coupling,0.01536709910439653
MRPL49,AD-associated collapse,0.0143480922494228
MRPL49,High-Braak coupling,0.0085118943203055
MRPL53,AD-associated collapse,0.02391661406193507
MRPL53,High-Braak coupling,0.01044013601049982
MRPL9,AD-associated collapse,-0.03669532359451805
MRPL9,High-Braak coupling,0.00775331443017308
MRPS12,AD-associated collapse,-0.03519646840453518
MRPS12,High-Braak coupling,0.00505181084185199
MRPS15,AD-associated collapse,-0.02564836735319255
MRPS15,High-Braak coupling,0.00658276965503314
MRPS16,AD-associated collapse,-0.04889896303988475
MRPS16,High-Braak coupling,-0.00215143482576255
MRPS2,AD-associated collapse,0.00708453033928155
MRPS2,High-Braak coupling,0.00547928713941467
MRPS22,AD-associated collapse,-0.00747846767967738
MRPS22,High-Braak coupling,0.00912028111743692
MRPS23,AD-associated collapse,0.01174553126529087
MRPS23,High-Braak coupling,0.010821754306363
MRPS25,AD-associated collapse,-0.01449382223358028
MRPS25,High-Braak coupling,0.00334015322143556
MRPS26,AD-associated collapse,0.01088224579686331
MRPS26,High-Braak coupling,0.0092141519698459
MRPS27,AD-associated collapse,-6.812558194977669e-4
MRPS27,High-Braak coupling,0.0087019292236208
MRPS30,AD-associated collapse,-0.01426620062286387
MRPS30,High-Braak coupling,0.00969972478495277
MRPS31,AD-associated collapse,-0.03706269693817436
MRPS31,High-Braak coupling,-3.0382810173170197e-4
MRPS33,AD-associated collapse,0.08046301324156843
MRPS33,High-Braak coupling,0.025818675954086
MRPS34,AD-associated collapse,0.03173037249613758
MRPS34,High-Braak coupling,0.01972870250241369
MRPS35,AD-associated collapse,-0.01851660861159967
MRPS35,High-Braak coupling,0.0018326845455826
MRPS36,AD-associated collapse,-0.04321706222223877
MRPS36,High-Braak coupling,0.0014362638912563
MRPS5,AD-associated collapse,-0.02264033694811713
MRPS5,High-Braak coupling,0.00395744021437532
MRPS6,AD-associated collapse,-0.00512634572596514
MRPS6,High-Braak coupling,0.00152512848075817
MRPS9,AD-associated collapse,-0.04709408889573101
MRPS9,High-Braak coupling,3.226993006845598e-4
MT-ATP6,AD-associated collapse,-0.01669352305283336
MT-ATP6,High-Braak coupling,0.00239923394154974
MT-CO2,AD-associated collapse,0.03747882552181719
MT-CO2,High-Braak coupling,0.01754808946634367
MTG1,AD-associated collapse,-0.06873484869701317
MTG1,High-Braak coupling,-0.00919174661155725
MTHFD1L,AD-associated collapse,-0.09574703060573428
MTHFD1L,High-Braak coupling,-0.01681090527949777
MTO1,AD-associated collapse,-0.00494645816324852
MTO1,High-Braak coupling,0.00637601635773972
MTPAP,AD-associated collapse,-0.03163499386538417
MTPAP,High-Braak coupling,0.00181403861340336
MTUS1,AD-associated collapse,-0.05957753821241996
MTUS1,High-Braak coupling,-0.00788541701579955
NADK2,AD-associated collapse,-6.555838066693576e-5
NADK2,High-Braak coupling,2.422648734679567e-4
NARS2,AD-associated collapse,-0.01957855026193049
NARS2,High-Braak coupling,-0.00607289338327407
NDUFA10,AD-associated collapse,0.02228791368712293
NDUFA10,High-Braak coupling,0.01355536822858923
NDUFA13,AD-associated collapse,0.03215976770320916
NDUFA13,High-Braak coupling,0.01582459513624996
NDUFA2,AD-associated collapse,0.03771651247286572
NDUFA2,High-Braak coupling,0.02047538401214638
NDUFA4,AD-associated collapse,0.00998210217860715
NDUFA4,High-Braak coupling,0.00878297429122412
NDUFA6,AD-associated collapse,0.01799490552085614
NDUFA6,High-Braak coupling,0.01428223929810744
NDUFA8,AD-associated collapse,0.01389100203425258
NDUFA8,High-Braak coupling,0.01300280327412106
NDUFA9,AD-associated collapse,-0.00131374365534517
NDUFA9,High-Braak coupling,0.00854133913105142
NDUFAF3,AD-associated collapse,0.05278276946703622
NDUFAF3,High-Braak coupling,0.01406319723467599
NDUFAF7,AD-associated collapse,0.03921289935032815
NDUFAF7,High-Braak coupling,0.01654777444067474
NDUFB1,AD-associated collapse,-0.00433685813908071
NDUFB1,High-Braak coupling,0.00154718544740783
NDUFB10,AD-associated collapse,0.02810853197308535
NDUFB10,High-Braak coupling,0.01444332778896376
NDUFS1,AD-associated collapse,0.02018502509898537
NDUFS1,High-Braak coupling,0.01462421076162311
NDUFS2,AD-associated collapse,0.01547874180213412
NDUFS2,High-Braak coupling,0.01126905564184907
NDUFS3,AD-associated collapse,0.02576123307279818
NDUFS3,High-Braak coupling,0.01420239703828227
NDUFS4,AD-associated collapse,0.02451203724853601
NDUFS4,High-Braak coupling,0.0143849950837097
NDUFV1,AD-associated collapse,0.02761943255475654
NDUFV1,High-Braak coupling,0.0165391107639031
NDUFV2,AD-associated collapse,0.01062864439175773
NDUFV2,High-Braak coupling,0.01287970039312537
NFS1,AD-associated collapse,-0.00225745250249703
NFS1,High-Braak coupling,0.00837361456601201
NFU1,AD-associated collapse,-0.03098042499680273
NFU1,High-Braak coupling,-1.7905045155939756e-4
NIPSNAP1,AD-associated collapse,-0.01109470975974222
NIPSNAP1,High-Braak coupling,0.00397157388926398
NIPSNAP3A,AD-associated collapse,0.04079550124066115
NIPSNAP3A,High-Braak coupling,0.01052413555459907
NSUN2,AD-associated collapse,-0.01353165152924452
NSUN2,High-Braak coupling,-0.00230017293676934
NSUN4,AD-associated collapse,-0.0174831303563893
NSUN4,High-Braak coupling,0.0059099634555105
NT5DC2,AD-associated collapse,-0.00825319242129187
NT5DC2,High-Braak coupling,-0.00785523479379865
NUDT19,AD-associated collapse,-0.01895512065104785
NUDT19,High-Braak coupling,0.00254258521323435
OAT,AD-associated collapse,0.04319287504144772
OAT,High-Braak coupling,0.0122364251109796
OGDH,AD-associated collapse,-0.02489344561954337
OGDH,High-Braak coupling,3.406062683710964e-4
P4HB,AD-associated collapse,-0.00950040020899211
P4HB,High-Braak coupling,0.00255089482725253
PC,AD-associated collapse,-0.02371446748424219
PC,High-Braak coupling,-0.00557322283809562
PCCB,AD-associated collapse,-0.04535028614891769
PCCB,High-Braak coupling,-0.00619902605711599
PCK2,AD-associated collapse,-0.01237195247341141
PCK2,High-Braak coupling,0.00451196839701551
PCMT1,AD-associated collapse,0.04201344611677839
PCMT1,High-Braak coupling,0.00876900983195303
PDHA1,AD-associated collapse,0.0545889870022952
PDHA1,High-Braak coupling,0.02186616099675117
PDHB,AD-associated collapse,0.03119213433127796
PDHB,High-Braak coupling,0.01683997693578352
PDHX,AD-associated collapse,0.01823248817097311
PDHX,High-Braak coupling,0.01454251566201999
PDIA6,AD-associated collapse,0.01438094408912713
PDIA6,High-Braak coupling,0.00529778479254116
PDK1,AD-associated collapse,0.02508392973803031
PDK1,High-Braak coupling,0.01227532685465883
PDK2,AD-associated collapse,-5.744701199936475e-4
PDK2,High-Braak coupling,0.00570741891067852
PDK3,AD-associated collapse,0.02254192395322607
PDK3,High-Braak coupling,0.02000276862143615
PGAM5,AD-associated collapse,-0.00143498085071998
PGAM5,High-Braak coupling,0.00291151810097654
PHB,AD-associated collapse,-0.00251582819679845
PHB,High-Braak coupling,0.00616613376832334
PHB2,AD-associated collapse,0.00362624436698182
PHB2,High-Braak coupling,0.00544571238426329
PIN4,AD-associated collapse,0.00899937154798201
PIN4,High-Braak coupling,0.00713644178008444
PITRM1,AD-associated collapse,0.00636788419139358
PITRM1,High-Braak coupling,0.00537741921863574
PMPCA,AD-associated collapse,0.04219557510565396
PMPCA,High-Braak coupling,0.01528194006584489
PMPCB,AD-associated collapse,0.08159766929657612
PMPCB,High-Braak coupling,0.02235919016021353
PNPT1,AD-associated collapse,0.00227651040491343
PNPT1,High-Braak coupling,0.00614891118202958
POLDIP2,AD-associated collapse,-0.01207266163952512
POLDIP2,High-Braak coupling,0.00206718220945393
POLG,AD-associated collapse,0.05958153453454304
POLG,High-Braak coupling,0.01716751026291903
POLRMT,AD-associated collapse,-0.06681112540341327
POLRMT,High-Braak coupling,-0.00827343460408428
PPA2,AD-associated collapse,-0.06512107615917208
PPA2,High-Braak coupling,-0.01648559155145244
PPIA,AD-associated collapse,-0.01424527515257775
PPIA,High-Braak coupling,-0.00773912049555079
PPIF,AD-associated collapse,0.03820286451246305
PPIF,High-Braak coupling,-0.00161255267334362
PPOX,AD-associated collapse,-0.01004747607137781
PPOX,High-Braak coupling,0.00142155944063276
PRDX3,AD-associated collapse,-0.01212631227356489
PRDX3,High-Braak coupling,0.00302710125402392
PRDX4,AD-associated collapse,-0.2911450055579096
PRDX4,High-Braak coupling,-0.05994010394077836
PTCD3,AD-associated collapse,-0.00489681504941982
PTCD3,High-Braak coupling,0.00261681889473921
PTPMT1,AD-associated collapse,-0.04340249769346358
PTPMT1,High-Braak coupling,-0.00664158827845291
PYCR2,AD-associated collapse,-0.01722408999471156
PYCR2,High-Braak coupling,-0.00134551853406953
QRSL1,AD-associated collapse,-0.00595581092913555
QRSL1,High-Braak coupling,-9.058756516126752e-4
RPL11,AD-associated collapse,0.02149804374764036
RPL11,High-Braak coupling,0.0057480938334605
RPL23,AD-associated collapse,0.01163310056860107
RPL23,High-Braak coupling,0.00321977174758137
RPL23A,AD-associated collapse,0.03134323029238139
RPL23A,High-Braak coupling,0.00753911487970499
RPL31,AD-associated collapse,0.01992327743731055
RPL31,High-Braak coupling,0.0053586317470949
RPL9,AD-associated collapse,-0.01324700096251085
RPL9,High-Braak coupling,-0.00129088905427516
RPS10,AD-associated collapse,-0.01022823169494009
RPS10,High-Braak coupling,9.392571004159852e-4
RPS11,AD-associated collapse,-5.226694209477557e-4
RPS11,High-Braak coupling,0.00280410135445961
RPS15A,AD-associated collapse,0.01739427909295968
RPS15A,High-Braak coupling,0.00324171023778572
RPS16,AD-associated collapse,0.03213107340880725
RPS16,High-Braak coupling,0.00729857946040473
RPS18,AD-associated collapse,-0.02037411042826046
RPS18,High-Braak coupling,0.0190959498689925
RPS3,AD-associated collapse,0.01006651101578778
RPS3,High-Braak coupling,0.0034894359145305
RPS4X,AD-associated collapse,0.03249138681407793
RPS4X,High-Braak coupling,0.01242868798505502
RPS6,AD-associated collapse,0.0206846586336212
RPS6,High-Braak coupling,0.01087778547727156
RPS8,AD-associated collapse,0.03712535517765694
RPS8,High-Braak coupling,0.01401875650196604
RPS9,AD-associated collapse,-0.04820891970806778
RPS9,High-Braak coupling,0.00620452024776599
RPUSD3,AD-associated collapse,-0.0832056257203478
RPUSD3,High-Braak coupling,-0.00704183859142544
SAMM50,AD-associated collapse,-0.02801493730638432
SAMM50,High-Braak coupling,0.0023271297474461
SARS2,AD-associated collapse,-0.02190145084296893
SARS2,High-Braak coupling,0.00368487411058347
SDHA,AD-associated collapse,0.00106287988724937
SDHA,High-Braak coupling,0.00650179539024297
SDHB,AD-associated collapse,0.00194136286668505
SDHB,High-Braak coupling,0.00608484832230286
SERPINH1,AD-associated collapse,-0.04680187549838415
SERPINH1,High-Braak coupling,-0.01012622078841073
SHMT2,AD-associated collapse,-0.07869233355904087
SHMT2,High-Braak coupling,9.191939901922324e-7
SLC25A13,AD-associated collapse,0.1113892866735392
SLC25A13,High-Braak coupling,0.02355540728683202
SLC25A5,AD-associated collapse,0.01714617231069484
SLC25A5,High-Braak coupling,0.01050487950058935
SLC25A6,AD-associated collapse,0.02667410413831741
SLC25A6,High-Braak coupling,0.01225606114448618
SLIRP,AD-associated collapse,0.01298051834956731
SLIRP,High-Braak coupling,0.01306592419081222
SOD2,AD-associated collapse,-0.1175353826124017
SOD2,High-Braak coupling,-0.02669374442101435
SPRYD4,AD-associated collapse,0.01807847651679311
SPRYD4,High-Braak coupling,0.00912979408501951
SSBP1,AD-associated collapse,0.01156414696367982
SSBP1,High-Braak coupling,0.0105093395303401
ST13,AD-associated collapse,0.03476497849210872
ST13,High-Braak coupling,0.00696473418217334
STOML2,AD-associated collapse,0.00200793042286522
STOML2,High-Braak coupling,0.00588237129640909
SUCLA2,AD-associated collapse,-0.01357847385784627
SUCLA2,High-Braak coupling,0.00575378932633295
SUCLG1,AD-associated collapse,-0.01686101592512413
SUCLG1,High-Braak coupling,0.00431062067097265
SUCLG2,AD-associated collapse,-0.05971699223142686
SUCLG2,High-Braak coupling,-0.02222362281816183
SUPV3L1,AD-associated collapse,-0.01757553563200777
SUPV3L1,High-Braak coupling,-1.6225434456162372e-5
SYNE1,AD-associated collapse,-0.00881492425737218
SYNE1,High-Braak coupling,5.28800848861634e-4
TACO1,AD-associated collapse,-0.00145291228929317
TACO1,High-Braak coupling,0.00821594729644103
TAMM41,AD-associated collapse,0.00584554498785791
TAMM41,High-Braak coupling,0.01588199867817298
TARS2,AD-associated collapse,-0.03560383429019211
TARS2,High-Braak coupling,-0.00172845895192296
TBRG4,AD-associated collapse,-0.00846666583589389
TBRG4,High-Braak coupling,0.00562506418484708
TFAM,AD-associated collapse,0.01311633323111122
TFAM,High-Braak coupling,0.00534869968113865
TIMM13,AD-associated collapse,-0.0158859428419241
TIMM13,High-Braak coupling,0.00398510662167036
TIMM44,AD-associated collapse,0.0118819045923435
TIMM44,High-Braak coupling,0.0063592204061702
TIMM8B,AD-associated collapse,-0.03862128584772467
TIMM8B,High-Braak coupling,0.0028212627264715
TRAP1,AD-associated collapse,-0.00248704611745646
TRAP1,High-Braak coupling,0.00633315560279224
TRMU,AD-associated collapse,-0.02637136096994157
TRMU,High-Braak coupling,-0.00226689973130169
TRUB1,AD-associated collapse,-0.00152098782947748
TRUB1,High-Braak coupling,0.00536061247905303
TRUB2,AD-associated collapse,0.01216469994649445
TRUB2,High-Braak coupling,0.0179434870519221
TSFM,AD-associated collapse,-0.00205160525210004
TSFM,High-Braak coupling,0.00893993992742677
TST,AD-associated collapse,-0.10373821239238838
TST,High-Braak coupling,-0.02321411440965537
TUBA1B,AD-associated collapse,0.07045619344184274
TUBA1B,High-Braak coupling,0.01463774535534638
TUBB,AD-associated collapse,0.07283770151224626
TUBB,High-Braak coupling,0.01864980429046247
TUBB4B,AD-associated collapse,0.09412251974631894
TUBB4B,High-Braak coupling,0.0221127272797191
TUFM,AD-associated collapse,0.01194856461183502
TUFM,High-Braak coupling,0.00944755075451589
UQCRC1,AD-associated collapse,6.227814042916724e-4
UQCRC1,High-Braak coupling,0.00724590805366084
UQCRC2,AD-associated collapse,-0.00646133064972973
UQCRC2,High-Braak coupling,0.00664938560507272
UQCRFS1,AD-associated collapse,-0.00473509587255199
UQCRFS1,High-Braak coupling,0.00726472303747844
VARS2,AD-associated collapse,-0.05794422034890206
VARS2,High-Braak coupling,-0.00513332490644639
XPNPEP3,AD-associated collapse,0.03335921309953865
XPNPEP3,High-Braak coupling,0.01210960493639785
YARS2,AD-associated collapse,-0.03180779669094962
YARS2,High-Braak coupling,-0.0045538847654073
YWHAE,AD-associated collapse,0.02827146866512828
YWHAE,High-Braak coupling,0.00797588071427934
ZADH2,AD-associated collapse,0.00721691136248675
ZADH2,High-Braak coupling,0.00451259483503793
