source,md5_before,md5_after
/Users/ashlynsloane/Buck Institute 25-26/ROSMAP Analysis March 26/hsp60_10_rosmap_publication_ready_repo/outputs/main_figures/tables/main_fig1_all_clients/Fig1A_all_clients_overlay_summary.csv,8d24d77ef42de9ea9319b0675b19b273,8d24d77ef42de9ea9319b0675b19b273
/Users/ashlynsloane/Buck Institute 25-26/ROSMAP Analysis March 26/hsp60_10_rosmap_publication_ready_repo/outputs/main_figures/tables/figure5_null_input_COVARIATE_ADJUSTED.csv,b813f7a257deb93f44b5d0cbd8878677,b813f7a257deb93f44b5d0cbd8878677
/Users/ashlynsloane/Buck Institute 25-26/ROSMAP Analysis March 26/hsp60_10_rosmap_publication_ready_repo/outputs/main_figures/tables/main_fig5_matched_null_specificity/Fig5_gene_universe_cognition_summary_by_gene.csv,9a976b25d02b569726555bf0061d0c61,9a976b25d02b569726555bf0061d0c61
/Users/ashlynsloane/Buck Institute 25-26/ROSMAP Analysis March 26/hsp60_10_rosmap_publication_ready_repo/outputs/supplemental_figures/audits/SuppFig3_matched_null_permutation_values.csv,cda08a068c6296549694120c5e5f493e,cda08a068c6296549694120c5e5f493e
/Users/ashlynsloane/Buck Institute 25-26/ROSMAP Analysis March 26/hsp60_10_rosmap_publication_ready_repo/outputs/supplemental_figures/audits/SuppFig4_plotted_gene_level_values.csv,e5db2f7ab8c95e52f5676d2e4b295545,e5db2f7ab8c95e52f5676d2e4b295545
/Users/ashlynsloane/Buck Institute 25-26/ROSMAP Analysis March 26/hsp60_10_rosmap_publication_ready_repo/outputs/supplemental_figures/audits/SuppFig5_cross_cohort_gene_values.csv,5af45b56c4b06208d3928e1fe9f9a534,5af45b56c4b06208d3928e1fe9f9a534
/Users/ashlynsloane/Buck Institute 25-26/ROSMAP Analysis March 26/hsp60_10_rosmap_publication_ready_repo/outputs/reviewer_revisions/regional_formal_interaction/validated_final/FINAL_region_x_AD_interaction_Hsp60_clients.csv,0d4cefb8c64ea94a8da750891b5e161d,0d4cefb8c64ea94a8da750891b5e161d
/Users/ashlynsloane/Buck Institute 25-26/ROSMAP Analysis March 26/hsp60_10_rosmap_publication_ready_repo/outputs/reviewer_revisions/regional_formal_interaction/validated_final/FINAL_region_x_Braak_continuous_interaction_Hsp60_clients.csv,d3c3d5cb4b8725c35a24db517f8addbe,d3c3d5cb4b8725c35a24db517f8addbe
/Users/ashlynsloane/Buck Institute 25-26/ROSMAP Analysis March 26/hsp60_10_rosmap_publication_ready_repo/outputs/reviewer_revisions/regional_formal_interaction/validated_final/FINAL_regional_interaction_summary.csv,687454023d1b73000d484dc314d4e2c0,687454023d1b73000d484dc314d4e2c0
/Users/ashlynsloane/Buck Institute 25-26/ROSMAP Analysis March 26/hsp60_10_rosmap_publication_ready_repo/outputs/reviewer_revisions/regional_formal_interaction/hsp_conclusion_audit/Hsp_pathway_score_primary_interactions.csv,3d6d2c68525a08144047b9a8baf2377a,3d6d2c68525a08144047b9a8baf2377a
/Users/ashlynsloane/Buck Institute 25-26/ROSMAP Analysis March 26/hsp60_10_rosmap_publication_ready_repo/outputs/reviewer_revisions/conventional_stage_differential_final/17_PRIMARY_cross_modal_Hsp60_10_side_by_side_NO_SUBTRACTION.csv,26eedff2105c41001bcba513330ed888,26eedff2105c41001bcba513330ed888
/Users/ashlynsloane/Buck Institute 25-26/ROSMAP Analysis March 26/hsp60_10_rosmap_publication_ready_repo/outputs/reviewer_revisions/conventional_stage_differential_final/18_PRIMARY_cross_modal_Hsp60_10_summary_NO_SUBTRACTION.csv,656612efdec72aa4f27cb0bf4e29631a,656612efdec72aa4f27cb0bf4e29631a
/Users/ashlynsloane/Buck Institute 25-26/ROSMAP Analysis March 26/hsp60_10_rosmap_publication_ready_repo/outputs/reviewer_revisions/Hsp_pathway_PC1_sensitivity/participant_mean_z_and_PC1_scores.csv,6852d8f7e1b3a0ea2cdb5c33707f1eff,6852d8f7e1b3a0ea2cdb5c33707f1eff
/Users/ashlynsloane/Buck Institute 25-26/ROSMAP Analysis March 26/hsp60_10_rosmap_publication_ready_repo/outputs/reviewer_revisions/Hsp_pathway_PC1_sensitivity/stage_score_summary.csv,2193802e68513a3a2214e68572b0cc2d,2193802e68513a3a2214e68572b0cc2d
/Users/ashlynsloane/Buck Institute 25-26/ROSMAP Analysis March 26/hsp60_10_rosmap_publication_ready_repo/outputs/reviewer_revisions/Hsp_pathway_PC1_sensitivity/stage_Wilcoxon_mean_z_vs_PC1.csv,994c05b58c5cb01557f6267e70cd1d45,994c05b58c5cb01557f6267e70cd1d45
/Users/ashlynsloane/Buck Institute 25-26/ROSMAP Analysis March 26/hsp60_10_rosmap_publication_ready_repo/outputs/reviewer_revisions/Hsp_pathway_PC1_sensitivity/mean_z_vs_PC1_concordance.csv,8f5e563a73ee3662979b0f4168a14154,8f5e563a73ee3662979b0f4168a14154
/Users/ashlynsloane/Buck Institute 25-26/ROSMAP Analysis March 26/hsp60_10_rosmap_publication_ready_repo/outputs/reviewer_revisions/variancePartition_source_of_variation/MASTER_variance_fraction_summary.csv,daf7049b3c8c625a8c10a6aa696c0241,daf7049b3c8c625a8c10a6aa696c0241
/Users/ashlynsloane/Buck Institute 25-26/ROSMAP Analysis March 26/hsp60_10_rosmap_publication_ready_repo/outputs/reviewer_revisions/alternative_mechanism_marker_panel/marker_stage_limma_results.csv,d9977cd3c2424f7fde78693d6893b7d2,d9977cd3c2424f7fde78693d6893b7d2
/Users/ashlynsloane/Buck Institute 25-26/ROSMAP Analysis March 26/hsp60_10_rosmap_publication_ready_repo/outputs/reviewer_revisions/alternative_mechanism_marker_panel/marker_category_stage_summary.csv,ca1c9e593a7802bef3dacba343a74175,ca1c9e593a7802bef3dacba343a74175
/Users/ashlynsloane/Buck Institute 25-26/ROSMAP Analysis March 26/hsp60_10_rosmap_publication_ready_repo/outputs/reviewer_revisions/alternative_mechanism_marker_panel/undetected_prespecified_markers.csv,0b79480c0a0ced990dcfe6748500f4ca,0b79480c0a0ced990dcfe6748500f4ca
