group,detection_rate_category,n_genes,group_n,fraction,group_label
Non-client mitochondrial proteins,0%,268,877,0.3055872291904219,"Non-client mitochondrial proteins
(n = 877)"
Non-client mitochondrial proteins,>0-50%,0,877,0,"Non-client mitochondrial proteins
(n = 877)"
Non-client mitochondrial proteins,50-95%,117,877,0.13340935005701254,"Non-client mitochondrial proteins
(n = 877)"
Non-client mitochondrial proteins,>=95%,492,877,0.5610034207525656,"Non-client mitochondrial proteins
(n = 877)"
Hsp60/10 clients,0%,15,321,0.04672897196261682,"Hsp60/10 clients
(n = 321)"
Hsp60/10 clients,>0-50%,0,321,0,"Hsp60/10 clients
(n = 321)"
Hsp60/10 clients,50-95%,17,321,0.0529595015576324,"Hsp60/10 clients
(n = 321)"
Hsp60/10 clients,>=95%,289,321,0.9003115264797508,"Hsp60/10 clients
(n = 321)"
