gene,group,rosmap_inverse_braak,rosmap_late_decline
AARS2,Hsp60/10 clients,0.02134509624255183,0.01243691511266269
ABHD10,Hsp60/10 clients,0.05365340550244547,0.00892902634638653
ABHD11,Hsp60/10 clients,0.06490631079866568,0.03630146236252458
ACAA2,Hsp60/10 clients,0.2121337020735812,0.00450200360274538
ACAD9,Hsp60/10 clients,0.09586261519706991,0.06501185919832192
ACADVL,Hsp60/10 clients,0.02532225877954829,0.03777403831627815
ACAT1,Hsp60/10 clients,0,0
ACO2,Hsp60/10 clients,0.00138144542410436,0
ACOT13,Hsp60/10 clients,0.02804983013394797,0.02230558933593648
ACSF3,Hsp60/10 clients,0.06801793256792844,0.03365118583986903
ADCK3,Hsp60/10 clients,0.00143278440329793,0
ADCK4,Hsp60/10 clients,0.03190195184505164,0.04864614727545582
AFG3L2,Hsp60/10 clients,0.03067844167269854,0.01891129835784508
AIFM1,Hsp60/10 clients,0.07383261118576764,0.00920629010259616
AK2,Hsp60/10 clients,0.10402824373303406,0.02806471907980098
AK3,Hsp60/10 clients,0.01151593884904954,0.01277975435267092
AK4,Hsp60/10 clients,0,0
AKR7A2,Hsp60/10 clients,0,0
ALDH18A1,Hsp60/10 clients,0,0.007890906509009
ALDH1B1,Hsp60/10 clients,0,0
ALDH2,Hsp60/10 clients,0.06949078673856669,0.00894407522880591
ALDH5A1,Hsp60/10 clients,0.05397327377042581,0.0239533798293459
ALDH7A1,Hsp60/10 clients,0,0
ALDH9A1,Hsp60/10 clients,0.021477586124031,0
ALYREF,Hsp60/10 clients,0,0
ARL2,Hsp60/10 clients,0,0.02411136981935933
ATAD3A,Hsp60/10 clients,0.06919033833328127,0.02771996118655223
ATP5D,Hsp60/10 clients,0,0.00498220575349922
ATP5F1,Hsp60/10 clients,0.01851709900942037,0.01063866930488799
ATP5F1A,Hsp60/10 clients,0.07577683808016068,0.00628245385544792
ATP5F1B,Hsp60/10 clients,0.04666898876712887,0
ATP5F1C,Hsp60/10 clients,0.02242715222789708,0.02225551568752104
ATP5H,Hsp60/10 clients,0,0.0035826520016981
ATP5J2-PTCD1,Hsp60/10 clients,0,0
ATP5L,Hsp60/10 clients,0.02436913800356116,0.01718258072105116
ATP5O,Hsp60/10 clients,0.01782063859915579,0.01681708917141612
BCAT2,Hsp60/10 clients,0.165284460836051,0.09114530444756982
BCKDHB,Hsp60/10 clients,0.1950321205319419,0.0400639666792246
BCKDK,Hsp60/10 clients,0.11037524730428767,0.01392597182177346
BCS1L,Hsp60/10 clients,0.1257512241101401,0.01332245900046287
C1QBP,Hsp60/10 clients,0.029244714508448,0.00376062824992473
CARS2,Hsp60/10 clients,0.02162685909991996,0
CBR4,Hsp60/10 clients,0.16050423006620304,0.0489879391594597
CCDC90B,Hsp60/10 clients,0,0
CCT3,Hsp60/10 clients,0.02056723393083889,0
CCT6A,Hsp60/10 clients,7.09441979945903e-4,0
CECR5,Hsp60/10 clients,0,0.02630140786381685
CHCHD1,Hsp60/10 clients,0,0.05173541499376644
CLPP,Hsp60/10 clients,0.00536250484847937,0
CLPX,Hsp60/10 clients,0.00542715566247175,0
CNP,Hsp60/10 clients,0.02807998294452388,0
COX4I1,Hsp60/10 clients,0.05781351557196938,0.03232208021746202
COX7A2L,Hsp60/10 clients,0.0518598551586904,0.04548828950414946
CPOX,Hsp60/10 clients,0.0341039124981532,0.00491796165386486
CPT2,Hsp60/10 clients,0,0.05459194057945041
CRYZ,Hsp60/10 clients,0,0
CS,Hsp60/10 clients,0.02073885232116024,0.03486784388865011
CYC1,Hsp60/10 clients,0.09593849239672404,0.03653789449638765
DAP3,Hsp60/10 clients,0.1524048389609171,0.08251312620401802
DARS2,Hsp60/10 clients,0,0.0112531101903881
DCXR,Hsp60/10 clients,0.01962327068051083,0.01206367578903125
DHX30,Hsp60/10 clients,0,0.00471609505655062
DLAT,Hsp60/10 clients,0.07112474088629431,0.01568194220033342
DLD,Hsp60/10 clients,0.06091903403280538,0.03327048317445746
DLST,Hsp60/10 clients,0.07639511551088567,0.00503420254871683
DNAJA3,Hsp60/10 clients,0,0.00350160277730021
EARS2,Hsp60/10 clients,0,0.03526642799351368
ECH1,Hsp60/10 clients,0.1087676858676256,0.0033658209861182
ECHDC1,Hsp60/10 clients,0,0.01285706040443657
ECHS1,Hsp60/10 clients,0.1026385660214752,0.02547970759997737
ECI1,Hsp60/10 clients,0.07702749728596871,0.01573728183005196
ECI2,Hsp60/10 clients,0.12274038669883416,0.02936453307908049
EEF1A1,Hsp60/10 clients,0,0
EEF1B2,Hsp60/10 clients,0,0.02036165376899418
ENO1,Hsp60/10 clients,0,0
ERAL1,Hsp60/10 clients,0.05452395190525679,0.02094900860390739
ETFA,Hsp60/10 clients,0.00800965346458557,0.0173165163760668
ETFB,Hsp60/10 clients,0.00568900926294054,0.01522529883022083
FAHD1,Hsp60/10 clients,0.03175610020015794,0.02326532877803799
FASTKD5,Hsp60/10 clients,0.085574596821333615,0.04072765958115228
FDXR,Hsp60/10 clients,0,0
FECH,Hsp60/10 clients,0.0307839918000634,0.00614103469435881
FH,Hsp60/10 clients,0.01363867974837428,0
FLAD1,Hsp60/10 clients,0.03311886473794297,0.02533242058459595
FOXRED1,Hsp60/10 clients,0.07415031670547116,0.03172246030370103
GADD45GIP1,Hsp60/10 clients,0.06056313465717496,0.03474755381295313
GAPDH,Hsp60/10 clients,0,0
GCAT,Hsp60/10 clients,0.00296532719731262,0
GFM1,Hsp60/10 clients,0.01866155280350616,0.02132610753010413
GFM2,Hsp60/10 clients,0.07010499336778973,0
GLDC,Hsp60/10 clients,0.12940775982267358,0.04160769372030632
GLRX5,Hsp60/10 clients,0,0
GLS,Hsp60/10 clients,0.03818648409529564,0.00450549320120985
GLUD1,Hsp60/10 clients,0.01658770968559047,0
GNG12,Hsp60/10 clients,0,0
GOT2,Hsp60/10 clients,0.05479326039911986,0.00850136059903419
GPT2,Hsp60/10 clients,0.05536998402052428,0.04162609616421564
GRPEL1,Hsp60/10 clients,0.08694421699681208,0.00612568401149416
GRSF1,Hsp60/10 clients,0.17885112006630408,0.00695715958933357
GSR,Hsp60/10 clients,0.01267382981905363,0
GSTK1,Hsp60/10 clients,0.1538035734014327,0.04140798545802171
GUF1,Hsp60/10 clients,0.04863466769885489,0
HADH,Hsp60/10 clients,0.07520217608195637,0.00868257315822169
HADHA,Hsp60/10 clients,0.0904260400238736,0.02657105858326236
HADHB,Hsp60/10 clients,0.10866365456535931,0.0410338378369834
HAGH,Hsp60/10 clients,0.06289194949648474,0.00281649209146402
HARS,Hsp60/10 clients,0.10976722075397376,0.01619602320032649
HARS2,Hsp60/10 clients,0.01378049221440455,0.02026759301738774
HIBCH,Hsp60/10 clients,0,0.00260484794699517
HINT2,Hsp60/10 clients,0,0
HSD17B10,Hsp60/10 clients,0,0.01045922996175714
HSD17B8,Hsp60/10 clients,0.12487249862938991,0.03335651017257476
HSP90AA1,Hsp60/10 clients,0.02904307519923084,0
HSP90AB1,Hsp60/10 clients,0.03367707188864333,0
HSPA5,Hsp60/10 clients,0.02126381950959001,0
HSPA9,Hsp60/10 clients,0.03834409588420923,0.01412008258379796
IARS2,Hsp60/10 clients,0.06166205861963513,0.00964890525560116
IBA57,Hsp60/10 clients,0,0
ICT1,Hsp60/10 clients,0.11350055875934296,0.04794902956042687
IDH2,Hsp60/10 clients,0.15131443049139423,0.03389083187090414
IDH3A,Hsp60/10 clients,0.02633809187238399,0.01927567394784135
IDH3G,Hsp60/10 clients,0.00203596272127507,0.00195993068759903
IGHG2,Hsp60/10 clients,0.015241231534362,0
IMMT,Hsp60/10 clients,0.07339461008735482,0.0240805076834058
KIAA0391,Hsp60/10 clients,0.01715202416642177,0.0158206317206191
KPNB1,Hsp60/10 clients,0,0
LAP3,Hsp60/10 clients,0.00990497823490754,1.2439871144069407e-4
LETM1,Hsp60/10 clients,0.03591891445195207,0.01274769818009675
LONP1,Hsp60/10 clients,0.0960462268435661,0.01992593725267702
LRPPRC,Hsp60/10 clients,0.17222499602366054,0.06567016422460983
LYRM7,Hsp60/10 clients,0.06139602151509275,0.01236832525092602
MARS2,Hsp60/10 clients,0,0.01019141052436795
MCCC2,Hsp60/10 clients,0.0864139436494992,0.00831367185655594
MDH2,Hsp60/10 clients,0.03611793780756213,0
ME2,Hsp60/10 clients,0.02847021019161612,0.03754306333650732
METTL17,Hsp60/10 clients,0,0
MIPEP,Hsp60/10 clients,0,0.0379137684691527
MMAB,Hsp60/10 clients,0.02390569920917677,0.01484872064917825
MOGS,Hsp60/10 clients,0,0.00220796409505337
MRPL10,Hsp60/10 clients,0.08092437582118263,0.02851835433933555
MRPL13,Hsp60/10 clients,0,0.01302263770003048
MRPL14,Hsp60/10 clients,0.0448458476952702,0.06378775387490701
MRPL15,Hsp60/10 clients,0.10428902151709224,0.05597500479861619
MRPL16,Hsp60/10 clients,0.00703376965598479,0.04642744200515074
MRPL19,Hsp60/10 clients,0.04110577286813463,0.04038482265021295
MRPL22,Hsp60/10 clients,0.14628824095707843,0.04475508843890375
MRPL23,Hsp60/10 clients,0,0
MRPL3,Hsp60/10 clients,0.05378384729771859,0.02407083431755641
MRPL37,Hsp60/10 clients,0.0982948498953818,0.05499910644753016
MRPL38,Hsp60/10 clients,0,0.02726060395923514
MRPL39,Hsp60/10 clients,0.08912959165229266,0.06179638582763114
MRPL4,Hsp60/10 clients,0,0
MRPL44,Hsp60/10 clients,0.03964682276218852,0.04962132521146573
MRPL45,Hsp60/10 clients,0.042308539718009,0.04612492402180676
MRPL47,Hsp60/10 clients,0.08544034523624175,0.0815805922400322
MRPL48,Hsp60/10 clients,0.1048567129773441,0.06877524782706158
MRPL49,Hsp60/10 clients,0.069099007411451,0.05316264287167228
MRPL53,Hsp60/10 clients,0.12169227786333608,0.0710777570626881
MRPL9,Hsp60/10 clients,0.03914731272573867,0.05803689863429018
MRPS12,Hsp60/10 clients,0.08930404803094491,0.04923322819931813
MRPS15,Hsp60/10 clients,0.12697953707225204,0.04501088488121915
MRPS16,Hsp60/10 clients,0.15738926620806346,0.05612578416035432
MRPS2,Hsp60/10 clients,0.1410029913134531,0.0653068006952393
MRPS22,Hsp60/10 clients,0.11808470350616648,0.06437832723876802
MRPS23,Hsp60/10 clients,0.0932650605542241,0.06017711741976366
MRPS25,Hsp60/10 clients,0.09580417202231475,0.05424146968436698
MRPS26,Hsp60/10 clients,0.05210720580217549,0.02468402910075151
MRPS27,Hsp60/10 clients,0.07221350164803356,0.06612442264088993
MRPS30,Hsp60/10 clients,0.04487519726367526,0.05499227214687935
MRPS31,Hsp60/10 clients,0.06040574872383902,0.03065986520278457
MRPS33,Hsp60/10 clients,0.17946941152643286,0.0750365410125386
MRPS34,Hsp60/10 clients,0.06605067533349597,0.07645727261213414
MRPS35,Hsp60/10 clients,0.13804187069767487,0.08578984893627051
MRPS36,Hsp60/10 clients,0.03354431296814453,0.02412224993687756
MRPS5,Hsp60/10 clients,0.10840189031637984,0.0611181974847452
MRPS6,Hsp60/10 clients,0.05994959331610128,0.02975065329839338
MRPS9,Hsp60/10 clients,0.14833107314932756,0.05030227608808016
MT-ATP6,Hsp60/10 clients,0,0.01314696140566634
MT-CO2,Hsp60/10 clients,0,0.00956123608925974
MTG1,Hsp60/10 clients,0.01434463971674937,0.02156350158373454
MTHFD1L,Hsp60/10 clients,0,0
MTO1,Hsp60/10 clients,0,0.0050627606974557
MTPAP,Hsp60/10 clients,0.11351258979556152,0
NADK2,Hsp60/10 clients,0,0
NARS2,Hsp60/10 clients,0,0
NDUFA10,Hsp60/10 clients,0.07429796977121453,0.0282925830607709
NDUFA13,Hsp60/10 clients,0.06398948451545805,0.03371903407050989
NDUFA2,Hsp60/10 clients,0.04698561169117823,0.03271436245293988
NDUFA4,Hsp60/10 clients,0.04254576044437482,0.03593683676416365
NDUFA6,Hsp60/10 clients,0.03590677813648376,0.03104572796192183
NDUFA8,Hsp60/10 clients,0.08376231782117452,0.04582096565722522
NDUFA9,Hsp60/10 clients,0,0.02536033433628631
NDUFAF3,Hsp60/10 clients,0,0
NDUFAF7,Hsp60/10 clients,0.14062743655265056,0.05557849508962349
NDUFB1,Hsp60/10 clients,0.06385435972280419,0.04692650049194069
NDUFB10,Hsp60/10 clients,0.00752000787032691,0.01364669072495753
NDUFS1,Hsp60/10 clients,0.07413210651539577,0.02809057691645605
NDUFS2,Hsp60/10 clients,0.098733551686481,0.03062859823863015
NDUFS3,Hsp60/10 clients,0.01724766889152873,0.01818097494987769
NDUFS4,Hsp60/10 clients,0.04679230693694546,0.03761869630555878
NDUFV1,Hsp60/10 clients,0.05634942736789725,0.0398711422137858
NDUFV2,Hsp60/10 clients,0.02041673465809629,0.02253576538055537
NFS1,Hsp60/10 clients,0.14638481960488128,0.0280336966802356
NFU1,Hsp60/10 clients,0,0
NIPSNAP1,Hsp60/10 clients,0.05834702447237777,0.03710263087623849
NIPSNAP3A,Hsp60/10 clients,0,0.0132337220607327
NSUN2,Hsp60/10 clients,0.06275331070351696,0.0127308283062618
NSUN4,Hsp60/10 clients,0.04705944017774698,0.02991523496738229
NT5DC2,Hsp60/10 clients,0,0.02248795015436289
NUDT19,Hsp60/10 clients,0,0.04033412752269981
OAT,Hsp60/10 clients,0.10756500269896262,0.02243977063042684
OGDH,Hsp60/10 clients,0.03380976494349833,0.02028958717633977
P4HB,Hsp60/10 clients,0.15061463363691946,0.01508570939530395
PC,Hsp60/10 clients,0.07240114442569497,0.01780580369499537
PCCB,Hsp60/10 clients,0.03071158453819018,0.00435555451575425
PCK2,Hsp60/10 clients,0,0.02847798357586231
PCMT1,Hsp60/10 clients,0.03172544486594522,0
PDHA1,Hsp60/10 clients,0.15443251973614971,0.03509005142224455
PDHB,Hsp60/10 clients,0.12563300509228756,0.01816658909787516
PDHX,Hsp60/10 clients,0.08058275755390783,0.03634718965433087
PDIA6,Hsp60/10 clients,0.10187125897692392,0.0043036773465041
PDK1,Hsp60/10 clients,0.04107351622403975,0
PDK2,Hsp60/10 clients,0.03187998666793368,0.01472747265679171
PDK3,Hsp60/10 clients,0.12897053639246644,0.03611212243952125
PGAM5,Hsp60/10 clients,0.07282998080668932,0.01599838937036551
PHB,Hsp60/10 clients,0.00140429926124596,0.0107082874720106
PHB2,Hsp60/10 clients,0.02766427249974023,0.01566618921725332
PIN4,Hsp60/10 clients,0,0
PITRM1,Hsp60/10 clients,0,0.04597965329685419
PMPCA,Hsp60/10 clients,0.1159390723254834,0.00963702638207547
PMPCB,Hsp60/10 clients,0.11310242122163087,0.01868755989703717
PNPT1,Hsp60/10 clients,0.1658482643640326,0.01136057397475873
POLDIP2,Hsp60/10 clients,0.09108927480861592,0.00643332805365946
POLG,Hsp60/10 clients,0,0.05338947542899214
POLRMT,Hsp60/10 clients,0.17646784609528154,0.02061226405596065
PPA2,Hsp60/10 clients,0.06543474416974698,0.04474355500616199
PPIA,Hsp60/10 clients,0,0
PPIF,Hsp60/10 clients,0.09537699696090328,0.01827304188892519
PPOX,Hsp60/10 clients,0,0
PRDX3,Hsp60/10 clients,0.03377648361096282,0
PRDX4,Hsp60/10 clients,0.04121238422659574,0.02198412994451509
PTCD3,Hsp60/10 clients,0.13114479729709247,0.07566692663366953
PTPMT1,Hsp60/10 clients,0.09189687057548214,0.03774868173825851
PYCR2,Hsp60/10 clients,0.2042431643188287,0.0566088066901362
QRSL1,Hsp60/10 clients,0.02418882177775121,0
RNMTL1,Hsp60/10 clients,0.01376678570784121,0.01458333359359059
RPL11,Hsp60/10 clients,0.1343754708521678,0.02147787508145939
RPL23,Hsp60/10 clients,0.10167111119579152,0.01427878965493939
RPL23A,Hsp60/10 clients,0.1121844160297198,0.02625908818101735
RPL31,Hsp60/10 clients,0,0.00486092797029336
RPL9,Hsp60/10 clients,0.17767200804069838,0.02528419489284863
RPS10,Hsp60/10 clients,0.08558495270693058,0.02579212589149646
RPS11,Hsp60/10 clients,0.07909000205690148,0.02285693861370669
RPS15A,Hsp60/10 clients,0.07700619106887117,0.02873207595879112
RPS16,Hsp60/10 clients,0.17151440606678173,0.02636272748813961
RPS18,Hsp60/10 clients,0.07826971822075511,0.02582207288363497
RPS3,Hsp60/10 clients,0.22412556344259044,0.04150629555656134
RPS4X,Hsp60/10 clients,0.15356029716611336,0.02354088438894515
RPS6,Hsp60/10 clients,0.07831702222829476,0.03495276046119264
RPS8,Hsp60/10 clients,0.17729605793837327,0.0319946989710952
RPS9,Hsp60/10 clients,0.06389003351334473,0.03871965380969772
SAMM50,Hsp60/10 clients,0.09790700413425849,0.0174556054839633
SARS2,Hsp60/10 clients,0,0.01238821713951132
SDHA,Hsp60/10 clients,0.10367506950852429,0.0248010620904274
SDHB,Hsp60/10 clients,0.0983006560689188,0.01452179496254407
SERPINH1,Hsp60/10 clients,0.02634480359524227,0.04300181005970188
SHMT2,Hsp60/10 clients,0.05008353616434909,0.0260777452331343
SLC25A13,Hsp60/10 clients,0.04630500132410623,0.03270299057141833
SLC25A5,Hsp60/10 clients,0.06486121841954492,0.02824498423054775
SLC25A6,Hsp60/10 clients,0.09776586063592071,0.03141679228772699
SLIRP,Hsp60/10 clients,0.10563826956316416,0.04340751095293447
SOD2,Hsp60/10 clients,0,0
SPRYD4,Hsp60/10 clients,0,0
SSBP1,Hsp60/10 clients,0,0.02917924004897637
ST13,Hsp60/10 clients,0.09073861317908025,0.02095278741435091
STOML2,Hsp60/10 clients,0.02833628856214761,0
SUCLA2,Hsp60/10 clients,0.02221520585200351,0.01552731414164909
SUCLG1,Hsp60/10 clients,0.04797660917966574,0.02841764867384003
SUCLG2,Hsp60/10 clients,0.00889336183051168,0.01457553163526495
SUPV3L1,Hsp60/10 clients,0.1328375239512665,0
SYNE1,Hsp60/10 clients,0.05194652030841849,0.01244493997828782
TACO1,Hsp60/10 clients,0,0
TAMM41,Hsp60/10 clients,0.14946171687958543,0.03855300286319385
TARS2,Hsp60/10 clients,0.05457361399267832,0.03623135909044606
TBRG4,Hsp60/10 clients,0.03108676661202463,0.01988187272370651
TFAM,Hsp60/10 clients,0.050313373750099,0.0114639995363886
TIMM13,Hsp60/10 clients,0.1476421278790615,0.05283943712838624
TIMM44,Hsp60/10 clients,0.09524021174072674,0.02145767723415571
TIMM8B,Hsp60/10 clients,0.09677692934677852,0.0490229985436961
TRAP1,Hsp60/10 clients,0.06021990196604618,0.03029566142542737
TRMU,Hsp60/10 clients,0,0
TRUB1,Hsp60/10 clients,0.06190519919579885,0.0386357261177447
TRUB2,Hsp60/10 clients,0.02013363407813561,0.05855176005131093
TSFM,Hsp60/10 clients,0.05911903329842297,0.00536463743428233
TST,Hsp60/10 clients,0,0.01822680859750591
TUBB,Hsp60/10 clients,0,0
TUBB4B,Hsp60/10 clients,0,0
TUFM,Hsp60/10 clients,0.11190491437982716,0.04305409355449459
UQCRC1,Hsp60/10 clients,0.10421355989463069,0.0261981415041746
UQCRC2,Hsp60/10 clients,0.07578144755267509,0.02736681682552536
UQCRFS1,Hsp60/10 clients,0.06725408386029004,0.02076482754870123
VARS2,Hsp60/10 clients,0.047916669326140283,0.05004576456852805
XPNPEP3,Hsp60/10 clients,0.18218582001443812,0.0445032555291936
YARS2,Hsp60/10 clients,0.01185627943181383,0.02940916773280415
YWHAE,Hsp60/10 clients,0.01708874598708042,0.00445526675384
ZADH2,Hsp60/10 clients,0.04827315487136739,0.0179749157592511
AADAT,Non-client mitochondrial proteins,0.1402735284052776,0.04470948306884709
AASS,Non-client mitochondrial proteins,0,0.02749583652512954
ABAT,Non-client mitochondrial proteins,0.00802996037761925,0.0011994375565339
ABCB10,Non-client mitochondrial proteins,0.04864546943052963,0.00189890664972117
ABCB6,Non-client mitochondrial proteins,0,0.04287893842127308
ABCB7,Non-client mitochondrial proteins,0.01775870464662213,0
ABCB8,Non-client mitochondrial proteins,0.08359628456530284,0.02188904786770251
ABCD2,Non-client mitochondrial proteins,0,0.0086521933994602
ABCD3,Non-client mitochondrial proteins,0.10546015333569814,0.03598069863658164
ACAA1,Non-client mitochondrial proteins,0,0.01103257855773384
ACACA,Non-client mitochondrial proteins,0.10931700112565332,0.00444990868887603
ACAD10,Non-client mitochondrial proteins,0.03286278495880124,0.04582636480720278
ACAD11,Non-client mitochondrial proteins,0.08097047312038581,0.04058129828811396
ACAD8,Non-client mitochondrial proteins,0,5.700694788883243e-4
ACADM,Non-client mitochondrial proteins,0,0.01225170674201638
ACADS,Non-client mitochondrial proteins,0.08620881529351206,0.01764837153894699
ACADSB,Non-client mitochondrial proteins,0.11039003125072458,0.05506311137314336
ACLY,Non-client mitochondrial proteins,0.0434443113522435,0
ACOT11,Non-client mitochondrial proteins,0,0.04023707267138873
ACOT7,Non-client mitochondrial proteins,0.1438683070674888,0.01019694106392898
ACOT9,Non-client mitochondrial proteins,0,0
ACP6,Non-client mitochondrial proteins,0,0.07123276894301099
ACSF2,Non-client mitochondrial proteins,0.03515082293791965,0.04335202386610132
ACSL1,Non-client mitochondrial proteins,0,0
ACSL6,Non-client mitochondrial proteins,0.08217246184460657,0.00824822557770513
ACSS1,Non-client mitochondrial proteins,0.17394179133480248,0.02229931526255446
ACSS3,Non-client mitochondrial proteins,0,0
ADCK1,Non-client mitochondrial proteins,0.05579437459055756,0.00655995856276109
ADCK5,Non-client mitochondrial proteins,0,0
ADHFE1,Non-client mitochondrial proteins,0.15791942047964638,0.03374959800850691
AGK,Non-client mitochondrial proteins,0.08321448039185027,0.04244999419339016
AGPAT4,Non-client mitochondrial proteins,0.1571699524742264,0.00870772253186315
AGPAT5,Non-client mitochondrial proteins,0.06327817262097932,0.02123309320565631
AHCYL1,Non-client mitochondrial proteins,0.12516274605324149,0.07524018829849857
AIFM2,Non-client mitochondrial proteins,0.08943532473563912,0
AIFM3,Non-client mitochondrial proteins,0.01360596483492504,0
AKAP1,Non-client mitochondrial proteins,0,0.01321018074767124
AKAP10,Non-client mitochondrial proteins,0,0
ALDH1L1,Non-client mitochondrial proteins,0,0
ALDH1L2,Non-client mitochondrial proteins,0,0.01402078245294347
ALDH3A2,Non-client mitochondrial proteins,0,0
ALDH4A1,Non-client mitochondrial proteins,0.06786888411439292,0.00942744276306298
ALDH6A1,Non-client mitochondrial proteins,0.06481033372742964,0
ALKBH7,Non-client mitochondrial proteins,0.06712320082929284,0.0045040168246771
AMACR,Non-client mitochondrial proteins,0.0297581811183898,0.01252750690842641
AMT,Non-client mitochondrial proteins,0,0
ANGEL2,Non-client mitochondrial proteins,0,0
APEX1,Non-client mitochondrial proteins,0,0
APOO,Non-client mitochondrial proteins,0,0.03653776410328174
APOOL,Non-client mitochondrial proteins,0.03967033102560085,0.03382838420990891
ARF5,Non-client mitochondrial proteins,0.1357175072821581,0.00118750982449578
ARG2,Non-client mitochondrial proteins,0,0
ARMC10,Non-client mitochondrial proteins,0.1033832419765612,0.02207164919918641
ARMCX1,Non-client mitochondrial proteins,0,0.00604797257518813
ARMCX2,Non-client mitochondrial proteins,0.03031829403656904,0.02680219503908926
ARMCX3,Non-client mitochondrial proteins,0.05475116116932468,0.01062067093603119
ATAD1,Non-client mitochondrial proteins,0.17726659937315994,0.04661672143217803
ATPAF1,Non-client mitochondrial proteins,0.01851182812182561,0.00476971161211081
ATPAF2,Non-client mitochondrial proteins,0,0
AUH,Non-client mitochondrial proteins,0.07062981455016391,0.01887226498717185
AURKAIP1,Non-client mitochondrial proteins,0.03869257526956112,0.03708534366152888
BAD,Non-client mitochondrial proteins,0.11293474750436822,0
BAX,Non-client mitochondrial proteins,0,0.01708210889839602
BCL2L1,Non-client mitochondrial proteins,0,0
BCL2L13,Non-client mitochondrial proteins,0.05559836518499748,0
BCL2L2,Non-client mitochondrial proteins,0.17668705659784326,0.03627231364698508
BDH1,Non-client mitochondrial proteins,0.14670809219177897,0.06479249833531697
BID,Non-client mitochondrial proteins,0.03844205849946899,0
BLOC1S1,Non-client mitochondrial proteins,0,0
BNIP3,Non-client mitochondrial proteins,0.18043088972912627,0.03979294751956378
BNIP3L,Non-client mitochondrial proteins,0.1824728996167283,0.04151520110826323
BOLA1,Non-client mitochondrial proteins,0.04591920312787396,0.00175953946986043
BOLA3,Non-client mitochondrial proteins,4.422907878923423e-4,0.02944595867853544
BPHL,Non-client mitochondrial proteins,0,0
C15ORF61,Non-client mitochondrial proteins,0.11609869145435373,0.03938128548275615
C16ORF91,Non-client mitochondrial proteins,0,0
C2ORF69,Non-client mitochondrial proteins,0.03371106620674841,0
C3ORF33,Non-client mitochondrial proteins,0.02779691911330648,0.03584672543136247
C6ORF136,Non-client mitochondrial proteins,0.01003466696727211,0.0349530027410241
C8ORF82,Non-client mitochondrial proteins,0,0
CA5B,Non-client mitochondrial proteins,0.06333647681019614,0.04455246988586404
CASP3,Non-client mitochondrial proteins,0,0.02839835057474438
CASP9,Non-client mitochondrial proteins,0.0751307417524555,0.00637879620053763
CAT,Non-client mitochondrial proteins,0.02061297490324727,0.01935304736224169
CBR3,Non-client mitochondrial proteins,0,0
CCDC127,Non-client mitochondrial proteins,0.01217128720006528,0.02116412719539842
CCDC51,Non-client mitochondrial proteins,0.04748251180342984,0
CCDC58,Non-client mitochondrial proteins,0.03564200234793448,0.01364520377436713
CHCHD10,Non-client mitochondrial proteins,4.244434101669908e-4,0
CHCHD2,Non-client mitochondrial proteins,0.02939401379298032,0.07140301463780496
CHCHD3,Non-client mitochondrial proteins,0.02908399721215927,0.01501380212748455
CHCHD4,Non-client mitochondrial proteins,0.10369247858622108,0.02726500328775993
CHCHD5,Non-client mitochondrial proteins,0,0.00446293550613158
CHCHD6,Non-client mitochondrial proteins,0.1261350826242338,0.01661953767012966
CHCHD7,Non-client mitochondrial proteins,0,0
CHDH,Non-client mitochondrial proteins,0,0
CISD1,Non-client mitochondrial proteins,0.09222065435997298,0.0255434838697578
CISD3,Non-client mitochondrial proteins,0,0.02857522836486606
CKMT1A,Non-client mitochondrial proteins,0,0
CKMT2,Non-client mitochondrial proteins,0,0
CLPB,Non-client mitochondrial proteins,0,0
CLYBL,Non-client mitochondrial proteins,0.01033177485385074,0
CMC1,Non-client mitochondrial proteins,0.04911623149868342,0.00293858139878011
CMC2,Non-client mitochondrial proteins,0.01355078111246656,0.02677930686205554
CMC4,Non-client mitochondrial proteins,0,0
CMPK2,Non-client mitochondrial proteins,0.0380118454505127,0
COA1,Non-client mitochondrial proteins,0.11933425538999226,0.04637654900232654
COA3,Non-client mitochondrial proteins,0.05977214443304492,0
COA4,Non-client mitochondrial proteins,0,0
COA5,Non-client mitochondrial proteins,0,0.00623597136146464
COA6,Non-client mitochondrial proteins,0.0772702871768776,0.02433628313491498
COA7,Non-client mitochondrial proteins,0.09007185495963524,0.02880144392177515
COASY,Non-client mitochondrial proteins,0,0.00126159817353271
COMT,Non-client mitochondrial proteins,0,0
COMTD1,Non-client mitochondrial proteins,0,0
COQ10A,Non-client mitochondrial proteins,0.11332303544742052,0.01384067554741913
COQ10B,Non-client mitochondrial proteins,0.0451421160536288,0.02330410721418029
COQ3,Non-client mitochondrial proteins,0.01358844579529668,0.03887355409284637
COQ5,Non-client mitochondrial proteins,0.04067848766916639,0.0104240376659468
COQ6,Non-client mitochondrial proteins,0.02054087632261632,0.02573633044050033
COQ7,Non-client mitochondrial proteins,0.00930664529227174,0.03583121477964389
COQ9,Non-client mitochondrial proteins,0.09795156735634916,0.02050141822591981
COX11,Non-client mitochondrial proteins,0,0.05596997823913575
COX14,Non-client mitochondrial proteins,0,0
COX15,Non-client mitochondrial proteins,0,0
COX17,Non-client mitochondrial proteins,0,0
COX18,Non-client mitochondrial proteins,0.05118008100629939,0.03606714584639116
COX19,Non-client mitochondrial proteins,0,0.04212861556690719
COX20,Non-client mitochondrial proteins,0,0
COX5A,Non-client mitochondrial proteins,0.02735420308660969,0.00177123834814296
COX5B,Non-client mitochondrial proteins,0.04470896146285687,0.03557439372762058
COX6A1,Non-client mitochondrial proteins,0,0
COX6B1,Non-client mitochondrial proteins,0.00120282170992052,0.02447075235550817
COX6C,Non-client mitochondrial proteins,0,0.01192878677858866
COX7A1,Non-client mitochondrial proteins,0,0.01674043452727758
COX7A2,Non-client mitochondrial proteins,0,0
COX7B,Non-client mitochondrial proteins,0,0
COX7C,Non-client mitochondrial proteins,0,0.02030861714697576
CPS1,Non-client mitochondrial proteins,0,0
CPT1A,Non-client mitochondrial proteins,0.07405017746316402,0.05194312085885885
CPT1C,Non-client mitochondrial proteins,0,0.00799520975197648
CRAT,Non-client mitochondrial proteins,0.01950510416097414,0.01662561461079252
CROT,Non-client mitochondrial proteins,0.11222720263023488,0.05254945998671739
CYB5B,Non-client mitochondrial proteins,0,0
CYB5R3,Non-client mitochondrial proteins,0,0.00318503838071383
CYCS,Non-client mitochondrial proteins,0,0.02421829988076892
CYP27A1,Non-client mitochondrial proteins,0,0.02243484317791261
D2HGDH,Non-client mitochondrial proteins,0.10211301336826067,0.07944644029675874
DBI,Non-client mitochondrial proteins,0,0
DBT,Non-client mitochondrial proteins,0.18256462011152133,0.04505995293591312
DCAKD,Non-client mitochondrial proteins,0.03190900426615942,0.02100882206134888
DDX28,Non-client mitochondrial proteins,0.02118765656555286,0.01826422393948815
DECR1,Non-client mitochondrial proteins,0.04852167400476576,0.03809459535481457
DGUOK,Non-client mitochondrial proteins,0,0.01165383168719755
DHODH,Non-client mitochondrial proteins,0.10970181838995736,0.01560834783152786
DHRS1,Non-client mitochondrial proteins,0.09282271542967042,0.05413831199919336
DHRS4,Non-client mitochondrial proteins,0,0.07851102071960307
DHRS7B,Non-client mitochondrial proteins,0.23584961282769323,0.0581252901980521
DHTKD1,Non-client mitochondrial proteins,0.04623780546276995,0.00660215232716009
DIABLO,Non-client mitochondrial proteins,0.06992576517208116,0.03926357139372632
DNAJC11,Non-client mitochondrial proteins,0.09308454795503382,0.02235075699116943
DNAJC19,Non-client mitochondrial proteins,0.07681790244349383,0.02985936403501435
DNAJC28,Non-client mitochondrial proteins,0.03982958976294429,0.0351514295495372
DNAJC30,Non-client mitochondrial proteins,0.09803194318583563,0.00776904457071359
DNLZ,Non-client mitochondrial proteins,0.03036293297441146,0.0110858832736071
DNM1L,Non-client mitochondrial proteins,0.20679394096909573,0.01480076079247949
DTYMK,Non-client mitochondrial proteins,0,0
DUS2,Non-client mitochondrial proteins,0.04294215036710673,0
DUT,Non-client mitochondrial proteins,0,0
ECHDC2,Non-client mitochondrial proteins,0.02326890673335406,0.01366498679758507
ECSIT,Non-client mitochondrial proteins,0,0.01586856818684087
EFHD1,Non-client mitochondrial proteins,0,0
EHHADH,Non-client mitochondrial proteins,0.11203730894963931,0.02447733431358083
ELAC2,Non-client mitochondrial proteins,0.06760531730012835,0.00409511568254245
ENDOG,Non-client mitochondrial proteins,0.06402263130703599,0.0394470856804861
EPHX2,Non-client mitochondrial proteins,0,0.00342773147792437
ETFDH,Non-client mitochondrial proteins,0.01952283348768382,0.02068510461030538
ETHE1,Non-client mitochondrial proteins,0,0.03767213310719233
EXD2,Non-client mitochondrial proteins,0,0
EXOG,Non-client mitochondrial proteins,0,0
FABP1,Non-client mitochondrial proteins,0,0.03047803505157226
FAHD2A,Non-client mitochondrial proteins,0,3.943989135775372e-4
FAM136A,Non-client mitochondrial proteins,0,0
FAM162A,Non-client mitochondrial proteins,0.090708542184927,0.0376643270536271
FAM185A,Non-client mitochondrial proteins,0,0
FAM210A,Non-client mitochondrial proteins,0.03681458489864664,0.02090016291767136
FAM210B,Non-client mitochondrial proteins,0,0.00786869146907737
FARS2,Non-client mitochondrial proteins,0,0
FASN,Non-client mitochondrial proteins,0,0
FASTKD1,Non-client mitochondrial proteins,0.16364490313905883,0.07073742532962707
FASTKD2,Non-client mitochondrial proteins,0.1462131536785926,0.03649521606733297
FBXL4,Non-client mitochondrial proteins,0,0.00339446504255294
FDPS,Non-client mitochondrial proteins,0,0
FDX1,Non-client mitochondrial proteins,0,0
FHIT,Non-client mitochondrial proteins,0.01507629946534047,0.0261148178524453
FIS1,Non-client mitochondrial proteins,0.0560099973762992,0
FKBP10,Non-client mitochondrial proteins,0.10028435013682016,0.08138749838337356
FKBP8,Non-client mitochondrial proteins,0.01621980283611048,0.01109375059382872
FTH1,Non-client mitochondrial proteins,0.00852692274030406,0.01942044585178096
FUNDC1,Non-client mitochondrial proteins,0.08877770173159331,0.05972183140810783
FUNDC2,Non-client mitochondrial proteins,0,0.02844359677304542
FXN,Non-client mitochondrial proteins,0,9.846918867356114e-4
GATB,Non-client mitochondrial proteins,0.02204445786688638,0
GATC,Non-client mitochondrial proteins,0.06569062317360418,0
GATM,Non-client mitochondrial proteins,0.0190748003153889,0.00588908337836988
GCDH,Non-client mitochondrial proteins,0.09797460511294064,0
GCSH,Non-client mitochondrial proteins,0.14232107627428314,0.0178726449127724
GDAP1,Non-client mitochondrial proteins,0.04118772656927221,0.01993155348579067
GFER,Non-client mitochondrial proteins,0.0535292729493974,8.828363375291137e-4
GHITM,Non-client mitochondrial proteins,0.1384974381517813,0.03251896642820365
GLOD4,Non-client mitochondrial proteins,0.00274380907321201,0
GLRX2,Non-client mitochondrial proteins,0.04256950719777253,0.03488890780826698
GLS2,Non-client mitochondrial proteins,0.04377270075034194,0.03374735415042232
GLUD2,Non-client mitochondrial proteins,0,0
GOLPH3,Non-client mitochondrial proteins,0.00644791156203569,0
GPD2,Non-client mitochondrial proteins,0,0
GPX1,Non-client mitochondrial proteins,0,2.45856888273166e-4
GPX4,Non-client mitochondrial proteins,0.09408595067486906,0.0203137811137076
GRHPR,Non-client mitochondrial proteins,0,0
GSTZ1,Non-client mitochondrial proteins,0.02672997857469686,0.04930362979582226
GTPBP10,Non-client mitochondrial proteins,0.13602021135528458,0
GTPBP3,Non-client mitochondrial proteins,0,0
GTPBP6,Non-client mitochondrial proteins,0,0
GUK1,Non-client mitochondrial proteins,6.69410641309582e-5,0
HCCS,Non-client mitochondrial proteins,0,0.02304192871513782
HDHD3,Non-client mitochondrial proteins,0,0.00746205312097228
HEBP1,Non-client mitochondrial proteins,0.09268997660763552,0
HIBADH,Non-client mitochondrial proteins,0.11843710364748736,0.00107906402911994
HINT1,Non-client mitochondrial proteins,0,0
HINT3,Non-client mitochondrial proteins,0.03062050744083615,0.00281271969981627
HMGCL,Non-client mitochondrial proteins,0.14121762209432617,0.03041001150114339
HOGA1,Non-client mitochondrial proteins,0,0
HSCB,Non-client mitochondrial proteins,0.093150722020348,0.017089828478624
HSD17B4,Non-client mitochondrial proteins,0,0
HSDL1,Non-client mitochondrial proteins,0,0
HSDL2,Non-client mitochondrial proteins,0,0.02394639565185377
HSPD1,Non-client mitochondrial proteins,0.07377656023732998,0.00765850675460694
HSPE1,Non-client mitochondrial proteins,0,7.927951114747311e-4
HTATIP2,Non-client mitochondrial proteins,0.09242805412153712,0.02436853156004216
HTRA2,Non-client mitochondrial proteins,0,0
IDE,Non-client mitochondrial proteins,0.04105868077572736,0
IDH3B,Non-client mitochondrial proteins,0.0510985168170566,0.02171318056634962
IDI1,Non-client mitochondrial proteins,0.0979187548217149,0.01913325907193097
ISCA1,Non-client mitochondrial proteins,0.01418367209390256,0.00525174547480306
ISCA2,Non-client mitochondrial proteins,0.01076501338464018,0
ISCU,Non-client mitochondrial proteins,0.1085793581468602,0.02633312225884393
ISOC2,Non-client mitochondrial proteins,0,0
IVD,Non-client mitochondrial proteins,0.06874606011312821,0.01017779630848109
L2HGDH,Non-client mitochondrial proteins,0.09491605751537778,0.03521024678459224
LACTB,Non-client mitochondrial proteins,0,0.02343215696235985
LACTB2,Non-client mitochondrial proteins,0.01046591339989958,0
LARS2,Non-client mitochondrial proteins,0.0362770003012782,0.03865262828263025
LDHB,Non-client mitochondrial proteins,0,0
LDHD,Non-client mitochondrial proteins,0.08829034315132389,0.00383877344317108
LETMD1,Non-client mitochondrial proteins,0.14994177317300628,0.03119049270746779
LIAS,Non-client mitochondrial proteins,0.02078132555540797,0.01638217001827868
LIG3,Non-client mitochondrial proteins,0,0
LIPT2,Non-client mitochondrial proteins,0.10082853490039528,0.00224857894059207
LYPLA1,Non-client mitochondrial proteins,0.11470545970874252,0.01240660997421005
LYPLAL1,Non-client mitochondrial proteins,0,0.03612042433755011
LYRM1,Non-client mitochondrial proteins,0.06133040701165502,0.03037174811466242
LYRM2,Non-client mitochondrial proteins,0,0
LYRM4,Non-client mitochondrial proteins,0.13575663379023956,0.03405683752614068
LYRM9,Non-client mitochondrial proteins,0.05450275151749552,0.04347147075176552
MACROD1,Non-client mitochondrial proteins,0,0
MALSU1,Non-client mitochondrial proteins,0,0.01689472060583999
MAOA,Non-client mitochondrial proteins,0,0
MAOB,Non-client mitochondrial proteins,0,0
MAVS,Non-client mitochondrial proteins,0.01049396452623444,0.00727703434162504
MCAT,Non-client mitochondrial proteins,0,0.02898883706614805
MCCC1,Non-client mitochondrial proteins,0.01293532062899278,0
MCEE,Non-client mitochondrial proteins,0,0.02749670337913647
MCU,Non-client mitochondrial proteins,0.04491061778232665,0.01738032037238698
MCUR1,Non-client mitochondrial proteins,0,0.01027005794809887
ME3,Non-client mitochondrial proteins,0.08631814371176431,0.0197087865478926
MECR,Non-client mitochondrial proteins,0.07538995614022813,0.05490075368581365
METAP1D,Non-client mitochondrial proteins,0.02394344111836418,0.01956406607623945
METTL5,Non-client mitochondrial proteins,0.1033648115247671,0
MFF,Non-client mitochondrial proteins,0.03769742132866011,0.00419201071635615
MFN1,Non-client mitochondrial proteins,0,0.01229097969904162
MFN2,Non-client mitochondrial proteins,0.09013811556497284,0.03197312484351734
MGARP,Non-client mitochondrial proteins,0,0
MGST1,Non-client mitochondrial proteins,0,0.00413730495195865
MGST3,Non-client mitochondrial proteins,0.13634425532230557,0.06970180663535153
MICU1,Non-client mitochondrial proteins,0.01197739176218912,0.01996439028376034
MICU2,Non-client mitochondrial proteins,0,0.0338333651960053
MICU3,Non-client mitochondrial proteins,0,0.01181488651924435
MIEF1,Non-client mitochondrial proteins,0.03006250539922378,0.00694165789621062
MLYCD,Non-client mitochondrial proteins,0.03430755474077365,0.01113523312250979
MMAA,Non-client mitochondrial proteins,0,8.057365378996359e-5
MOCS1,Non-client mitochondrial proteins,0,0.00161927379953687
MPC1,Non-client mitochondrial proteins,0,0.02680941953735971
MPC2,Non-client mitochondrial proteins,0.06273665549440449,0.04100596266058937
MPST,Non-client mitochondrial proteins,0,0
MPV17,Non-client mitochondrial proteins,0.03828766329990606,0.00740847329472149
MRM1,Non-client mitochondrial proteins,0.13886941119020388,0.02981113173381002
MRPL1,Non-client mitochondrial proteins,0.04446020022289788,0.05162211998938598
MRPL11,Non-client mitochondrial proteins,0.06949873874422177,0.06370267627298075
MRPL12,Non-client mitochondrial proteins,0.08851526955060054,0.05803309450422048
MRPL17,Non-client mitochondrial proteins,0.07865062640517763,0.06836700346649392
MRPL18,Non-client mitochondrial proteins,0.09755128936556988,0.03745835183730028
MRPL2,Non-client mitochondrial proteins,0.07860101581476904,0.04621287056536
MRPL20,Non-client mitochondrial proteins,0.090662867242339,0.0668356647723415
MRPL21,Non-client mitochondrial proteins,0.05983616242031869,0.02485572958489701
MRPL24,Non-client mitochondrial proteins,0.04641555192256838,0.06120104859274794
MRPL27,Non-client mitochondrial proteins,0.03958476241193897,0.04162548208665576
MRPL28,Non-client mitochondrial proteins,0.06440332509296015,0.04726431240912032
MRPL30,Non-client mitochondrial proteins,0.12036508269759127,0.05422396565702341
MRPL32,Non-client mitochondrial proteins,0.06320673212080141,0.06061188042258776
MRPL33,Non-client mitochondrial proteins,0.04448443077670243,0.08297519252612306
MRPL34,Non-client mitochondrial proteins,0.06037904699829095,0.0724640599919289
MRPL40,Non-client mitochondrial proteins,0.06786194426769505,0.03841593770278993
MRPL41,Non-client mitochondrial proteins,0.01221328854998605,0.04376834798652331
MRPL42,Non-client mitochondrial proteins,0.1004267330192732,0.01956563429607414
MRPL43,Non-client mitochondrial proteins,0.04877041301722091,0.0369389374803063
MRPL46,Non-client mitochondrial proteins,0.01660572919013015,0.0499425203540973
MRPL50,Non-client mitochondrial proteins,0.01386643360968962,0.02767578595753708
MRPL52,Non-client mitochondrial proteins,0.02981660870782555,0.0387401237179168
MRPL54,Non-client mitochondrial proteins,0.08896456660657562,0.03756557848438502
MRPL55,Non-client mitochondrial proteins,0,0.06555064068750571
MRPL57,Non-client mitochondrial proteins,0.1094201099903944,0.05590536061651087
MRPS10,Non-client mitochondrial proteins,0.15152206735268894,0.057019801157789
MRPS11,Non-client mitochondrial proteins,0.1870666949033194,0.05217292279048183
MRPS14,Non-client mitochondrial proteins,0.01739706399298625,0.05849319866500674
MRPS17,Non-client mitochondrial proteins,0.10921709295348594,0.0281797023498026
MRPS18A,Non-client mitochondrial proteins,0,0.0349657294050954
MRPS18B,Non-client mitochondrial proteins,0.1387289632967599,0.05902197234931239
MRPS21,Non-client mitochondrial proteins,0.07638152288893436,0.08256849713420675
MRPS24,Non-client mitochondrial proteins,0.11826033129340524,0.06594870597778849
MRPS28,Non-client mitochondrial proteins,0.19746290414750933,0.06043368168436022
MRPS7,Non-client mitochondrial proteins,0.16827830540250663,0.07681306432663193
MRRF,Non-client mitochondrial proteins,0,0.00467585813416249
MRS2,Non-client mitochondrial proteins,0,0
MSRA,Non-client mitochondrial proteins,0,0
MSRB2,Non-client mitochondrial proteins,0,0
MSRB3,Non-client mitochondrial proteins,0,0
MT-ATP8,Non-client mitochondrial proteins,0.01730284990342794,0.01607225728405459
MT-CO1,Non-client mitochondrial proteins,0,0.02101020744989851
MT-CO3,Non-client mitochondrial proteins,0.05377054709341358,0.02882931101929757
MT-CYB,Non-client mitochondrial proteins,0,0
MT-ND1,Non-client mitochondrial proteins,0,0
MT-ND2,Non-client mitochondrial proteins,0,0
MT-ND3,Non-client mitochondrial proteins,0.12141286549531906,0.04463313868968899
MT-ND4,Non-client mitochondrial proteins,0,0.03924580617402728
MT-ND5,Non-client mitochondrial proteins,0,0.01362184872482591
MT-ND6,Non-client mitochondrial proteins,0,0.00504303617519752
MTCH1,Non-client mitochondrial proteins,0.0112413712036389,0.02417863819645358
MTCH2,Non-client mitochondrial proteins,0.06122004148413514,0.02679707577865685
MTERF4,Non-client mitochondrial proteins,0.09431703151985912,0
MTFMT,Non-client mitochondrial proteins,0.07342048728676227,0.0066238509073548
MTFP1,Non-client mitochondrial proteins,0.0355315890123123,0.05234994131491412
MTFR1L,Non-client mitochondrial proteins,0,0
MTG2,Non-client mitochondrial proteins,0.1006870295645938,0
MTHFD2L,Non-client mitochondrial proteins,0,0
MTHFS,Non-client mitochondrial proteins,0.01850500716106678,1.958674027087021e-4
MTIF2,Non-client mitochondrial proteins,0.05960880990822943,0.02265654771235014
MTIF3,Non-client mitochondrial proteins,0.02907008098257487,0.00744143761388388
MTRF1,Non-client mitochondrial proteins,0,5.086969864192548e-4
MTRF1L,Non-client mitochondrial proteins,0.06307643957280823,0.0148506040569854
MTX1,Non-client mitochondrial proteins,0.04109076608675968,0.01933653757764451
MTX2,Non-client mitochondrial proteins,0.1297548552223912,0.04717357467388643
MTX3,Non-client mitochondrial proteins,0.0230329670646331,0.03814902434653931
MUL1,Non-client mitochondrial proteins,0,0
NAT8L,Non-client mitochondrial proteins,0.159234283781021,0.06037310789642931
NBR1,Non-client mitochondrial proteins,0,0
NDUFA11,Non-client mitochondrial proteins,0.01500068445722524,0.02034219621600141
NDUFA12,Non-client mitochondrial proteins,0.01406547320448756,0.02117278800995486
NDUFA3,Non-client mitochondrial proteins,0.103988135597473,0.0542873371227992
NDUFA5,Non-client mitochondrial proteins,0,0.02184065635362059
NDUFA7,Non-client mitochondrial proteins,0.03367348228511837,0.02818364973494741
NDUFAB1,Non-client mitochondrial proteins,0.06965411973252986,0.05763146411982833
NDUFAF1,Non-client mitochondrial proteins,0.02871512282294046,0.04976949538845547
NDUFAF2,Non-client mitochondrial proteins,0.03697232021746726,0
NDUFAF4,Non-client mitochondrial proteins,0,0
NDUFAF5,Non-client mitochondrial proteins,0.03337249687241696,0.00768461180270046
NDUFAF6,Non-client mitochondrial proteins,0,0.02250597487610017
NDUFB11,Non-client mitochondrial proteins,0.08329887999365661,0.02958970359030184
NDUFB2,Non-client mitochondrial proteins,0.0656233448333681,0
NDUFB3,Non-client mitochondrial proteins,0.07358550984364558,0.03307362417782272
NDUFB4,Non-client mitochondrial proteins,0.0058436334312363,0.02307972829496105
NDUFB5,Non-client mitochondrial proteins,0.04583647328023803,0.03988339825116011
NDUFB6,Non-client mitochondrial proteins,0.04254424878860078,0.03039593005008791
NDUFB7,Non-client mitochondrial proteins,0.15537699055054538,0.06285323429492207
NDUFB8,Non-client mitochondrial proteins,0.04088172567924739,0.03520067406116638
NDUFB9,Non-client mitochondrial proteins,0.09281630306678244,0.04370225336998787
NDUFC1,Non-client mitochondrial proteins,0.0780263928082362,0.03714685819737165
NDUFC2,Non-client mitochondrial proteins,0.03521853362423388,0.04737597381641439
NDUFS5,Non-client mitochondrial proteins,0.03517604121030957,0.01287397703767702
NDUFS6,Non-client mitochondrial proteins,0.01321985248892721,0.02949608959292236
NDUFS7,Non-client mitochondrial proteins,0.05213995457658021,0.04905593528041796
NDUFS8,Non-client mitochondrial proteins,0.08425758913778993,0.04991657957167111
NDUFV3,Non-client mitochondrial proteins,0,0.03496770311054499
NGRN,Non-client mitochondrial proteins,0.2579026300314891,0
NIF3L1,Non-client mitochondrial proteins,0.00424739598347656,0
NIPSNAP3B,Non-client mitochondrial proteins,0.04060699252955701,0.01772436711100072
NIT1,Non-client mitochondrial proteins,0.15585264569441734,0.01692945153294531
NIT2,Non-client mitochondrial proteins,0.00801286987506435,0.04012229072874113
NLN,Non-client mitochondrial proteins,0.02462391522272088,0.06030256460819685
NLRX1,Non-client mitochondrial proteins,0.11745974143101472,0.00382624395108401
NME3,Non-client mitochondrial proteins,0.0306490545222836,0.00747962375938321
NMNAT3,Non-client mitochondrial proteins,0,0
NNT,Non-client mitochondrial proteins,0.12744910093122963,0.0342002867698898
NOA1,Non-client mitochondrial proteins,0.0457992295624143,0.01805617923089753
NT5DC3,Non-client mitochondrial proteins,0.0716588774519162,0.0042941907283204
NTHL1,Non-client mitochondrial proteins,0,0
NUBPL,Non-client mitochondrial proteins,0,0.00178057736741715
NUDT2,Non-client mitochondrial proteins,0.10728903967209452,0.00722691687816361
NUDT5,Non-client mitochondrial proteins,0,0
NUDT6,Non-client mitochondrial proteins,0.05225960259518179,0
NUDT8,Non-client mitochondrial proteins,0.09628048835653866,0
NUDT9,Non-client mitochondrial proteins,0.0346420795793459,0
OCIAD1,Non-client mitochondrial proteins,0.01587715648705298,0.02580751056188886
OCIAD2,Non-client mitochondrial proteins,0.08753178651052208,0.00726832686951955
OGDHL,Non-client mitochondrial proteins,0.06089242646208233,0.01367353548750865
OMA1,Non-client mitochondrial proteins,0,0
OPA1,Non-client mitochondrial proteins,0.1440942501492688,0.0206386171936353
OPA3,Non-client mitochondrial proteins,0.06193464625771724,0.02513579537184894
OSBPL1A,Non-client mitochondrial proteins,0.15168361304672415,0.01881030447548998
OSGEPL1,Non-client mitochondrial proteins,0.0972581429084108,0.07334827711689786
OXA1L,Non-client mitochondrial proteins,0.05794254978243493,0.02862429164997554
OXCT1,Non-client mitochondrial proteins,0.12273061704119552,0.05538168182741295
OXLD1,Non-client mitochondrial proteins,0.06334249518965598,0.02271753791293616
OXNAD1,Non-client mitochondrial proteins,0,0
OXR1,Non-client mitochondrial proteins,0.0352754190532504,0
OXSM,Non-client mitochondrial proteins,0.01528717359909418,0.02275075017099584
PAICS,Non-client mitochondrial proteins,0,0
PANK2,Non-client mitochondrial proteins,0,0
PARK7,Non-client mitochondrial proteins,0,0
PARL,Non-client mitochondrial proteins,0,2.550177271527787e-4
PARS2,Non-client mitochondrial proteins,0.14548396955622636,0.03714265189109703
PCBD2,Non-client mitochondrial proteins,0,0.01423582606110984
PCCA,Non-client mitochondrial proteins,0.02132910653467079,0.00220383438460017
PDE12,Non-client mitochondrial proteins,0,0.00359198556355019
PDE2A,Non-client mitochondrial proteins,0.05111505311893351,0
PDF,Non-client mitochondrial proteins,0,0.02360388425662241
PDP1,Non-client mitochondrial proteins,0.02228313646239801,0.030298053460252
PDPR,Non-client mitochondrial proteins,0,0.00884859405790053
PET100,Non-client mitochondrial proteins,0.03404321955615921,0.03715189489342448
PEX11B,Non-client mitochondrial proteins,0,0
PGS1,Non-client mitochondrial proteins,0.04594520792652331,0.00744937686569946
PHYH,Non-client mitochondrial proteins,0.12829267335848643,0.04363441082943861
PICK1,Non-client mitochondrial proteins,0.11479245206867954,0.02496245284011575
PIGBOS1,Non-client mitochondrial proteins,0.08419922099980708,0.04212210028717486
PISD,Non-client mitochondrial proteins,0.07958588154836249,0.02977031835126995
PLGRKT,Non-client mitochondrial proteins,0.06098179064631748,0.03904256982976177
PNKD,Non-client mitochondrial proteins,0,0.03313347578927397
PNPLA8,Non-client mitochondrial proteins,0.07975245074992333,0.01264222373414017
PNPO,Non-client mitochondrial proteins,0,0
POLB,Non-client mitochondrial proteins,0.01977814282510304,0
POLG2,Non-client mitochondrial proteins,0.02098938061666669,0.00514858514289812
PPM1K,Non-client mitochondrial proteins,0,0.00116276527704112
PPTC7,Non-client mitochondrial proteins,0.01967177821722793,0.01732142902081955
PRDX2,Non-client mitochondrial proteins,0,0
PRDX5,Non-client mitochondrial proteins,0,0
PRDX6,Non-client mitochondrial proteins,0,0
PREPL,Non-client mitochondrial proteins,0.03285753930072397,0
PRKACA,Non-client mitochondrial proteins,0.04135664512187614,9.306998077904804e-4
PRODH,Non-client mitochondrial proteins,0.07938023815738732,0.12102926730382044
PTGES2,Non-client mitochondrial proteins,0.01184969222124201,0.00244625448537705
PTRH1,Non-client mitochondrial proteins,0.06869501443279537,0.02599681561159136
PTRH2,Non-client mitochondrial proteins,0.05492333111424759,0.01945736189013397
PUS1,Non-client mitochondrial proteins,0.18440272216460643,0.02791958564245418
PUSL1,Non-client mitochondrial proteins,0,0
PYURF,Non-client mitochondrial proteins,0.03601438708500035,0
QDPR,Non-client mitochondrial proteins,0.03339108604790036,0
QTRT1,Non-client mitochondrial proteins,0,0.00921883307987939
RAB24,Non-client mitochondrial proteins,0,0
RARS2,Non-client mitochondrial proteins,0.01955451199932191,0.02517935564313374
RDH13,Non-client mitochondrial proteins,0,0.01329016355290902
RDH14,Non-client mitochondrial proteins,0,0.02611757137991971
REXO2,Non-client mitochondrial proteins,0,0
RFK,Non-client mitochondrial proteins,0.12347134661714455,0.03519110020245022
RHOT1,Non-client mitochondrial proteins,0.05393494709668845,0.00480734632433979
RHOT2,Non-client mitochondrial proteins,0,0.00926263734725924
RMDN1,Non-client mitochondrial proteins,0,0.00999556020210159
RMDN3,Non-client mitochondrial proteins,0.1520458509562682,0.01062973158324662
RMND1,Non-client mitochondrial proteins,0.09562748401874877,0
ROMO1,Non-client mitochondrial proteins,0.174135343107406,0.04233007957100675
RPIA,Non-client mitochondrial proteins,0.06217612908219819,0.02405950147286158
RPUSD4,Non-client mitochondrial proteins,0,0.02993023172123485
RTN4IP1,Non-client mitochondrial proteins,0.00934089544904484,0.02310962433397716
SARDH,Non-client mitochondrial proteins,0,0.03263940117389637
SCO1,Non-client mitochondrial proteins,0.03499267972836085,0.01824299909984689
SCO2,Non-client mitochondrial proteins,0,0
SCP2,Non-client mitochondrial proteins,0,0.01874830408714598
SDHAF2,Non-client mitochondrial proteins,0.11828159683407218,0.01271535962790823
SDHC,Non-client mitochondrial proteins,0.13996988925379822,0.06464037651357976
SDHD,Non-client mitochondrial proteins,0.19150571101096645,0.10140464933489192
SDR39U1,Non-client mitochondrial proteins,0.05987833618663544,0.04954111250145597
SDSL,Non-client mitochondrial proteins,0.07732824430688592,0.0194655211277289
SERAC1,Non-client mitochondrial proteins,0,0
SFXN1,Non-client mitochondrial proteins,0.07796046603390147,0.01715617812184323
SFXN3,Non-client mitochondrial proteins,0,0
SFXN4,Non-client mitochondrial proteins,0.05772913158308514,0.02427475345104692
SFXN5,Non-client mitochondrial proteins,0,0.03271706333162842
SIRT3,Non-client mitochondrial proteins,0,0.0029063252086221
SIRT5,Non-client mitochondrial proteins,0,0
SLC25A1,Non-client mitochondrial proteins,0.12030556190011156,0.03598647445728739
SLC25A10,Non-client mitochondrial proteins,0.21442736208167065,0.0497153561166459
SLC25A11,Non-client mitochondrial proteins,0.1567562012144113,0.03582538389969891
SLC25A12,Non-client mitochondrial proteins,0,0
SLC25A14,Non-client mitochondrial proteins,0.03118110559887063,0.00817967089893534
SLC25A15,Non-client mitochondrial proteins,0.11068034040352503,0.0170088980561025
SLC25A16,Non-client mitochondrial proteins,0.07791397856879552,0.07147346729272197
SLC25A18,Non-client mitochondrial proteins,0,0.00137924504582287
SLC25A19,Non-client mitochondrial proteins,0.00440702430127576,0.01545873003929311
SLC25A20,Non-client mitochondrial proteins,0,0.03069780002232233
SLC25A22,Non-client mitochondrial proteins,0.1494648707243111,0.00561787092353359
SLC25A23,Non-client mitochondrial proteins,0.08422919707531513,0.0218248627069176
SLC25A24,Non-client mitochondrial proteins,0.04092771283622643,0.02612753125390052
SLC25A25,Non-client mitochondrial proteins,0.03389764024555091,0.01574318019985551
SLC25A26,Non-client mitochondrial proteins,0.00651134626259146,0
SLC25A27,Non-client mitochondrial proteins,0.1663884242550418,0.0584392843123845
SLC25A28,Non-client mitochondrial proteins,0.02273332289553131,0.03869835899760401
SLC25A29,Non-client mitochondrial proteins,0,0
SLC25A3,Non-client mitochondrial proteins,0.12470155129909888,0.0295961225871697
SLC25A32,Non-client mitochondrial proteins,0.18419342154036036,0.02294060415506331
SLC25A33,Non-client mitochondrial proteins,0.15934306497852943,0.06495152940226434
SLC25A36,Non-client mitochondrial proteins,0.12479618975423616,0.06260115767101465
SLC25A4,Non-client mitochondrial proteins,0.1404034091569917,0.04336680207233803
SLC25A40,Non-client mitochondrial proteins,0,0.01316490340539772
SLC25A42,Non-client mitochondrial proteins,0.09730478942713128,0.02010848970588483
SLC25A44,Non-client mitochondrial proteins,0.04810854717818108,0.00959547594941667
SLC25A46,Non-client mitochondrial proteins,0.19931049587947655,0.04721054109656966
SLC25A51,Non-client mitochondrial proteins,0.0061520265520612,0.0215946620363366
SLC30A9,Non-client mitochondrial proteins,0,0.00486352187767261
SMDT1,Non-client mitochondrial proteins,0.12411835588155362,0.0383164628031134
SMIM20,Non-client mitochondrial proteins,0,0.00253750237912328
SNAP29,Non-client mitochondrial proteins,0,0
SND1,Non-client mitochondrial proteins,0,0.00548297044328699
SOD1,Non-client mitochondrial proteins,0,0
SPATA20,Non-client mitochondrial proteins,0.0170956483259848,0
SPG7,Non-client mitochondrial proteins,0.10649612094563624,0.02098957626571404
SPHK2,Non-client mitochondrial proteins,0,0
SPHKAP,Non-client mitochondrial proteins,0.04622194144478926,0.00695028997633579
SPIRE1,Non-client mitochondrial proteins,0,0
SPR,Non-client mitochondrial proteins,0,0
SPTLC2,Non-client mitochondrial proteins,0.07529879908025944,0.01736400813208383
STARD7,Non-client mitochondrial proteins,0,0
STOM,Non-client mitochondrial proteins,0,0.02145118649529057
STX17,Non-client mitochondrial proteins,0.07503089717951465,0.01493723148172751
SUOX,Non-client mitochondrial proteins,0,0.02491010457379888
SURF1,Non-client mitochondrial proteins,0,0.00428146643053037
TDRKH,Non-client mitochondrial proteins,0.03293124622690648,0.0013949079066741
TEFM,Non-client mitochondrial proteins,0.20868879395894088,0.05161669327671629
TFB1M,Non-client mitochondrial proteins,0.03627746463545991,0.05086200602334995
TFB2M,Non-client mitochondrial proteins,0.05420224858162312,0.02440603569009575
THEM4,Non-client mitochondrial proteins,0.10671725513806846,0.02265221979639941
THG1L,Non-client mitochondrial proteins,0,0
THNSL1,Non-client mitochondrial proteins,0.12766043346010478,0.03503198294102182
TIMM10,Non-client mitochondrial proteins,0.07752119266849249,0.03570250504784636
TIMM10B,Non-client mitochondrial proteins,0.10965161359732097,0.03042713658628212
TIMM17A,Non-client mitochondrial proteins,0,0
TIMM17B,Non-client mitochondrial proteins,0.004692316154254,0
TIMM21,Non-client mitochondrial proteins,0,0.00851491664951525
TIMM22,Non-client mitochondrial proteins,0.18169904623794353,0.01786743477192993
TIMM23,Non-client mitochondrial proteins,0.04065411900923983,0.01148201507251997
TIMM50,Non-client mitochondrial proteins,0,0.00576689422276914
TIMM8A,Non-client mitochondrial proteins,0.1596823558303433,0.02862544816024376
TIMM9,Non-client mitochondrial proteins,0.08770273593756725,0.02166519687092635
TIMMDC1,Non-client mitochondrial proteins,0,0
TK2,Non-client mitochondrial proteins,0,0
TMEM11,Non-client mitochondrial proteins,0.0677230599253398,0.03942451479761053
TMEM126A,Non-client mitochondrial proteins,0.00416726608531097,0.02026701427216442
TMEM126B,Non-client mitochondrial proteins,0.08176408466593992,0.04574018416475206
TMEM143,Non-client mitochondrial proteins,0.0924240162658536,0.01177982616283737
TMEM14C,Non-client mitochondrial proteins,0,0.00269017132870352
TMEM177,Non-client mitochondrial proteins,0.06046231878063773,0.02261215198774963
TMEM186,Non-client mitochondrial proteins,0.10412159360427324,0
TMEM205,Non-client mitochondrial proteins,0.03805571838033215,0
TMEM65,Non-client mitochondrial proteins,0.03057800820486366,0.03853826266398938
TMEM70,Non-client mitochondrial proteins,0,0
TMLHE,Non-client mitochondrial proteins,0.09389218573576744,0
TOMM20,Non-client mitochondrial proteins,0,0
TOMM22,Non-client mitochondrial proteins,0.10670553777961088,0.00837712156192527
TOMM34,Non-client mitochondrial proteins,0,0
TOMM40,Non-client mitochondrial proteins,0.08374990650670286,0.02894241434504395
TOMM40L,Non-client mitochondrial proteins,0,0
TOMM5,Non-client mitochondrial proteins,0.07564957655891956,0.05428814683969196
TOMM6,Non-client mitochondrial proteins,0,0
TRIAP1,Non-client mitochondrial proteins,0.08373843811805792,0
TRMT1,Non-client mitochondrial proteins,0,0
TRMT10C,Non-client mitochondrial proteins,0.07818458612801668,0.03927879955194358
TRMT5,Non-client mitochondrial proteins,0.01212123508130044,0.0219874235275141
TRMT61B,Non-client mitochondrial proteins,0,0
TRNT1,Non-client mitochondrial proteins,0,0
TSPO,Non-client mitochondrial proteins,0,0
TSTD1,Non-client mitochondrial proteins,0.02110906195047422,0.02124283587481557
TTC19,Non-client mitochondrial proteins,0.09815392747886234,0.07660449479539984
TXN2,Non-client mitochondrial proteins,0,0
TXNRD1,Non-client mitochondrial proteins,0,0
TXNRD2,Non-client mitochondrial proteins,0.00265539244464229,0
UNG,Non-client mitochondrial proteins,0,0.0223708747268624
UQCC1,Non-client mitochondrial proteins,0.04140187175712518,0.01193926503341968
UQCC2,Non-client mitochondrial proteins,0.0117128025446757,0.00483887941457031
UQCR10,Non-client mitochondrial proteins,0,0.01000647699469303
UQCR11,Non-client mitochondrial proteins,0,0
UQCRB,Non-client mitochondrial proteins,0.0875705729673283,0.01837743583396539
UQCRH,Non-client mitochondrial proteins,0.05859727791693465,0
UQCRQ,Non-client mitochondrial proteins,0.05373478185125164,0.04478850824919372
USP30,Non-client mitochondrial proteins,0.04618824351249554,0
VDAC1,Non-client mitochondrial proteins,0,0
VDAC2,Non-client mitochondrial proteins,0.02627525577137597,0
VDAC3,Non-client mitochondrial proteins,0.09307281072935204,0.0083146898185268
VPS13D,Non-client mitochondrial proteins,0.07159003408405842,0.0059718428764111
VWA8,Non-client mitochondrial proteins,0,0
WARS2,Non-client mitochondrial proteins,0,0
YME1L1,Non-client mitochondrial proteins,0.05036477525258158,0.03154176974921133
YRDC,Non-client mitochondrial proteins,0.02532879031776767,0.01702153116502692
