"analysis_id","effect","se","ci_95","n","p_value","multiplicity","distribution_when_required"
"RNA_stage_DE","resolved","resolved","resolved","resolved","resolved","resolved","resolved"
"Protein_stage_DE","resolved","resolved","resolved","resolved","resolved","resolved","resolved"
"Hsp_pathway_stage_Fig1","resolved","not_applicable","resolved","resolved","resolved","resolved","resolved"
"Protein_Braak_clients","resolved","resolved","resolved","resolved","resolved","resolved","resolved"
"Protein_CERAD_clients","resolved","resolved","resolved","resolved","resolved","resolved","resolved"
"Cognition_network","resolved","resolved","resolved","resolved","resolved","resolved","resolved"
"Cognition_clients","resolved","resolved","resolved","resolved","resolved","resolved","resolved"
"Regional_AD_gene_interaction","resolved","resolved","resolved","resolved","resolved","resolved","resolved"
"Regional_Braak_continuous_gene_interaction","resolved","resolved","resolved","resolved","resolved","resolved","resolved"
"Regional_Braak_categorical_gene_interaction","resolved","resolved","resolved","resolved","resolved","resolved","resolved"
"Regional_Hsp_pathway_interaction","resolved","resolved","resolved","resolved","resolved","resolved","resolved"
"APOE_late_stage_clients","resolved","resolved","resolved","resolved","resolved","resolved","resolved"
"APOE_Braak_clients","resolved","resolved","resolved","resolved","resolved","resolved","resolved"
"APOE_CERAD_clients","resolved","resolved","resolved","resolved","resolved","resolved","resolved"
"Alternative_mechanism_markers","resolved","resolved","resolved","resolved","resolved","resolved","resolved"
"RNA_pathway_PC1_sensitivity","resolved","not_applicable","not_applicable","resolved","resolved","resolved","resolved"
"Cognition_matched_null","resolved","not_applicable","not_applicable","resolved","resolved","resolved","resolved"
