gene,late_decline_rank,late_decline_group,detected_in_protein,detected_in_rna,protein_late_decline_magnitude,late_decline_value,hub_mean_abs_cor,centrality_value,label_gene
BCAT2,1,Top-quartile late decline,TRUE,TRUE,0.09114530444756982,0.09114530444756982,0.11438394348472901,0.11438394348472901,BCAT2
MRPS35,2,Top-quartile late decline,TRUE,TRUE,0.08578984893627051,0.08578984893627051,0.259844119029921,0.259844119029921,MRPS35
DAP3,3,Top-quartile late decline,TRUE,TRUE,0.08251312620401802,0.08251312620401802,0.27712946901369195,0.27712946901369195,DAP3
MRPL47,4,Top-quartile late decline,TRUE,TRUE,0.0815805922400322,0.0815805922400322,0.24470188189948977,0.24470188189948977,MRPL47
MRPS34,5,Top-quartile late decline,TRUE,TRUE,0.07645727261213414,0.07645727261213414,0.23280609165636817,0.23280609165636817,MRPS34
PTCD3,6,Top-quartile late decline,TRUE,TRUE,0.07566692663366953,0.07566692663366953,0.2670933076254413,0.2670933076254413,PTCD3
MRPS33,7,Top-quartile late decline,TRUE,TRUE,0.0750365410125386,0.0750365410125386,0.2401788037153937,0.2401788037153937,MRPS33
MRPL53,8,Top-quartile late decline,TRUE,TRUE,0.0710777570626881,0.0710777570626881,0.2724194529569351,0.2724194529569351,MRPL53
MRPL48,9,Top-quartile late decline,TRUE,TRUE,0.06877524782706158,0.06877524782706158,0.28650353586862864,0.28650353586862864,MRPL48
MRPS27,10,Top-quartile late decline,TRUE,TRUE,0.06612442264088993,0.06612442264088993,0.25951880208200045,0.25951880208200045,MRPS27
LRPPRC,11,Top-quartile late decline,TRUE,TRUE,0.06567016422460983,0.06567016422460983,0.3075059542467318,0.3075059542467318,LRPPRC
MRPS2,12,Top-quartile late decline,TRUE,TRUE,0.0653068006952393,0.0653068006952393,0.23115938616600215,0.23115938616600215,NA
ACAD9,13,Top-quartile late decline,TRUE,TRUE,0.06501185919832192,0.06501185919832192,0.22241014439466458,0.22241014439466458,NA
MRPS22,14,Top-quartile late decline,TRUE,TRUE,0.06437832723876802,0.06437832723876802,0.28638472941024806,0.28638472941024806,NA
MRPL14,15,Top-quartile late decline,TRUE,TRUE,0.06378775387490701,0.06378775387490701,0.27480400545450145,0.27480400545450145,NA
MRPL39,16,Top-quartile late decline,TRUE,TRUE,0.06179638582763114,0.06179638582763114,0.30731021969416483,0.30731021969416483,NA
MRPS5,17,Top-quartile late decline,TRUE,TRUE,0.0611181974847452,0.0611181974847452,0.26269723051016824,0.26269723051016824,NA
MRPS23,18,Top-quartile late decline,TRUE,TRUE,0.06017711741976366,0.06017711741976366,0.26424039571402536,0.26424039571402536,NA
TRUB2,19,Top-quartile late decline,TRUE,TRUE,0.058551760051310936,0.058551760051310936,0.20301817238004324,0.20301817238004324,NA
MRPL9,20,Top-quartile late decline,TRUE,TRUE,0.05803689863429018,0.05803689863429018,0.2623337827998372,0.2623337827998372,NA
PYCR2,21,Top-quartile late decline,TRUE,TRUE,0.0566088066901362,0.0566088066901362,0.20856435328784348,0.20856435328784348,NA
MRPS16,22,Top-quartile late decline,TRUE,TRUE,0.056125784160354325,0.056125784160354325,0.24350545279979244,0.24350545279979244,NA
MRPL15,23,Top-quartile late decline,TRUE,TRUE,0.055975004798616196,0.055975004798616196,0.28209945193535346,0.28209945193535346,NA
NDUFAF7,24,Top-quartile late decline,TRUE,TRUE,0.05557849508962349,0.05557849508962349,0.30679367564051235,0.30679367564051235,NA
MRPL37,25,Top-quartile late decline,TRUE,TRUE,0.05499910644753016,0.05499910644753016,0.2782286268952852,0.2782286268952852,NA
MRPS30,26,Top-quartile late decline,TRUE,TRUE,0.05499227214687935,0.05499227214687935,0.23651500767698702,0.23651500767698702,NA
CPT2,27,Top-quartile late decline,TRUE,TRUE,0.05459194057945041,0.05459194057945041,0.11092618667257192,0.11092618667257192,NA
MRPS25,28,Top-quartile late decline,TRUE,TRUE,0.05424146968436698,0.05424146968436698,0.24650031524122437,0.24650031524122437,NA
POLG,29,Top-quartile late decline,TRUE,TRUE,0.05338947542899214,0.05338947542899214,0.15238794567134395,0.15238794567134395,NA
MRPL49,30,Top-quartile late decline,TRUE,TRUE,0.053162642871672286,0.053162642871672286,0.2809111391536127,0.2809111391536127,NA
TIMM13,31,Top-quartile late decline,TRUE,TRUE,0.05283943712838624,0.05283943712838624,0.23830871587175678,0.23830871587175678,NA
CHCHD1,32,Top-quartile late decline,TRUE,TRUE,0.05173541499376644,0.05173541499376644,0.20558000824173672,0.20558000824173672,NA
MRPS9,33,Top-quartile late decline,TRUE,TRUE,0.05030227608808016,0.05030227608808016,0.2671187101919048,0.2671187101919048,NA
VARS2,34,Top-quartile late decline,TRUE,TRUE,0.05004576456852805,0.05004576456852805,0.14503449540324545,0.14503449540324545,NA
MRPL44,35,Top-quartile late decline,TRUE,TRUE,0.04962132521146573,0.04962132521146573,0.28729962566226824,0.28729962566226824,NA
MRPS12,36,Top-quartile late decline,TRUE,TRUE,0.049233228199318135,0.049233228199318135,0.22934725311036075,0.22934725311036075,NA
TIMM8B,37,Top-quartile late decline,TRUE,TRUE,0.0490229985436961,0.0490229985436961,0.16579714542476204,0.16579714542476204,NA
CBR4,38,Top-quartile late decline,TRUE,TRUE,0.048987939159459704,0.048987939159459704,0.08681603363868426,0.08681603363868426,NA
ADCK4,39,Top-quartile late decline,TRUE,FALSE,0.048646147275455826,0.048646147275455826,0.12718741904561037,0.12718741904561037,NA
ICT1,40,Top-quartile late decline,TRUE,FALSE,0.047949029560426876,0.047949029560426876,0.26839076189507133,0.26839076189507133,NA
NDUFB1,41,Top-quartile late decline,TRUE,TRUE,0.04692650049194069,0.04692650049194069,0.2162696071272814,0.2162696071272814,NA
MRPL16,42,Top-quartile late decline,TRUE,TRUE,0.04642744200515074,0.04642744200515074,0.23272092862474017,0.23272092862474017,NA
MRPL45,43,Top-quartile late decline,TRUE,FALSE,0.04612492402180676,0.04612492402180676,0.27756476867882757,0.27756476867882757,NA
PITRM1,44,Top-quartile late decline,TRUE,TRUE,0.04597965329685419,0.04597965329685419,0.10893248531440554,0.10893248531440554,NA
NDUFA8,45,Top-quartile late decline,TRUE,TRUE,0.045820965657225224,0.045820965657225224,0.2653339400058912,0.2653339400058912,NA
COX7A2L,46,Top-quartile late decline,TRUE,TRUE,0.04548828950414946,0.04548828950414946,0.2557753653203564,0.2557753653203564,NA
MRPS15,47,Top-quartile late decline,TRUE,TRUE,0.04501088488121915,0.04501088488121915,0.21532232929510225,0.21532232929510225,NA
MRPL22,48,Top-quartile late decline,TRUE,TRUE,0.04475508843890375,0.04475508843890375,0.24714840848721228,0.24714840848721228,NA
PPA2,49,Top-quartile late decline,TRUE,TRUE,0.04474355500616199,0.04474355500616199,0.186630577819245,0.186630577819245,NA
XPNPEP3,50,Top-quartile late decline,TRUE,TRUE,0.0445032555291936,0.0445032555291936,0.13539805679502107,0.13539805679502107,NA
SLIRP,51,Top-quartile late decline,TRUE,TRUE,0.04340751095293447,0.04340751095293447,0.2790196172923472,0.2790196172923472,NA
TUFM,52,Top-quartile late decline,TRUE,TRUE,0.04305409355449459,0.04305409355449459,0.3254799610353229,0.3254799610353229,TUFM
SERPINH1,53,Top-quartile late decline,TRUE,TRUE,0.043001810059701884,0.043001810059701884,0.13683527081737346,0.13683527081737346,NA
GPT2,54,Top-quartile late decline,TRUE,TRUE,0.04162609616421564,0.04162609616421564,0.10632780419977211,0.10632780419977211,NA
GLDC,55,Top-quartile late decline,TRUE,TRUE,0.04160769372030632,0.04160769372030632,0.1698662283010471,0.1698662283010471,NA
RPS3,56,Top-quartile late decline,TRUE,TRUE,0.04150629555656134,0.04150629555656134,0.15845895620886244,0.15845895620886244,NA
GSTK1,57,Top-quartile late decline,TRUE,TRUE,0.04140798545802171,0.04140798545802171,0.25547841645410574,0.25547841645410574,NA
HADHB,58,Top-quartile late decline,TRUE,TRUE,0.0410338378369834,0.0410338378369834,0.14822557576271067,0.14822557576271067,NA
FASTKD5,59,Top-quartile late decline,TRUE,TRUE,0.040727659581152285,0.040727659581152285,0.15032482303622474,0.15032482303622474,NA
MRPL19,60,Top-quartile late decline,TRUE,TRUE,0.040384822650212954,0.040384822650212954,0.2746063729570509,0.2746063729570509,NA
NUDT19,61,Top-quartile late decline,TRUE,TRUE,0.04033412752269981,0.04033412752269981,0.12579714957403682,0.12579714957403682,NA
BCKDHB,62,Top-quartile late decline,TRUE,TRUE,0.0400639666792246,0.0400639666792246,0.16228715923764347,0.16228715923764347,NA
NDUFV1,63,Top-quartile late decline,TRUE,TRUE,0.0398711422137858,0.0398711422137858,0.2968872009812649,0.2968872009812649,NA
RPS9,64,Top-quartile late decline,TRUE,TRUE,0.03871965380969772,0.03871965380969772,0.1011196885000956,0.1011196885000956,NA
TRUB1,65,Top-quartile late decline,TRUE,TRUE,0.038635726117744705,0.038635726117744705,0.21736260920868367,0.21736260920868367,NA
TAMM41,66,Top-quartile late decline,TRUE,TRUE,0.03855300286319385,0.03855300286319385,0.14358741812827866,0.14358741812827866,NA
MIPEP,67,Top-quartile late decline,TRUE,TRUE,0.0379137684691527,0.0379137684691527,0.160527731001903,0.160527731001903,NA
ACADVL,68,Top-quartile late decline,TRUE,TRUE,0.03777403831627815,0.03777403831627815,0.16003080254540208,0.16003080254540208,NA
PTPMT1,69,Top-quartile late decline,TRUE,TRUE,0.037748681738258516,0.037748681738258516,0.22135687202182486,0.22135687202182486,NA
NDUFS4,70,Top-quartile late decline,TRUE,TRUE,0.03761869630555878,0.03761869630555878,0.2781940797339418,0.2781940797339418,NA
ME2,71,Top-quartile late decline,TRUE,TRUE,0.03754306333650732,0.03754306333650732,0.25584483951415243,0.25584483951415243,NA
NIPSNAP1,72,Top-quartile late decline,TRUE,TRUE,0.037102630876238496,0.037102630876238496,0.21722875337727224,0.21722875337727224,NA
CYC1,73,Top-quartile late decline,TRUE,TRUE,0.036537894496387655,0.036537894496387655,0.24496981424999947,0.24496981424999947,NA
PDHX,74,Top-quartile late decline,TRUE,TRUE,0.03634718965433087,0.03634718965433087,0.2865105218490062,0.2865105218490062,NA
ABHD11,75,Top-quartile late decline,TRUE,TRUE,0.03630146236252458,0.03630146236252458,0.20212663259663924,0.20212663259663924,NA
TARS2,76,Top-quartile late decline,TRUE,TRUE,0.03623135909044606,0.03623135909044606,0.2084038769905324,0.2084038769905324,NA
PDK3,77,Top-quartile late decline,TRUE,TRUE,0.03611212243952125,0.03611212243952125,0.26943461640566196,0.26943461640566196,NA
NDUFA4,78,Other detected Hsp60/10 clients,TRUE,FALSE,0.03593683676416365,0.03593683676416365,0.21896912701185944,0.21896912701185944,NA
EARS2,79,Other detected Hsp60/10 clients,TRUE,TRUE,0.03526642799351368,0.03526642799351368,0.12329849728838739,0.12329849728838739,NA
PDHA1,80,Other detected Hsp60/10 clients,TRUE,TRUE,0.035090051422244556,0.035090051422244556,0.31149744994992856,0.31149744994992856,NA
RPS6,81,Other detected Hsp60/10 clients,TRUE,TRUE,0.034952760461192646,0.034952760461192646,0.13647963446643213,0.13647963446643213,NA
CS,82,Other detected Hsp60/10 clients,TRUE,TRUE,0.03486784388865011,0.03486784388865011,0.2736518621786758,0.2736518621786758,NA
GADD45GIP1,83,Other detected Hsp60/10 clients,TRUE,TRUE,0.034747553812953136,0.034747553812953136,0.21344270464830023,0.21344270464830023,NA
IDH2,84,Other detected Hsp60/10 clients,TRUE,TRUE,0.03389083187090414,0.03389083187090414,0.21711899575386123,0.21711899575386123,NA
NDUFA13,85,Other detected Hsp60/10 clients,TRUE,TRUE,0.03371903407050989,0.03371903407050989,0.2766269577880768,0.2766269577880768,NA
ACSF3,86,Other detected Hsp60/10 clients,TRUE,TRUE,0.033651185839869036,0.033651185839869036,0.14039667991005905,0.14039667991005905,NA
HSD17B8,87,Other detected Hsp60/10 clients,TRUE,TRUE,0.033356510172574766,0.033356510172574766,0.07523156114289589,0.07523156114289589,NA
DLD,88,Other detected Hsp60/10 clients,TRUE,TRUE,0.033270483174457466,0.033270483174457466,0.3073186983266379,0.3073186983266379,DLD
NDUFA2,89,Other detected Hsp60/10 clients,TRUE,TRUE,0.03271436245293988,0.03271436245293988,0.27439905982944374,0.27439905982944374,NA
SLC25A13,90,Other detected Hsp60/10 clients,TRUE,TRUE,0.03270299057141833,0.03270299057141833,0.16653148142503776,0.16653148142503776,NA
COX4I1,91,Other detected Hsp60/10 clients,TRUE,TRUE,0.032322080217462024,0.032322080217462024,0.2740892613623859,0.2740892613623859,NA
RPS8,92,Other detected Hsp60/10 clients,TRUE,TRUE,0.0319946989710952,0.0319946989710952,0.14601162651320915,0.14601162651320915,NA
FOXRED1,93,Other detected Hsp60/10 clients,TRUE,TRUE,0.03172246030370103,0.03172246030370103,0.24039667679668292,0.24039667679668292,NA
SLC25A6,94,Other detected Hsp60/10 clients,TRUE,TRUE,0.031416792287726994,0.031416792287726994,0.22431292147885595,0.22431292147885595,NA
NDUFA6,95,Other detected Hsp60/10 clients,TRUE,TRUE,0.03104572796192183,0.03104572796192183,0.24929928051505582,0.24929928051505582,NA
MRPS31,96,Other detected Hsp60/10 clients,TRUE,TRUE,0.030659865202784575,0.030659865202784575,0.25141643441027095,0.25141643441027095,NA
NDUFS2,97,Other detected Hsp60/10 clients,TRUE,TRUE,0.03062859823863015,0.03062859823863015,0.2656638604483822,0.2656638604483822,NA
TRAP1,98,Other detected Hsp60/10 clients,TRUE,TRUE,0.030295661425427375,0.030295661425427375,0.14217117408071187,0.14217117408071187,NA
NSUN4,99,Other detected Hsp60/10 clients,TRUE,TRUE,0.029915234967382298,0.029915234967382298,0.17371983253860948,0.17371983253860948,NA
MRPS6,100,Other detected Hsp60/10 clients,TRUE,TRUE,0.02975065329839338,0.02975065329839338,0.22396375783171463,0.22396375783171463,NA
YARS2,101,Other detected Hsp60/10 clients,TRUE,TRUE,0.029409167732804154,0.029409167732804154,0.2635428910858431,0.2635428910858431,NA
ECI2,102,Other detected Hsp60/10 clients,TRUE,TRUE,0.02936453307908049,0.02936453307908049,0.10850067883048817,0.10850067883048817,NA
SSBP1,103,Other detected Hsp60/10 clients,TRUE,TRUE,0.029179240048976374,0.029179240048976374,0.2088496364101063,0.2088496364101063,NA
RPS15A,104,Other detected Hsp60/10 clients,TRUE,TRUE,0.028732075958791126,0.028732075958791126,0.1016569481293668,0.1016569481293668,NA
MRPL10,105,Other detected Hsp60/10 clients,TRUE,TRUE,0.028518354339335555,0.028518354339335555,0.15560938902754004,0.15560938902754004,NA
PCK2,106,Other detected Hsp60/10 clients,TRUE,TRUE,0.028477983575862315,0.028477983575862315,0.12903741999328683,0.12903741999328683,NA
SUCLG1,107,Other detected Hsp60/10 clients,TRUE,TRUE,0.02841764867384003,0.02841764867384003,0.24144631836925967,0.24144631836925967,NA
NDUFA10,108,Other detected Hsp60/10 clients,TRUE,TRUE,0.0282925830607709,0.0282925830607709,0.2627784351979401,0.2627784351979401,NA
SLC25A5,109,Other detected Hsp60/10 clients,TRUE,TRUE,0.02824498423054775,0.02824498423054775,0.25005897866160354,0.25005897866160354,NA
NDUFS1,110,Other detected Hsp60/10 clients,TRUE,TRUE,0.028090576916456056,0.028090576916456056,0.30559935034625996,0.30559935034625996,NA
AK2,111,Other detected Hsp60/10 clients,TRUE,TRUE,0.028064719079800987,0.028064719079800987,0.10487514079839622,0.10487514079839622,NA
NFS1,112,Other detected Hsp60/10 clients,TRUE,TRUE,0.0280336966802356,0.0280336966802356,0.24049913423996827,0.24049913423996827,NA
ATAD3A,113,Other detected Hsp60/10 clients,TRUE,TRUE,0.027719961186552233,0.027719961186552233,0.25829937642748674,0.25829937642748674,NA
UQCRC2,114,Other detected Hsp60/10 clients,TRUE,TRUE,0.027366816825525365,0.027366816825525365,0.305871263743997,0.305871263743997,NA
MRPL38,115,Other detected Hsp60/10 clients,TRUE,TRUE,0.027260603959235144,0.027260603959235144,0.2142149002714569,0.2142149002714569,NA
HADHA,116,Other detected Hsp60/10 clients,TRUE,TRUE,0.026571058583262364,0.026571058583262364,0.1201204634665151,0.1201204634665151,NA
RPS16,117,Other detected Hsp60/10 clients,TRUE,TRUE,0.026362727488139615,0.026362727488139615,0.15906033251251658,0.15906033251251658,NA
CECR5,118,Other detected Hsp60/10 clients,TRUE,FALSE,0.02630140786381685,0.02630140786381685,0.18637713433702519,0.18637713433702519,NA
RPL23A,119,Other detected Hsp60/10 clients,TRUE,TRUE,0.026259088181017354,0.026259088181017354,0.18879289173734126,0.18879289173734126,NA
UQCRC1,120,Other detected Hsp60/10 clients,TRUE,TRUE,0.0261981415041746,0.0261981415041746,0.31076790654212194,0.31076790654212194,NA
SHMT2,121,Other detected Hsp60/10 clients,TRUE,TRUE,0.026077745233134303,0.026077745233134303,0.2087650722251823,0.2087650722251823,SHMT2
RPS18,122,Other detected Hsp60/10 clients,TRUE,TRUE,0.025822072883634972,0.025822072883634972,0.08809172605042177,0.08809172605042177,NA
RPS10,123,Other detected Hsp60/10 clients,TRUE,TRUE,0.02579212589149646,0.02579212589149646,0.11960858755780135,0.11960858755780135,NA
ECHS1,124,Other detected Hsp60/10 clients,TRUE,TRUE,0.025479707599977378,0.025479707599977378,0.2172940223215149,0.2172940223215149,ECHS1
NDUFA9,125,Other detected Hsp60/10 clients,TRUE,TRUE,0.025360334336286317,0.025360334336286317,0.18711853220214442,0.18711853220214442,NA
FLAD1,126,Other detected Hsp60/10 clients,TRUE,TRUE,0.02533242058459595,0.02533242058459595,0.09410786770684715,0.09410786770684715,NA
RPL9,127,Other detected Hsp60/10 clients,TRUE,TRUE,0.025284194892848638,0.025284194892848638,0.14723214211327,0.14723214211327,NA
SDHA,128,Other detected Hsp60/10 clients,TRUE,TRUE,0.024801062090427407,0.024801062090427407,0.27459684061927736,0.27459684061927736,NA
MRPS26,129,Other detected Hsp60/10 clients,TRUE,TRUE,0.024684029100751514,0.024684029100751514,0.23749613640604386,0.23749613640604386,NA
MRPS36,130,Other detected Hsp60/10 clients,TRUE,FALSE,0.02412224993687756,0.02412224993687756,0.22549580017798143,0.22549580017798143,NA
ARL2,131,Other detected Hsp60/10 clients,TRUE,TRUE,0.02411136981935933,0.02411136981935933,0.0674023425091573,0.0674023425091573,NA
IMMT,132,Other detected Hsp60/10 clients,TRUE,TRUE,0.024080507683405805,0.024080507683405805,0.22299335760316655,0.22299335760316655,NA
MRPL3,133,Other detected Hsp60/10 clients,TRUE,TRUE,0.02407083431755641,0.02407083431755641,0.24932439228375197,0.24932439228375197,NA
ALDH5A1,134,Other detected Hsp60/10 clients,TRUE,TRUE,0.023953379829345908,0.023953379829345908,0.21036930280541957,0.21036930280541957,NA
RPS4X,135,Other detected Hsp60/10 clients,TRUE,TRUE,0.023540884388945152,0.023540884388945152,0.1260841846604268,0.1260841846604268,NA
FAHD1,136,Other detected Hsp60/10 clients,TRUE,TRUE,0.023265328778037997,0.023265328778037997,0.21689963566051404,0.21689963566051404,NA
RPS11,137,Other detected Hsp60/10 clients,TRUE,TRUE,0.02285693861370669,0.02285693861370669,0.14649150715667442,0.14649150715667442,NA
NDUFV2,138,Other detected Hsp60/10 clients,TRUE,TRUE,0.022535765380555378,0.022535765380555378,0.26491358739215387,0.26491358739215387,NA
NT5DC2,139,Other detected Hsp60/10 clients,TRUE,TRUE,0.02248795015436289,0.02248795015436289,0.07752160717713605,0.07752160717713605,NA
OAT,140,Other detected Hsp60/10 clients,TRUE,TRUE,0.022439770630426847,0.022439770630426847,0.24712071131009206,0.24712071131009206,NA
ACOT13,141,Other detected Hsp60/10 clients,TRUE,TRUE,0.022305589335936488,0.022305589335936488,0.2275787026626024,0.2275787026626024,NA
ATP5F1C,142,Other detected Hsp60/10 clients,TRUE,TRUE,0.022255515687521044,0.022255515687521044,0.07668007518935986,0.07668007518935986,NA
PRDX4,143,Other detected Hsp60/10 clients,TRUE,TRUE,0.021984129944515096,0.021984129944515096,0.07287055612428672,0.07287055612428672,NA
MTG1,144,Other detected Hsp60/10 clients,TRUE,TRUE,0.021563501583734546,0.021563501583734546,0.14297359330920326,0.14297359330920326,NA
RPL11,145,Other detected Hsp60/10 clients,TRUE,TRUE,0.021477875081459395,0.021477875081459395,0.16903599047508797,0.16903599047508797,NA
TIMM44,146,Other detected Hsp60/10 clients,TRUE,TRUE,0.021457677234155717,0.021457677234155717,0.23339643610060165,0.23339643610060165,NA
GFM1,147,Other detected Hsp60/10 clients,TRUE,TRUE,0.021326107530104138,0.021326107530104138,0.23064443560117076,0.23064443560117076,NA
ST13,148,Other detected Hsp60/10 clients,TRUE,TRUE,0.020952787414350915,0.020952787414350915,0.13361399550081296,0.13361399550081296,NA
ERAL1,149,Other detected Hsp60/10 clients,TRUE,TRUE,0.020949008603907394,0.020949008603907394,0.18097505118163337,0.18097505118163337,NA
UQCRFS1,150,Other detected Hsp60/10 clients,TRUE,TRUE,0.020764827548701237,0.020764827548701237,0.2860034510487094,0.2860034510487094,NA
POLRMT,151,Other detected Hsp60/10 clients,TRUE,TRUE,0.020612264055960658,0.020612264055960658,0.21359128716310638,0.21359128716310638,NA
EEF1B2,152,Other detected Hsp60/10 clients,TRUE,TRUE,0.02036165376899418,0.02036165376899418,0.18100259251583845,0.18100259251583845,NA
OGDH,153,Other detected Hsp60/10 clients,TRUE,TRUE,0.020289587176339774,0.020289587176339774,0.12155832258884641,0.12155832258884641,NA
HARS2,154,Other detected Hsp60/10 clients,TRUE,TRUE,0.020267593017387744,0.020267593017387744,0.17305044375520856,0.17305044375520856,NA
LONP1,155,Other detected Hsp60/10 clients,TRUE,TRUE,0.019925937252677023,0.019925937252677023,0.2279170030322801,0.2279170030322801,NA
TBRG4,156,Other detected Hsp60/10 clients,TRUE,TRUE,0.019881872723706513,0.019881872723706513,0.24560247843155134,0.24560247843155134,NA
IDH3A,157,Other detected Hsp60/10 clients,TRUE,TRUE,0.019275673947841354,0.019275673947841354,0.24622841849060367,0.24622841849060367,IDH3A
AFG3L2,158,Other detected Hsp60/10 clients,TRUE,TRUE,0.01891129835784508,0.01891129835784508,0.2946057244450032,0.2946057244450032,NA
PMPCB,159,Other detected Hsp60/10 clients,TRUE,TRUE,0.018687559897037173,0.018687559897037173,0.2647603424401414,0.2647603424401414,NA
PPIF,160,Other detected Hsp60/10 clients,TRUE,TRUE,0.018273041888925194,0.018273041888925194,0.21580850793599662,0.21580850793599662,NA
TST,161,Other detected Hsp60/10 clients,TRUE,TRUE,0.018226808597505917,0.018226808597505917,0.12160573269916021,0.12160573269916021,NA
NDUFS3,162,Other detected Hsp60/10 clients,TRUE,TRUE,0.018180974949877693,0.018180974949877693,0.258969121155357,0.258969121155357,NA
PDHB,163,Other detected Hsp60/10 clients,TRUE,TRUE,0.018166589097875163,0.018166589097875163,0.2992297610128844,0.2992297610128844,NA
ZADH2,164,Other detected Hsp60/10 clients,TRUE,FALSE,0.017974915759251107,0.017974915759251107,0.1501369274989449,0.1501369274989449,NA
PC,165,Other detected Hsp60/10 clients,TRUE,TRUE,0.017805803694995376,0.017805803694995376,0.20385030746665148,0.20385030746665148,NA
SAMM50,166,Other detected Hsp60/10 clients,TRUE,TRUE,0.0174556054839633,0.0174556054839633,0.16924114832203047,0.16924114832203047,NA
ETFA,167,Other detected Hsp60/10 clients,TRUE,TRUE,0.017316516376066807,0.017316516376066807,0.21672891137494013,0.21672891137494013,NA
ATP5L,168,Other detected Hsp60/10 clients,TRUE,FALSE,0.017182580721051166,0.017182580721051166,0.20138644553567517,0.20138644553567517,NA
ATP5O,169,Other detected Hsp60/10 clients,TRUE,FALSE,0.016817089171416125,0.016817089171416125,0.23635105704474585,0.23635105704474585,NA
HARS,170,Other detected Hsp60/10 clients,TRUE,FALSE,0.016196023200326495,0.016196023200326495,0.10753651320834413,0.10753651320834413,NA
PGAM5,171,Other detected Hsp60/10 clients,TRUE,TRUE,0.015998389370365518,0.015998389370365518,0.17839697287981163,0.17839697287981163,NA
KIAA0391,172,Other detected Hsp60/10 clients,TRUE,FALSE,0.0158206317206191,0.0158206317206191,0.16545634821383598,0.16545634821383598,NA
ECI1,173,Other detected Hsp60/10 clients,TRUE,TRUE,0.015737281830051963,0.015737281830051963,0.11460582777686568,0.11460582777686568,NA
DLAT,174,Other detected Hsp60/10 clients,TRUE,TRUE,0.01568194220033342,0.01568194220033342,0.26822065876221773,0.26822065876221773,DLAT
PHB2,175,Other detected Hsp60/10 clients,TRUE,TRUE,0.015666189217253323,0.015666189217253323,0.22677830110063335,0.22677830110063335,NA
SUCLA2,176,Other detected Hsp60/10 clients,TRUE,TRUE,0.015527314141649096,0.015527314141649096,0.2741351499387063,0.2741351499387063,NA
ETFB,177,Other detected Hsp60/10 clients,TRUE,TRUE,0.015225298830220835,0.015225298830220835,0.19037817585209413,0.19037817585209413,NA
P4HB,178,Other detected Hsp60/10 clients,TRUE,TRUE,0.015085709395303959,0.015085709395303959,0.1699661190908113,0.1699661190908113,NA
MMAB,179,Other detected Hsp60/10 clients,TRUE,TRUE,0.014848720649178252,0.014848720649178252,0.04251082457683688,0.04251082457683688,NA
PDK2,180,Other detected Hsp60/10 clients,TRUE,TRUE,0.01472747265679171,0.01472747265679171,0.14370498036828697,0.14370498036828697,NA
RNMTL1,181,Other detected Hsp60/10 clients,TRUE,FALSE,0.014583333593590597,0.014583333593590597,0.16212621221321077,0.16212621221321077,NA
SUCLG2,182,Other detected Hsp60/10 clients,TRUE,TRUE,0.014575531635264954,0.014575531635264954,0.07030204166381483,0.07030204166381483,NA
SDHB,183,Other detected Hsp60/10 clients,TRUE,TRUE,0.014521794962544077,0.014521794962544077,0.23361108900556443,0.23361108900556443,NA
RPL23,184,Other detected Hsp60/10 clients,TRUE,TRUE,0.014278789654939394,0.014278789654939394,0.17820281559061085,0.17820281559061085,NA
HSPA9,185,Other detected Hsp60/10 clients,TRUE,TRUE,0.01412008258379796,0.01412008258379796,0.23417788722993654,0.23417788722993654,NA
BCKDK,186,Other detected Hsp60/10 clients,TRUE,TRUE,0.013925971821773464,0.013925971821773464,0.19396393475056084,0.19396393475056084,NA
NDUFB10,187,Other detected Hsp60/10 clients,TRUE,TRUE,0.013646690724957534,0.013646690724957534,0.2813334712079099,0.2813334712079099,NA
BCS1L,188,Other detected Hsp60/10 clients,TRUE,TRUE,0.013322459000462875,0.013322459000462875,0.14957450277394246,0.14957450277394246,NA
NIPSNAP3A,189,Other detected Hsp60/10 clients,TRUE,TRUE,0.0132337220607327,0.0132337220607327,0.09124495519922053,0.09124495519922053,NA
MT-ATP6,190,Other detected Hsp60/10 clients,TRUE,FALSE,0.013146961405666345,0.013146961405666345,0.169588904668146,0.169588904668146,NA
MRPL13,191,Other detected Hsp60/10 clients,TRUE,TRUE,0.013022637700030485,0.013022637700030485,0.21290442693790773,0.21290442693790773,NA
ECHDC1,192,Other detected Hsp60/10 clients,TRUE,TRUE,0.012857060404436571,0.012857060404436571,0.10624001262580791,0.10624001262580791,NA
AK3,193,Other detected Hsp60/10 clients,TRUE,TRUE,0.012779754352670925,0.012779754352670925,0.09295826807013541,0.09295826807013541,NA
LETM1,194,Other detected Hsp60/10 clients,TRUE,TRUE,0.012747698180096759,0.012747698180096759,0.21473350605127237,0.21473350605127237,NA
NSUN2,195,Other detected Hsp60/10 clients,TRUE,TRUE,0.0127308283062618,0.0127308283062618,0.14275640302684406,0.14275640302684406,NA
SYNE1,196,Other detected Hsp60/10 clients,TRUE,TRUE,0.012444939978287824,0.012444939978287824,0.15098866382931875,0.15098866382931875,NA
AARS2,197,Other detected Hsp60/10 clients,TRUE,TRUE,0.012436915112662691,0.012436915112662691,0.16363446956390215,0.16363446956390215,NA
SARS2,198,Other detected Hsp60/10 clients,TRUE,TRUE,0.012388217139511326,0.012388217139511326,0.24091554699358878,0.24091554699358878,NA
LYRM7,199,Other detected Hsp60/10 clients,TRUE,TRUE,0.012368325250926028,0.012368325250926028,0.2381970654699414,0.2381970654699414,NA
DCXR,200,Other detected Hsp60/10 clients,TRUE,TRUE,0.012063675789031253,0.012063675789031253,0.16718689343697785,0.16718689343697785,NA
TFAM,201,Other detected Hsp60/10 clients,TRUE,TRUE,0.011463999536388603,0.011463999536388603,0.1805595997387405,0.1805595997387405,NA
PNPT1,202,Other detected Hsp60/10 clients,TRUE,TRUE,0.011360573974758734,0.011360573974758734,0.2177768580344264,0.2177768580344264,NA
DARS2,203,Other detected Hsp60/10 clients,TRUE,TRUE,0.011253110190388105,0.011253110190388105,0.14433612212358726,0.14433612212358726,NA
PHB,204,Other detected Hsp60/10 clients,TRUE,FALSE,0.010708287472010608,0.010708287472010608,0.22297518419566073,0.22297518419566073,NA
ATP5F1,205,Other detected Hsp60/10 clients,TRUE,FALSE,0.010638669304887993,0.010638669304887993,0.25058725969254203,0.25058725969254203,NA
HSD17B10,206,Other detected Hsp60/10 clients,TRUE,TRUE,0.010459229961757147,0.010459229961757147,0.1633381733001075,0.1633381733001075,NA
MARS2,207,Other detected Hsp60/10 clients,TRUE,TRUE,0.01019141052436795,0.01019141052436795,0.1093006859799825,0.1093006859799825,NA
IARS2,208,Other detected Hsp60/10 clients,TRUE,TRUE,0.009648905255601165,0.009648905255601165,0.2902616465425474,0.2902616465425474,NA
PMPCA,209,Other detected Hsp60/10 clients,TRUE,TRUE,0.009637026382075479,0.009637026382075479,0.2609575225832933,0.2609575225832933,NA
MT-CO2,210,Other detected Hsp60/10 clients,TRUE,FALSE,0.00956123608925974,0.00956123608925974,0.25393843975051505,0.25393843975051505,NA
AIFM1,211,Other detected Hsp60/10 clients,TRUE,TRUE,0.00920629010259616,0.00920629010259616,0.27238209474811076,0.27238209474811076,NA
ALDH2,212,Other detected Hsp60/10 clients,TRUE,TRUE,0.008944075228805914,0.008944075228805914,0.1443724557799395,0.1443724557799395,NA
ABHD10,213,Other detected Hsp60/10 clients,TRUE,TRUE,0.008929026346386537,0.008929026346386537,0.2649973270275887,0.2649973270275887,NA
HADH,214,Other detected Hsp60/10 clients,TRUE,TRUE,0.008682573158221699,0.008682573158221699,0.1489732419832167,0.1489732419832167,NA
GOT2,215,Other detected Hsp60/10 clients,TRUE,TRUE,0.008501360599034197,0.008501360599034197,0.14123358463262783,0.14123358463262783,NA
MCCC2,216,Other detected Hsp60/10 clients,TRUE,TRUE,0.008313671856555946,0.008313671856555946,0.13860994985532749,0.13860994985532749,NA
ALDH18A1,217,Other detected Hsp60/10 clients,TRUE,TRUE,0.007890906509009005,0.007890906509009005,0.1182710212741251,0.1182710212741251,NA
GRSF1,218,Other detected Hsp60/10 clients,TRUE,TRUE,0.0069571595893335725,0.0069571595893335725,0.23701045966396814,0.23701045966396814,NA
POLDIP2,219,Other detected Hsp60/10 clients,TRUE,TRUE,0.006433328053659468,0.006433328053659468,0.22816580373452422,0.22816580373452422,NA
ATP5F1A,220,Other detected Hsp60/10 clients,TRUE,TRUE,0.006282453855447928,0.006282453855447928,0.2811308567359911,0.2811308567359911,NA
FECH,221,Other detected Hsp60/10 clients,TRUE,TRUE,0.00614103469435881,0.00614103469435881,0.15967341516251163,0.15967341516251163,NA
GRPEL1,222,Other detected Hsp60/10 clients,TRUE,TRUE,0.0061256840114941626,0.0061256840114941626,0.19458615726839681,0.19458615726839681,NA
TSFM,223,Other detected Hsp60/10 clients,TRUE,TRUE,0.005364637434282331,0.005364637434282331,0.21104776158713043,0.21104776158713043,NA
MTO1,224,Other detected Hsp60/10 clients,TRUE,TRUE,0.005062760697455704,0.005062760697455704,0.19449954515943046,0.19449954515943046,NA
DLST,225,Other detected Hsp60/10 clients,TRUE,TRUE,0.005034202548716837,0.005034202548716837,0.24404023880628645,0.24404023880628645,NA
ATP5D,226,Other detected Hsp60/10 clients,TRUE,FALSE,0.004982205753499225,0.004982205753499225,0.22575457490055162,0.22575457490055162,NA
CPOX,227,Other detected Hsp60/10 clients,TRUE,TRUE,0.004917961653864865,0.004917961653864865,0.08661304197769072,0.08661304197769072,NA
RPL31,228,Other detected Hsp60/10 clients,TRUE,TRUE,0.0048609279702933605,0.0048609279702933605,0.12874073523472734,0.12874073523472734,NA
DHX30,229,Other detected Hsp60/10 clients,TRUE,TRUE,0.004716095056550629,0.004716095056550629,0.1915365857208782,0.1915365857208782,NA
GLS,230,Other detected Hsp60/10 clients,TRUE,TRUE,0.004505493201209854,0.004505493201209854,0.15908736202736073,0.15908736202736073,NA
ACAA2,231,Other detected Hsp60/10 clients,TRUE,TRUE,0.004502003602745386,0.004502003602745386,0.11440711615415786,0.11440711615415786,NA
YWHAE,232,Other detected Hsp60/10 clients,TRUE,TRUE,0.004455266753840004,0.004455266753840004,0.06762416764783143,0.06762416764783143,NA
PCCB,233,Other detected Hsp60/10 clients,TRUE,TRUE,0.004355554515754256,0.004355554515754256,0.22320734736734402,0.22320734736734402,NA
PDIA6,234,Other detected Hsp60/10 clients,TRUE,TRUE,0.004303677346504109,0.004303677346504109,0.14595521017015303,0.14595521017015303,NA
C1QBP,235,Other detected Hsp60/10 clients,TRUE,TRUE,0.0037606282499247357,0.0037606282499247357,0.16445474751553282,0.16445474751553282,NA
ATP5H,236,Other detected Hsp60/10 clients,TRUE,FALSE,0.0035826520016981056,0.0035826520016981056,0.23003008653491988,0.23003008653491988,NA
DNAJA3,237,Other detected Hsp60/10 clients,TRUE,TRUE,0.0035016027773002167,0.0035016027773002167,0.1488143229736297,0.1488143229736297,NA
ECH1,238,Other detected Hsp60/10 clients,TRUE,TRUE,0.0033658209861182065,0.0033658209861182065,0.17053528713354354,0.17053528713354354,NA
HAGH,239,Other detected Hsp60/10 clients,TRUE,TRUE,0.0028164920914640207,0.0028164920914640207,0.12195175495894194,0.12195175495894194,NA
HIBCH,240,Other detected Hsp60/10 clients,TRUE,TRUE,0.00260484794699517,0.00260484794699517,0.10083983284420214,0.10083983284420214,NA
MOGS,241,Other detected Hsp60/10 clients,TRUE,TRUE,0.0022079640950533747,0.0022079640950533747,0.06926049816453392,0.06926049816453392,NA
IDH3G,242,Other detected Hsp60/10 clients,TRUE,TRUE,0.001959930687599032,0.001959930687599032,0.2238872339172179,0.2238872339172179,NA
LAP3,243,Other detected Hsp60/10 clients,TRUE,TRUE,1.2439871144069407e-4,1.2439871144069407e-4,0.07221215875830879,0.07221215875830879,NA
MDH2,244,Other detected Hsp60/10 clients,TRUE,TRUE,0,0,0.24195466931815554,0.24195466931815554,NA
SUPV3L1,245,Other detected Hsp60/10 clients,TRUE,TRUE,0,0,0.11293928109313706,0.11293928109313706,NA
FH,246,Other detected Hsp60/10 clients,TRUE,TRUE,0,0,0.23332308101909313,0.23332308101909313,NA
HSP90AB1,247,Other detected Hsp60/10 clients,TRUE,TRUE,0,0,0.15771689150848509,0.15771689150848509,NA
ATP5F1B,248,Other detected Hsp60/10 clients,TRUE,TRUE,0,0,0.13943505205644088,0.13943505205644088,NA
GUF1,249,Other detected Hsp60/10 clients,TRUE,TRUE,0,0,0.1561489350698964,0.1561489350698964,NA
HSP90AA1,250,Other detected Hsp60/10 clients,TRUE,TRUE,0,0,0.18686064561293408,0.18686064561293408,NA
MTPAP,251,Other detected Hsp60/10 clients,TRUE,TRUE,0,0,0.1740367323183056,0.1740367323183056,NA
ACO2,252,Other detected Hsp60/10 clients,TRUE,TRUE,0,0,0.27392377431581794,0.27392377431581794,NA
GFM2,253,Other detected Hsp60/10 clients,TRUE,TRUE,0,0,0.10598769906157254,0.10598769906157254,NA
TACO1,254,Other detected Hsp60/10 clients,TRUE,TRUE,0,0,0.2379104480709599,0.2379104480709599,NA
HINT2,255,Other detected Hsp60/10 clients,TRUE,TRUE,0,0,0.20310094703567344,0.20310094703567344,NA
AK4,256,Other detected Hsp60/10 clients,TRUE,TRUE,0,0,0.1701624592114957,0.1701624592114957,NA
PRDX3,257,Other detected Hsp60/10 clients,TRUE,TRUE,0,0,0.20951823720633977,0.20951823720633977,NA
HSPA5,258,Other detected Hsp60/10 clients,TRUE,TRUE,0,0,0.18678370304559802,0.18678370304559802,NA
NFU1,259,Other detected Hsp60/10 clients,TRUE,TRUE,0,0,0.2174101994458704,0.2174101994458704,NA
PDK1,260,Other detected Hsp60/10 clients,TRUE,TRUE,0,0,0.10080670384714893,0.10080670384714893,NA
IGHG2,261,Other detected Hsp60/10 clients,TRUE,TRUE,0,0,0.08517890755619423,0.08517890755619423,NA
STOML2,262,Other detected Hsp60/10 clients,TRUE,TRUE,0,0,0.20321183187731354,0.20321183187731354,NA
PCMT1,263,Other detected Hsp60/10 clients,TRUE,TRUE,0,0,0.0839194765175754,0.0839194765175754,NA
GLUD1,264,Other detected Hsp60/10 clients,TRUE,TRUE,0,0,0.12987409656559412,0.12987409656559412,NA
NDUFAF3,265,Other detected Hsp60/10 clients,TRUE,TRUE,0,0,0.15531290001060113,0.15531290001060113,NA
CCT6A,266,Other detected Hsp60/10 clients,TRUE,TRUE,0,0,0.15140511727147504,0.15140511727147504,NA
ACAT1,267,Other detected Hsp60/10 clients,TRUE,TRUE,0,0,0.2123076133044732,0.2123076133044732,NA
PPIA,268,Other detected Hsp60/10 clients,TRUE,TRUE,0,0,0.1355128267193293,0.1355128267193293,NA
GNG12,269,Other detected Hsp60/10 clients,TRUE,TRUE,0,0,0.19687955065875895,0.19687955065875895,NA
PPOX,270,Other detected Hsp60/10 clients,TRUE,TRUE,0,0,0.16070026067620177,0.16070026067620177,NA
ALDH9A1,271,Other detected Hsp60/10 clients,TRUE,TRUE,0,0,0.11064178539175717,0.11064178539175717,NA
PIN4,272,Other detected Hsp60/10 clients,TRUE,TRUE,0,0,0.12631534855686094,0.12631534855686094,NA
GAPDH,273,Other detected Hsp60/10 clients,TRUE,TRUE,0,0,0.11802518045503363,0.11802518045503363,NA
TUBB4B,274,Other detected Hsp60/10 clients,TRUE,TRUE,0,0,0.11209248290641786,0.11209248290641786,NA
CLPP,275,Other detected Hsp60/10 clients,TRUE,TRUE,0,0,0.07378580434529435,0.07378580434529435,NA
CCT3,276,Other detected Hsp60/10 clients,TRUE,TRUE,0,0,0.14824027569120282,0.14824027569120282,NA
ALDH1B1,277,Other detected Hsp60/10 clients,TRUE,TRUE,0,0,0.10082795667031755,0.10082795667031755,NA
TUBB,278,Other detected Hsp60/10 clients,TRUE,TRUE,0,0,0.09475497837767187,0.09475497837767187,NA
KPNB1,279,Other detected Hsp60/10 clients,TRUE,TRUE,0,0,0.14154449461623952,0.14154449461623952,NA
TRMU,280,Other detected Hsp60/10 clients,TRUE,TRUE,0,0,0.13209480171795046,0.13209480171795046,NA
ADCK3,281,Other detected Hsp60/10 clients,TRUE,FALSE,0,0,0.19553291756859287,0.19553291756859287,NA
EEF1A1,282,Other detected Hsp60/10 clients,TRUE,TRUE,0,0,0.13633443956621852,0.13633443956621852,NA
MTHFD1L,283,Other detected Hsp60/10 clients,TRUE,TRUE,0,0,0.11914435833333127,0.11914435833333127,NA
ALDH7A1,284,Other detected Hsp60/10 clients,TRUE,TRUE,0,0,0.07372349746011618,0.07372349746011618,NA
ENO1,285,Other detected Hsp60/10 clients,TRUE,TRUE,0,0,0.08607923216716988,0.08607923216716988,NA
CNP,286,Other detected Hsp60/10 clients,TRUE,TRUE,0,0,0.14580404208184036,0.14580404208184036,NA
MRPL4,287,Other detected Hsp60/10 clients,TRUE,TRUE,0,0,0.18122279950289213,0.18122279950289213,NA
GCAT,288,Other detected Hsp60/10 clients,TRUE,TRUE,0,0,0.05205441496109738,0.05205441496109738,NA
METTL17,289,Other detected Hsp60/10 clients,TRUE,TRUE,0,0,0.15604628495724837,0.15604628495724837,NA
GLRX5,290,Other detected Hsp60/10 clients,TRUE,TRUE,0,0,0.10624808498694921,0.10624808498694921,NA
CRYZ,291,Other detected Hsp60/10 clients,TRUE,TRUE,0,0,0.05557871269436113,0.05557871269436113,NA
AKR7A2,292,Other detected Hsp60/10 clients,TRUE,TRUE,0,0,0.12106191316314348,0.12106191316314348,NA
IBA57,293,Other detected Hsp60/10 clients,TRUE,TRUE,0,0,0.14241189111125538,0.14241189111125538,NA
NARS2,294,Other detected Hsp60/10 clients,TRUE,TRUE,0,0,0.13362813384618005,0.13362813384618005,NA
FDXR,295,Other detected Hsp60/10 clients,TRUE,TRUE,0,0,0.056180524800699065,0.056180524800699065,NA
QRSL1,296,Other detected Hsp60/10 clients,TRUE,TRUE,0,0,0.14460522269857207,0.14460522269857207,NA
CARS2,297,Other detected Hsp60/10 clients,TRUE,TRUE,0,0,0.11039871649021438,0.11039871649021438,NA
ALYREF,298,Other detected Hsp60/10 clients,TRUE,TRUE,0,0,0.08450640382849085,0.08450640382849085,NA
GSR,299,Other detected Hsp60/10 clients,TRUE,TRUE,0,0,0.11623459170819485,0.11623459170819485,NA
CLPX,300,Other detected Hsp60/10 clients,TRUE,TRUE,0,0,0.11232790684966698,0.11232790684966698,NA
MRPL23,301,Other detected Hsp60/10 clients,TRUE,TRUE,0,0,0.1195417798896295,0.1195417798896295,NA
NADK2,302,Other detected Hsp60/10 clients,TRUE,TRUE,0,0,0.09835162184653214,0.09835162184653214,NA
CCDC90B,303,Other detected Hsp60/10 clients,TRUE,TRUE,0,0,0.1177761828361881,0.1177761828361881,NA
SOD2,304,Other detected Hsp60/10 clients,TRUE,FALSE,0,0,0.12392372572269124,0.12392372572269124,NA
SPRYD4,305,Other detected Hsp60/10 clients,TRUE,TRUE,0,0,0.131386555351758,0.131386555351758,NA
ATP5J2-PTCD1,306,Other detected Hsp60/10 clients,TRUE,FALSE,0,0,0.09164031237266507,0.09164031237266507,NA
