gene,null_late_effect,null_late_decline,source_late_effect,source_late_decline,abs_effect_difference,abs_decline_difference
AARS2,-0.012436915112662691,0.012436915112662691,-0.012436915112662691,0.012436915112662691,0,0
ABHD10,-0.008929026346386537,0.008929026346386537,-0.008929026346386537,0.008929026346386537,0,0
ABHD11,-0.03630146236252458,0.03630146236252458,-0.03630146236252458,0.03630146236252458,0,0
ACAA2,-0.004502003602745386,0.004502003602745386,-0.004502003602745386,0.004502003602745386,0,0
ACAD9,-0.06501185919832192,0.06501185919832192,-0.06501185919832192,0.06501185919832192,0,0
ACADVL,-0.03777403831627815,0.03777403831627815,-0.03777403831627815,0.03777403831627815,0,0
ACAT1,0.0046919191477363155,0,0.0046919191477363155,0,0,0
ACO2,0.003882222874195984,0,0.003882222874195984,0,0,0
ACOT13,-0.022305589335936488,0.022305589335936488,-0.022305589335936488,0.022305589335936488,0,0
ACSF3,-0.033651185839869036,0.033651185839869036,-0.033651185839869036,0.033651185839869036,0,0
ADCK3,0.0024171035686068876,0,0.0024171035686068876,0,0,0
ADCK4,-0.048646147275455826,0.048646147275455826,-0.048646147275455826,0.048646147275455826,0,0
AFG3L2,-0.01891129835784508,0.01891129835784508,-0.01891129835784508,0.01891129835784508,0,0
AIFM1,-0.00920629010259616,0.00920629010259616,-0.00920629010259616,0.00920629010259616,0,0
AK2,-0.028064719079800987,0.028064719079800987,-0.028064719079800987,0.028064719079800987,0,0
AK3,-0.012779754352670925,0.012779754352670925,-0.012779754352670925,0.012779754352670925,0,0
AK4,0.00876025889394863,0,0.00876025889394863,0,0,0
AKR7A2,0.010640581807024568,0,0.010640581807024568,0,0,0
ALDH18A1,-0.007890906509009005,0.007890906509009005,-0.007890906509009005,0.007890906509009005,0,0
ALDH1B1,0.03283885366391687,0,0.03283885366391687,0,0,0
ALDH2,-0.008944075228805914,0.008944075228805914,-0.008944075228805914,0.008944075228805914,0,0
ALDH5A1,-0.023953379829345908,0.023953379829345908,-0.023953379829345908,0.023953379829345908,0,0
ALDH7A1,0.0013058577419633455,0,0.0013058577419633455,0,0,0
ALDH9A1,0.022809712038440275,0,0.022809712038440275,0,0,0
ALYREF,0.0012250268544408693,0,0.0012250268544408693,0,0,0
ARL2,-0.02411136981935933,0.02411136981935933,-0.02411136981935933,0.02411136981935933,0,0
ATAD3A,-0.027719961186552233,0.027719961186552233,-0.027719961186552233,0.027719961186552233,0,0
ATP5D,-0.004982205753499225,0.004982205753499225,-0.004982205753499225,0.004982205753499225,0,0
ATP5F1,-0.010638669304887993,0.010638669304887993,-0.010638669304887993,0.010638669304887993,0,0
ATP5F1A,-0.006282453855447928,0.006282453855447928,-0.006282453855447928,0.006282453855447928,0,0
ATP5F1B,0.013660626187542269,0,0.013660626187542269,0,0,0
ATP5F1C,-0.022255515687521044,0.022255515687521044,-0.022255515687521044,0.022255515687521044,0,0
ATP5H,-0.0035826520016981056,0.0035826520016981056,-0.0035826520016981056,0.0035826520016981056,0,0
ATP5J2-PTCD1,0.0931371275312487,0,0.0931371275312487,0,0,0
ATP5L,-0.017182580721051166,0.017182580721051166,-0.017182580721051166,0.017182580721051166,0,0
ATP5O,-0.016817089171416125,0.016817089171416125,-0.016817089171416125,0.016817089171416125,0,0
BCAT2,-0.09114530444756982,0.09114530444756982,-0.09114530444756982,0.09114530444756982,0,0
BCKDHB,-0.0400639666792246,0.0400639666792246,-0.0400639666792246,0.0400639666792246,0,0
BCKDK,-0.013925971821773464,0.013925971821773464,-0.013925971821773464,0.013925971821773464,0,0
BCS1L,-0.013322459000462875,0.013322459000462875,-0.013322459000462875,0.013322459000462875,0,0
C1QBP,-0.0037606282499247357,0.0037606282499247357,-0.0037606282499247357,0.0037606282499247357,0,0
CARS2,0.001299969791561422,0,0.001299969791561422,0,0,0
CBR4,-0.048987939159459704,0.048987939159459704,-0.048987939159459704,0.048987939159459704,0,0
CCDC90B,0.0012804310872175373,0,0.0012804310872175373,0,0,0
CCT3,0.011961924731560547,0,0.011961924731560547,0,0,0
CCT6A,0.009393518946904017,0,0.009393518946904017,0,0,0
CECR5,-0.02630140786381685,0.02630140786381685,-0.02630140786381685,0.02630140786381685,0,0
CHCHD1,-0.05173541499376644,0.05173541499376644,-0.05173541499376644,0.05173541499376644,0,0
CLPP,0.024955500213512227,0,0.024955500213512227,0,0,0
CLPX,0.009839372590237913,0,0.009839372590237913,0,0,0
CNP,0.018516361119940074,0,0.018516361119940074,0,0,0
COX4I1,-0.032322080217462024,0.032322080217462024,-0.032322080217462024,0.032322080217462024,0,0
COX7A2L,-0.04548828950414946,0.04548828950414946,-0.04548828950414946,0.04548828950414946,0,0
CPOX,-0.004917961653864865,0.004917961653864865,-0.004917961653864865,0.004917961653864865,0,0
CPT2,-0.05459194057945041,0.05459194057945041,-0.05459194057945041,0.05459194057945041,0,0
CRYZ,0.0221573906360978,0,0.0221573906360978,0,0,0
CS,-0.03486784388865011,0.03486784388865011,-0.03486784388865011,0.03486784388865011,0,0
CYC1,-0.036537894496387655,0.036537894496387655,-0.036537894496387655,0.036537894496387655,0,0
DAP3,-0.08251312620401802,0.08251312620401802,-0.08251312620401802,0.08251312620401802,0,0
DARS2,-0.011253110190388105,0.011253110190388105,-0.011253110190388105,0.011253110190388105,0,0
DCXR,-0.012063675789031253,0.012063675789031253,-0.012063675789031253,0.012063675789031253,0,0
DHX30,-0.004716095056550629,0.004716095056550629,-0.004716095056550629,0.004716095056550629,0,0
DLAT,-0.01568194220033342,0.01568194220033342,-0.01568194220033342,0.01568194220033342,0,0
DLD,-0.033270483174457466,0.033270483174457466,-0.033270483174457466,0.033270483174457466,0,0
DLST,-0.005034202548716837,0.005034202548716837,-0.005034202548716837,0.005034202548716837,0,0
DNAJA3,-0.0035016027773002167,0.0035016027773002167,-0.0035016027773002167,0.0035016027773002167,0,0
EARS2,-0.03526642799351368,0.03526642799351368,-0.03526642799351368,0.03526642799351368,0,0
ECH1,-0.0033658209861182065,0.0033658209861182065,-0.0033658209861182065,0.0033658209861182065,0,0
ECHDC1,-0.012857060404436571,0.012857060404436571,-0.012857060404436571,0.012857060404436571,0,0
ECHS1,-0.025479707599977378,0.025479707599977378,-0.025479707599977378,0.025479707599977378,0,0
ECI1,-0.015737281830051963,0.015737281830051963,-0.015737281830051963,0.015737281830051963,0,0
ECI2,-0.02936453307908049,0.02936453307908049,-0.02936453307908049,0.02936453307908049,0,0
EEF1A1,0.036554591668020775,0,0.036554591668020775,0,0,0
EEF1B2,-0.02036165376899418,0.02036165376899418,-0.02036165376899418,0.02036165376899418,0,0
ENO1,0.0557675268582043,0,0.0557675268582043,0,0,0
ERAL1,-0.020949008603907394,0.020949008603907394,-0.020949008603907394,0.020949008603907394,0,0
ETFA,-0.017316516376066807,0.017316516376066807,-0.017316516376066807,0.017316516376066807,0,0
ETFB,-0.015225298830220835,0.015225298830220835,-0.015225298830220835,0.015225298830220835,0,0
FAHD1,-0.023265328778037997,0.023265328778037997,-0.023265328778037997,0.023265328778037997,0,0
FASTKD5,-0.040727659581152285,0.040727659581152285,-0.040727659581152285,0.040727659581152285,0,0
FDXR,0.012048254705886385,0,0.012048254705886385,0,0,0
FECH,-0.00614103469435881,0.00614103469435881,-0.00614103469435881,0.00614103469435881,0,0
FH,0.0033140495431536188,0,0.0033140495431536188,0,0,0
FLAD1,-0.02533242058459595,0.02533242058459595,-0.02533242058459595,0.02533242058459595,0,0
FOXRED1,-0.03172246030370103,0.03172246030370103,-0.03172246030370103,0.03172246030370103,0,0
GADD45GIP1,-0.034747553812953136,0.034747553812953136,-0.034747553812953136,0.034747553812953136,0,0
GAPDH,0.05004763805524193,0,0.05004763805524193,0,0,0
GCAT,2.2203803451822934e-4,0,2.2203803451822934e-4,0,0,0
GFM1,-0.021326107530104138,0.021326107530104138,-0.021326107530104138,0.021326107530104138,0,0
GFM2,0.015118866142715737,0,0.015118866142715737,0,0,0
GLDC,-0.04160769372030632,0.04160769372030632,-0.04160769372030632,0.04160769372030632,0,0
GLRX5,0.03148827979313497,0,0.03148827979313497,0,0,0
GLS,-0.004505493201209854,0.004505493201209854,-0.004505493201209854,0.004505493201209854,0,0
GLUD1,0.023900071603374956,0,0.023900071603374956,0,0,0
GNG12,0.05412936118278566,0,0.05412936118278566,0,0,0
GOT2,-0.008501360599034197,0.008501360599034197,-0.008501360599034197,0.008501360599034197,0,0
GPT2,-0.04162609616421564,0.04162609616421564,-0.04162609616421564,0.04162609616421564,0,0
GRPEL1,-0.0061256840114941626,0.0061256840114941626,-0.0061256840114941626,0.0061256840114941626,0,0
GRSF1,-0.0069571595893335725,0.0069571595893335725,-0.0069571595893335725,0.0069571595893335725,0,0
GSR,0.0013225846867300911,0,0.0013225846867300911,0,0,0
GSTK1,-0.04140798545802171,0.04140798545802171,-0.04140798545802171,0.04140798545802171,0,0
GUF1,0.0045800433860896175,0,0.0045800433860896175,0,0,0
HADH,-0.008682573158221699,0.008682573158221699,-0.008682573158221699,0.008682573158221699,0,0
HADHA,-0.026571058583262364,0.026571058583262364,-0.026571058583262364,0.026571058583262364,0,0
HADHB,-0.0410338378369834,0.0410338378369834,-0.0410338378369834,0.0410338378369834,0,0
HAGH,-0.0028164920914640207,0.0028164920914640207,-0.0028164920914640207,0.0028164920914640207,0,0
HARS,-0.016196023200326495,0.016196023200326495,-0.016196023200326495,0.016196023200326495,0,0
HARS2,-0.020267593017387744,0.020267593017387744,-0.020267593017387744,0.020267593017387744,0,0
HIBCH,-0.00260484794699517,0.00260484794699517,-0.00260484794699517,0.00260484794699517,0,0
HINT2,0.00712055614754567,0,0.00712055614754567,0,0,0
HSD17B10,-0.010459229961757147,0.010459229961757147,-0.010459229961757147,0.010459229961757147,0,0
HSD17B8,-0.033356510172574766,0.033356510172574766,-0.033356510172574766,0.033356510172574766,0,0
HSP90AA1,0.02207861966285561,0,0.02207861966285561,0,0,0
HSP90AB1,0.005708363685326534,0,0.005708363685326534,0,0,0
HSPA5,0.0034641718713610825,0,0.0034641718713610825,0,0,0
HSPA9,-0.01412008258379796,0.01412008258379796,-0.01412008258379796,0.01412008258379796,0,0
IARS2,-0.009648905255601165,0.009648905255601165,-0.009648905255601165,0.009648905255601165,0,0
IBA57,0.0045644167910950245,0,0.0045644167910950245,0,0,0
ICT1,-0.047949029560426876,0.047949029560426876,-0.047949029560426876,0.047949029560426876,0,0
IDH2,-0.03389083187090414,0.03389083187090414,-0.03389083187090414,0.03389083187090414,0,0
IDH3A,-0.019275673947841354,0.019275673947841354,-0.019275673947841354,0.019275673947841354,0,0
IDH3G,-0.001959930687599032,0.001959930687599032,-0.001959930687599032,0.001959930687599032,0,0
IGHG2,0.04222857380070011,0,0.04222857380070011,0,0,0
IMMT,-0.024080507683405805,0.024080507683405805,-0.024080507683405805,0.024080507683405805,0,0
KIAA0391,-0.0158206317206191,0.0158206317206191,-0.0158206317206191,0.0158206317206191,0,0
KPNB1,0.014195282659207498,0,0.014195282659207498,0,0,0
LAP3,-1.2439871144069407e-4,1.2439871144069407e-4,-1.2439871144069407e-4,1.2439871144069407e-4,0,0
LETM1,-0.012747698180096759,0.012747698180096759,-0.012747698180096759,0.012747698180096759,0,0
LONP1,-0.019925937252677023,0.019925937252677023,-0.019925937252677023,0.019925937252677023,0,0
LRPPRC,-0.06567016422460983,0.06567016422460983,-0.06567016422460983,0.06567016422460983,0,0
LYRM7,-0.012368325250926028,0.012368325250926028,-0.012368325250926028,0.012368325250926028,0,0
MARS2,-0.01019141052436795,0.01019141052436795,-0.01019141052436795,0.01019141052436795,0,0
MCCC2,-0.008313671856555946,0.008313671856555946,-0.008313671856555946,0.008313671856555946,0,0
MDH2,0.0030132555369312697,0,0.0030132555369312697,0,0,0
ME2,-0.03754306333650732,0.03754306333650732,-0.03754306333650732,0.03754306333650732,0,0
METTL17,0.027720528141565975,0,0.027720528141565975,0,0,0
MIPEP,-0.0379137684691527,0.0379137684691527,-0.0379137684691527,0.0379137684691527,0,0
MMAB,-0.014848720649178252,0.014848720649178252,-0.014848720649178252,0.014848720649178252,0,0
MOGS,-0.0022079640950533747,0.0022079640950533747,-0.0022079640950533747,0.0022079640950533747,0,0
MRPL10,-0.028518354339335555,0.028518354339335555,-0.028518354339335555,0.028518354339335555,0,0
MRPL13,-0.013022637700030485,0.013022637700030485,-0.013022637700030485,0.013022637700030485,0,0
MRPL14,-0.06378775387490701,0.06378775387490701,-0.06378775387490701,0.06378775387490701,0,0
MRPL15,-0.055975004798616196,0.055975004798616196,-0.055975004798616196,0.055975004798616196,0,0
MRPL16,-0.04642744200515074,0.04642744200515074,-0.04642744200515074,0.04642744200515074,0,0
MRPL19,-0.040384822650212954,0.040384822650212954,-0.040384822650212954,0.040384822650212954,0,0
MRPL22,-0.04475508843890375,0.04475508843890375,-0.04475508843890375,0.04475508843890375,0,0
MRPL23,0.006303347103387202,0,0.006303347103387202,0,0,0
MRPL3,-0.02407083431755641,0.02407083431755641,-0.02407083431755641,0.02407083431755641,0,0
MRPL37,-0.05499910644753016,0.05499910644753016,-0.05499910644753016,0.05499910644753016,0,0
MRPL38,-0.027260603959235144,0.027260603959235144,-0.027260603959235144,0.027260603959235144,0,0
MRPL39,-0.06179638582763114,0.06179638582763114,-0.06179638582763114,0.06179638582763114,0,0
MRPL4,0.01194802170006426,0,0.01194802170006426,0,0,0
MRPL44,-0.04962132521146573,0.04962132521146573,-0.04962132521146573,0.04962132521146573,0,0
MRPL45,-0.04612492402180676,0.04612492402180676,-0.04612492402180676,0.04612492402180676,0,0
MRPL47,-0.0815805922400322,0.0815805922400322,-0.0815805922400322,0.0815805922400322,0,0
MRPL48,-0.06877524782706158,0.06877524782706158,-0.06877524782706158,0.06877524782706158,0,0
MRPL49,-0.053162642871672286,0.053162642871672286,-0.053162642871672286,0.053162642871672286,0,0
MRPL53,-0.0710777570626881,0.0710777570626881,-0.0710777570626881,0.0710777570626881,0,0
MRPL9,-0.05803689863429018,0.05803689863429018,-0.05803689863429018,0.05803689863429018,0,0
MRPS12,-0.049233228199318135,0.049233228199318135,-0.049233228199318135,0.049233228199318135,0,0
MRPS15,-0.04501088488121915,0.04501088488121915,-0.04501088488121915,0.04501088488121915,0,0
MRPS16,-0.056125784160354325,0.056125784160354325,-0.056125784160354325,0.056125784160354325,0,0
MRPS2,-0.0653068006952393,0.0653068006952393,-0.0653068006952393,0.0653068006952393,0,0
MRPS22,-0.06437832723876802,0.06437832723876802,-0.06437832723876802,0.06437832723876802,0,0
MRPS23,-0.06017711741976366,0.06017711741976366,-0.06017711741976366,0.06017711741976366,0,0
MRPS25,-0.05424146968436698,0.05424146968436698,-0.05424146968436698,0.05424146968436698,0,0
MRPS26,-0.024684029100751514,0.024684029100751514,-0.024684029100751514,0.024684029100751514,0,0
MRPS27,-0.06612442264088993,0.06612442264088993,-0.06612442264088993,0.06612442264088993,0,0
MRPS30,-0.05499227214687935,0.05499227214687935,-0.05499227214687935,0.05499227214687935,0,0
MRPS31,-0.030659865202784575,0.030659865202784575,-0.030659865202784575,0.030659865202784575,0,0
MRPS33,-0.0750365410125386,0.0750365410125386,-0.0750365410125386,0.0750365410125386,0,0
MRPS34,-0.07645727261213414,0.07645727261213414,-0.07645727261213414,0.07645727261213414,0,0
MRPS35,-0.08578984893627051,0.08578984893627051,-0.08578984893627051,0.08578984893627051,0,0
MRPS36,-0.02412224993687756,0.02412224993687756,-0.02412224993687756,0.02412224993687756,0,0
MRPS5,-0.0611181974847452,0.0611181974847452,-0.0611181974847452,0.0611181974847452,0,0
MRPS6,-0.02975065329839338,0.02975065329839338,-0.02975065329839338,0.02975065329839338,0,0
MRPS9,-0.05030227608808016,0.05030227608808016,-0.05030227608808016,0.05030227608808016,0,0
MT-ATP6,-0.013146961405666345,0.013146961405666345,-0.013146961405666345,0.013146961405666345,0,0
MT-CO2,-0.00956123608925974,0.00956123608925974,-0.00956123608925974,0.00956123608925974,0,0
MTG1,-0.021563501583734546,0.021563501583734546,-0.021563501583734546,0.021563501583734546,0,0
MTHFD1L,0.0029764947346877227,0,0.0029764947346877227,0,0,0
MTO1,-0.005062760697455704,0.005062760697455704,-0.005062760697455704,0.005062760697455704,0,0
MTPAP,0.001080408513832093,0,0.001080408513832093,0,0,0
NADK2,0.00914981359555389,0,0.00914981359555389,0,0,0
NARS2,0.00371633387173409,0,0.00371633387173409,0,0,0
NDUFA10,-0.0282925830607709,0.0282925830607709,-0.0282925830607709,0.0282925830607709,0,0
NDUFA13,-0.03371903407050989,0.03371903407050989,-0.03371903407050989,0.03371903407050989,0,0
NDUFA2,-0.03271436245293988,0.03271436245293988,-0.03271436245293988,0.03271436245293988,0,0
NDUFA4,-0.03593683676416365,0.03593683676416365,-0.03593683676416365,0.03593683676416365,0,0
NDUFA6,-0.03104572796192183,0.03104572796192183,-0.03104572796192183,0.03104572796192183,0,0
NDUFA8,-0.045820965657225224,0.045820965657225224,-0.045820965657225224,0.045820965657225224,0,0
NDUFA9,-0.025360334336286317,0.025360334336286317,-0.025360334336286317,0.025360334336286317,0,0
NDUFAF3,0.001058537247057515,0,0.001058537247057515,0,0,0
NDUFAF7,-0.05557849508962349,0.05557849508962349,-0.05557849508962349,0.05557849508962349,0,0
NDUFB1,-0.04692650049194069,0.04692650049194069,-0.04692650049194069,0.04692650049194069,0,0
NDUFB10,-0.013646690724957534,0.013646690724957534,-0.013646690724957534,0.013646690724957534,0,0
NDUFS1,-0.028090576916456056,0.028090576916456056,-0.028090576916456056,0.028090576916456056,0,0
NDUFS2,-0.03062859823863015,0.03062859823863015,-0.03062859823863015,0.03062859823863015,0,0
NDUFS3,-0.018180974949877693,0.018180974949877693,-0.018180974949877693,0.018180974949877693,0,0
NDUFS4,-0.03761869630555878,0.03761869630555878,-0.03761869630555878,0.03761869630555878,0,0
NDUFV1,-0.0398711422137858,0.0398711422137858,-0.0398711422137858,0.0398711422137858,0,0
NDUFV2,-0.022535765380555378,0.022535765380555378,-0.022535765380555378,0.022535765380555378,0,0
NFS1,-0.0280336966802356,0.0280336966802356,-0.0280336966802356,0.0280336966802356,0,0
NFU1,0.013869828435790613,0,0.013869828435790613,0,0,0
NIPSNAP1,-0.037102630876238496,0.037102630876238496,-0.037102630876238496,0.037102630876238496,0,0
NIPSNAP3A,-0.0132337220607327,0.0132337220607327,-0.0132337220607327,0.0132337220607327,0,0
NSUN2,-0.0127308283062618,0.0127308283062618,-0.0127308283062618,0.0127308283062618,0,0
NSUN4,-0.029915234967382298,0.029915234967382298,-0.029915234967382298,0.029915234967382298,0,0
NT5DC2,-0.02248795015436289,0.02248795015436289,-0.02248795015436289,0.02248795015436289,0,0
NUDT19,-0.04033412752269981,0.04033412752269981,-0.04033412752269981,0.04033412752269981,0,0
OAT,-0.022439770630426847,0.022439770630426847,-0.022439770630426847,0.022439770630426847,0,0
OGDH,-0.020289587176339774,0.020289587176339774,-0.020289587176339774,0.020289587176339774,0,0
P4HB,-0.015085709395303959,0.015085709395303959,-0.015085709395303959,0.015085709395303959,0,0
PC,-0.017805803694995376,0.017805803694995376,-0.017805803694995376,0.017805803694995376,0,0
PCCB,-0.004355554515754256,0.004355554515754256,-0.004355554515754256,0.004355554515754256,0,0
PCK2,-0.028477983575862315,0.028477983575862315,-0.028477983575862315,0.028477983575862315,0,0
PCMT1,0.018163012565329026,0,0.018163012565329026,0,0,0
PDHA1,-0.035090051422244556,0.035090051422244556,-0.035090051422244556,0.035090051422244556,0,0
PDHB,-0.018166589097875163,0.018166589097875163,-0.018166589097875163,0.018166589097875163,0,0
PDHX,-0.03634718965433087,0.03634718965433087,-0.03634718965433087,0.03634718965433087,0,0
PDIA6,-0.004303677346504109,0.004303677346504109,-0.004303677346504109,0.004303677346504109,0,0
PDK1,0.006423630986295448,0,0.006423630986295448,0,0,0
PDK2,-0.01472747265679171,0.01472747265679171,-0.01472747265679171,0.01472747265679171,0,0
PDK3,-0.03611212243952125,0.03611212243952125,-0.03611212243952125,0.03611212243952125,0,0
PGAM5,-0.015998389370365518,0.015998389370365518,-0.015998389370365518,0.015998389370365518,0,0
PHB,-0.010708287472010608,0.010708287472010608,-0.010708287472010608,0.010708287472010608,0,0
PHB2,-0.015666189217253323,0.015666189217253323,-0.015666189217253323,0.015666189217253323,0,0
PIN4,0.04644527984886171,0,0.04644527984886171,0,0,0
PITRM1,-0.04597965329685419,0.04597965329685419,-0.04597965329685419,0.04597965329685419,0,0
PMPCA,-0.009637026382075479,0.009637026382075479,-0.009637026382075479,0.009637026382075479,0,0
PMPCB,-0.018687559897037173,0.018687559897037173,-0.018687559897037173,0.018687559897037173,0,0
PNPT1,-0.011360573974758734,0.011360573974758734,-0.011360573974758734,0.011360573974758734,0,0
POLDIP2,-0.006433328053659468,0.006433328053659468,-0.006433328053659468,0.006433328053659468,0,0
POLG,-0.05338947542899214,0.05338947542899214,-0.05338947542899214,0.05338947542899214,0,0
POLRMT,-0.020612264055960658,0.020612264055960658,-0.020612264055960658,0.020612264055960658,0,0
PPA2,-0.04474355500616199,0.04474355500616199,-0.04474355500616199,0.04474355500616199,0,0
PPIA,0.051577937774650945,0,0.051577937774650945,0,0,0
PPIF,-0.018273041888925194,0.018273041888925194,-0.018273041888925194,0.018273041888925194,0,0
PPOX,0.004036158089197148,0,0.004036158089197148,0,0,0
PRDX3,0.016649257022100072,0,0.016649257022100072,0,0,0
PRDX4,-0.021984129944515096,0.021984129944515096,-0.021984129944515096,0.021984129944515096,0,0
PTCD3,-0.07566692663366953,0.07566692663366953,-0.07566692663366953,0.07566692663366953,0,0
PTPMT1,-0.037748681738258516,0.037748681738258516,-0.037748681738258516,0.037748681738258516,0,0
PYCR2,-0.0566088066901362,0.0566088066901362,-0.0566088066901362,0.0566088066901362,0,0
QRSL1,0.0013393111250412093,0,0.0013393111250412093,0,0,0
RNMTL1,-0.014583333593590597,0.014583333593590597,-0.014583333593590597,0.014583333593590597,0,0
RPL11,-0.021477875081459395,0.021477875081459395,-0.021477875081459395,0.021477875081459395,0,0
RPL23,-0.014278789654939394,0.014278789654939394,-0.014278789654939394,0.014278789654939394,0,0
RPL23A,-0.026259088181017354,0.026259088181017354,-0.026259088181017354,0.026259088181017354,0,0
RPL31,-0.0048609279702933605,0.0048609279702933605,-0.0048609279702933605,0.0048609279702933605,0,0
RPL9,-0.025284194892848638,0.025284194892848638,-0.025284194892848638,0.025284194892848638,0,0
RPS10,-0.02579212589149646,0.02579212589149646,-0.02579212589149646,0.02579212589149646,0,0
RPS11,-0.02285693861370669,0.02285693861370669,-0.02285693861370669,0.02285693861370669,0,0
RPS15A,-0.028732075958791126,0.028732075958791126,-0.028732075958791126,0.028732075958791126,0,0
RPS16,-0.026362727488139615,0.026362727488139615,-0.026362727488139615,0.026362727488139615,0,0
RPS18,-0.025822072883634972,0.025822072883634972,-0.025822072883634972,0.025822072883634972,0,0
RPS3,-0.04150629555656134,0.04150629555656134,-0.04150629555656134,0.04150629555656134,0,0
RPS4X,-0.023540884388945152,0.023540884388945152,-0.023540884388945152,0.023540884388945152,0,0
RPS6,-0.034952760461192646,0.034952760461192646,-0.034952760461192646,0.034952760461192646,0,0
RPS8,-0.0319946989710952,0.0319946989710952,-0.0319946989710952,0.0319946989710952,0,0
RPS9,-0.03871965380969772,0.03871965380969772,-0.03871965380969772,0.03871965380969772,0,0
SAMM50,-0.0174556054839633,0.0174556054839633,-0.0174556054839633,0.0174556054839633,0,0
SARS2,-0.012388217139511326,0.012388217139511326,-0.012388217139511326,0.012388217139511326,0,0
SDHA,-0.024801062090427407,0.024801062090427407,-0.024801062090427407,0.024801062090427407,0,0
SDHB,-0.014521794962544077,0.014521794962544077,-0.014521794962544077,0.014521794962544077,0,0
SERPINH1,-0.043001810059701884,0.043001810059701884,-0.043001810059701884,0.043001810059701884,0,0
SHMT2,-0.026077745233134303,0.026077745233134303,-0.026077745233134303,0.026077745233134303,0,0
SLC25A13,-0.03270299057141833,0.03270299057141833,-0.03270299057141833,0.03270299057141833,0,0
SLC25A5,-0.02824498423054775,0.02824498423054775,-0.02824498423054775,0.02824498423054775,0,0
SLC25A6,-0.031416792287726994,0.031416792287726994,-0.031416792287726994,0.031416792287726994,0,0
SLIRP,-0.04340751095293447,0.04340751095293447,-0.04340751095293447,0.04340751095293447,0,0
SOD2,0.025847255038418282,0,0.025847255038418282,0,0,0
SPRYD4,0.0024251804397488474,0,0.0024251804397488474,0,0,0
SSBP1,-0.029179240048976374,0.029179240048976374,-0.029179240048976374,0.029179240048976374,0,0
ST13,-0.020952787414350915,0.020952787414350915,-0.020952787414350915,0.020952787414350915,0,0
STOML2,4.7882721636977564e-4,0,4.7882721636977564e-4,0,0,0
SUCLA2,-0.015527314141649096,0.015527314141649096,-0.015527314141649096,0.015527314141649096,0,0
SUCLG1,-0.02841764867384003,0.02841764867384003,-0.02841764867384003,0.02841764867384003,0,0
SUCLG2,-0.014575531635264954,0.014575531635264954,-0.014575531635264954,0.014575531635264954,0,0
SUPV3L1,0.0021164775737826103,0,0.0021164775737826103,0,0,0
SYNE1,-0.012444939978287824,0.012444939978287824,-0.012444939978287824,0.012444939978287824,0,0
TACO1,0.006689943180226282,0,0.006689943180226282,0,0,0
TAMM41,-0.03855300286319385,0.03855300286319385,-0.03855300286319385,0.03855300286319385,0,0
TARS2,-0.03623135909044606,0.03623135909044606,-0.03623135909044606,0.03623135909044606,0,0
TBRG4,-0.019881872723706513,0.019881872723706513,-0.019881872723706513,0.019881872723706513,0,0
TFAM,-0.011463999536388603,0.011463999536388603,-0.011463999536388603,0.011463999536388603,0,0
TIMM13,-0.05283943712838624,0.05283943712838624,-0.05283943712838624,0.05283943712838624,0,0
TIMM44,-0.021457677234155717,0.021457677234155717,-0.021457677234155717,0.021457677234155717,0,0
TIMM8B,-0.0490229985436961,0.0490229985436961,-0.0490229985436961,0.0490229985436961,0,0
TRAP1,-0.030295661425427375,0.030295661425427375,-0.030295661425427375,0.030295661425427375,0,0
TRMU,0.010656728049738828,0,0.010656728049738828,0,0,0
TRUB1,-0.038635726117744705,0.038635726117744705,-0.038635726117744705,0.038635726117744705,0,0
TRUB2,-0.058551760051310936,0.058551760051310936,-0.058551760051310936,0.058551760051310936,0,0
TSFM,-0.005364637434282331,0.005364637434282331,-0.005364637434282331,0.005364637434282331,0,0
TST,-0.018226808597505917,0.018226808597505917,-0.018226808597505917,0.018226808597505917,0,0
TUBB,0.0370430466376751,0,0.0370430466376751,0,0,0
TUBB4B,0.030993645371051537,0,0.030993645371051537,0,0,0
TUFM,-0.04305409355449459,0.04305409355449459,-0.04305409355449459,0.04305409355449459,0,0
UQCRC1,-0.0261981415041746,0.0261981415041746,-0.0261981415041746,0.0261981415041746,0,0
UQCRC2,-0.027366816825525365,0.027366816825525365,-0.027366816825525365,0.027366816825525365,0,0
UQCRFS1,-0.020764827548701237,0.020764827548701237,-0.020764827548701237,0.020764827548701237,0,0
VARS2,-0.05004576456852805,0.05004576456852805,-0.05004576456852805,0.05004576456852805,0,0
XPNPEP3,-0.0445032555291936,0.0445032555291936,-0.0445032555291936,0.0445032555291936,0,0
YARS2,-0.029409167732804154,0.029409167732804154,-0.029409167732804154,0.029409167732804154,0,0
YWHAE,-0.004455266753840004,0.004455266753840004,-0.004455266753840004,0.004455266753840004,0,0
ZADH2,-0.017974915759251107,0.017974915759251107,-0.017974915759251107,0.017974915759251107,0,0
