pathway,is_hsp60_10_set,n_genes,n_overlap_hsp60_10_clients,overlap_hsp60_10_clients
Hsp60_10_all_clients,TRUE,321,321,AARS2;ABHD10;ABHD11;ACAA2;ACAD9;ACADVL;ACAT1;ACO2;ACOT13;ACSF3;ADCK3;ADCK4;AFG3L2;AIFM1;AK2;AK3;AK4;AKR7A2;ALDH18A1;ALDH1B1;ALDH2;ALDH5A1;ALDH7A1;ALDH9A1;ALYREF;ARL2;ATAD3A;ATAD3B;ATP5D;ATP5F1;ATP5F1A;ATP5F1B;ATP5F1C;ATP5H;ATP5J2-PTCD1;ATP5L;ATP5O;B3GALT5;BCAT2;BCKDHA;BCKDHB;BCKDK;BCS1L;C1QBP;C21orf33;CARS2;CBR4;CCDC90B;CCT3;CCT6A;CDK5RAP1;CECR5;CHCHD1;CLPP;CLPX;CNP;COX4I1;COX7A2L;CPOX;CPT2;CRYZ;CS;CYC1;DAP3;DARS2;DCXR;DHX30;DLAT;DLD;DLST;DNAJA3;EARS2;ECH1;ECHDC1;ECHS1;ECI1;ECI2;EEF1A1;EEF1B2;ENO1;ERAL1;ETFA;ETFB;FAHD1;FASTKD5;FDXR;FECH;FH;FLAD1;FOXRED1;GADD45GIP1;GAPDH;GCAT;GFM1;GFM2;GLDC;GLRX5;GLS;GLUD1;GNG12;GOT2;GPT2;GRPEL1;GRSF1;GSR;GSTK1;GUF1;HADH;HADHA;HADHB;HAGH;HARS;HARS2;hCG_1984214;HIBCH;HINT2;HSD17B10;HSD17B8;HSP90AA1;HSP90AB1;HSPA5;HSPA9;IARS2;IBA57;ICT1;IDH2;IDH3A;IDH3G;IGHG2;IMMT;KIAA0391;KPNB1;LAP3;LETM1;LONP1;LRPPRC;LUC7L2;LYRM7;MARS2;MCCC2;MDH2;ME2;METTL17;MGME1;MIPEP;MMAB;MOGS;MRPL10;MRPL13;MRPL14;MRPL15;MRPL16;MRPL19;MRPL22;MRPL23;MRPL3;MRPL37;MRPL38;MRPL39;MRPL4;MRPL44;MRPL45;MRPL47;MRPL48;MRPL49;MRPL53;MRPL9;MRPS12;MRPS15;MRPS16;MRPS2;MRPS22;MRPS23;MRPS25;MRPS26;MRPS27;MRPS30;MRPS31;MRPS33;MRPS34;MRPS35;MRPS36;MRPS5;MRPS6;MRPS9;MT-ATP6;MT-CO2;MTG1;MTHFD1L;MTHFD2;MTO1;MTPAP;MTUS1;NADK2;NARS2;NDUFA10;NDUFA13;NDUFA2;NDUFA4;NDUFA6;NDUFA8;NDUFA9;NDUFAF3;NDUFAF7;NDUFB1;NDUFB10;NDUFS1;NDUFS2;NDUFS3;NDUFS4;NDUFV1;NDUFV2;NFS1;NFU1;NIPSNAP1;NIPSNAP3A;NME4;NSUN2;NSUN4;NT5DC2;NUDT19;OAT;OGDH;P4HB;PC;PCCB;PCK2;PCMT1;PDHA1;PDHB;PDHX;PDIA6;PDK1;PDK2;PDK3;PEO1;PGAM5;PHB;PHB2;PIN4;PITRM1;PMPCA;PMPCB;PNPT1;POLDIP2;POLG;POLRMT;PPA2;PPIA;PPIF;PPOX;PRDX3;PRDX4;PTCD3;PTPMT1;PYCR2;QRSL1;RNMTL1;RPL11;RPL23;RPL23A;RPL31;RPL9;RPS10;RPS11;RPS15A;RPS16;RPS18;RPS3;RPS4X;RPS6;RPS8;RPS9;RPUSD3;RSAD1;SAMM50;SARS2;SDHA;SDHB;SERPINH1;SHMT2;SLC25A13;SLC25A5;SLC25A6;SLIRP;SOD2;SPRYD4;SSBP1;ST13;STOML2;SUCLA2;SUCLG1;SUCLG2;SUPV3L1;SYNE1;TACO1;TAMM41;TARS2;TBRG4;TFAM;TIMM13;TIMM44;TIMM8B;TRAP1;TRMU;TRUB1;TRUB2;TSFM;TST;TUBA1B;TUBB;TUBB4B;TUFM;UQCRC1;UQCRC2;UQCRFS1;VARS2;XPNPEP3;YARS2;YWHAE;ZADH2
Hsp60_10_top19_occupancy,TRUE,19,19,ATP5F1A;ATP5F1B;C1QBP;ECH1;ECHS1;ETFB;GOT2;HSD17B10;HSPA9;IDH3A;MDH2;MRPS23;MT-CO2;OAT;PRDX3;SHMT2;SSBP1;TRAP1;TUFM
Broad_MitoCarta_non_Hsp60_10,FALSE,877,0,
Mito_translation_non_Hsp60_10,FALSE,126,0,
OXPHOS_ETC_non_Hsp60_10,FALSE,134,0,
TCA_pyruvate_metabolism_non_Hsp60_10,FALSE,83,0,
FAO_metabolism_non_Hsp60_10,FALSE,103,0,
Mito_protein_quality_control_non_Hsp60_10,FALSE,69,0,
Proteasome_core_non_Hsp60_10,FALSE,48,0,
Lysosome_core_non_Hsp60_10,FALSE,65,0,
UPRmt_core_non_Hsp60_10,FALSE,13,0,
