phase	script	status
parse_canonical_production	canonical production scripts	0
main_pipeline	Rscript R/90_run_main_pipeline.R	0
main_figure_export	Rscript R/91_export_main_figures_publication_pdfs.R	0
R92_sensitivity_10000	R/92_pre_submission_sensitivity_checks_PIPELINE_OBJECTS_FAST.R	0
supplemental_pipeline	Rscript R/supplemental/90_run_supplemental_pipeline.R	0
reviewer_23_23_audit_conventional_stage_differential_warnings	Rscript R/reviewer_revisions/23_audit_conventional_stage_differential_warnings.R	0
reviewer_24_24_run_conventional_stage_differential_FINAL	Rscript R/reviewer_revisions/24_run_conventional_stage_differential_FINAL.R	0
reviewer_25_25_validate_conventional_stage_differential_FINAL	Rscript R/reviewer_revisions/25_validate_conventional_stage_differential_FINAL.R	0
reviewer_28_28_run_formal_regional_interaction	Rscript R/reviewer_revisions/28_run_formal_regional_interaction.R	0
reviewer_29_29_audit_regional_model_convergence	Rscript R/reviewer_revisions/29_audit_regional_model_convergence.R	0
reviewer_30_30_finalize_regional_interaction_results	Rscript R/reviewer_revisions/30_finalize_regional_interaction_results.R	0
reviewer_31_31_audit_Hsp_regional_conclusion	Rscript R/reviewer_revisions/31_audit_Hsp_regional_conclusion.R	0
reviewer_32_32_audit_variancePartition_inputs	Rscript R/reviewer_revisions/32_audit_variancePartition_inputs.R	0
reviewer_33_33_preflight_variancePartition_design	Rscript R/reviewer_revisions/33_preflight_variancePartition_design.R	0
reviewer_34_34_run_variancePartition_source_of_variation	Rscript R/reviewer_revisions/34_run_variancePartition_source_of_variation.R	0
reviewer_35_35_audit_variancePartition_results	Rscript R/reviewer_revisions/35_audit_variancePartition_results.R	0
reviewer_44_44_run_Hsp_pathway_PC1_sensitivity	Rscript R/reviewer_revisions/44_run_Hsp_pathway_PC1_sensitivity.R	0
reviewer_45_45_validate_Hsp_pathway_PC1_sensitivity	Rscript R/reviewer_revisions/45_validate_Hsp_pathway_PC1_sensitivity.R	0
reviewer_46_46_build_alternative_mechanism_marker_manifest	Rscript R/reviewer_revisions/46_build_alternative_mechanism_marker_manifest.R	0
reviewer_47_47_run_alternative_mechanism_marker_stage_analysis	Rscript R/reviewer_revisions/47_run_alternative_mechanism_marker_stage_analysis.R	0
reviewer_48_48_validate_alternative_mechanism_marker_stage_analysis	Rscript R/reviewer_revisions/48_validate_alternative_mechanism_marker_stage_analysis.R	0
reviewer_49_49_build_APOE_cohort_demographics	Rscript R/reviewer_revisions/49_build_APOE_cohort_demographics.R	0
reviewer_50_50_run_APOE_sensitivity	Rscript R/reviewer_revisions/50_run_APOE_sensitivity.R	0
reviewer_51_51_validate_APOE_sensitivity	Rscript R/reviewer_revisions/51_validate_APOE_sensitivity.R	0
reviewer_52_52_build_demographic_tables	Rscript R/reviewer_revisions/52_build_demographic_tables.R	0
reviewer_53_53_validate_demographic_tables	Rscript R/reviewer_revisions/53_validate_demographic_tables.R	0
reviewer_54_54_audit_reporting_requirements	Rscript R/reviewer_revisions/54_audit_reporting_requirements.R	0
reviewer_56_56_resolve_reporting_requirements	Rscript R/reviewer_revisions/56_resolve_reporting_requirements.R	0
reviewer_57_57_validate_reporting_requirements_resolution	Rscript R/reviewer_revisions/57_validate_reporting_requirements_resolution.R	0
reviewer_58_58_run_remaining_analysis_gates	Rscript R/reviewer_revisions/58_run_remaining_analysis_gates.R	0
reviewer_59_59_validate_remaining_analysis_gates	Rscript R/reviewer_revisions/59_validate_remaining_analysis_gates.R	0
