category,gene,contrast,effect,effect_label,std_error,conf_low,conf_high,statistic,p_value,marker_panel_fdr,n_total,n_NCI,n_MCI,n_AD,any_na_coefficient,any_na_stage_coefficient,significant_marker_panel_fdr05,category_label,contrast_label
mitochondrial_mass_import,VDAC2,MCI_vs_NCI,3.1423946147746e-4,limma log2 TMT abundance difference,0.0116558126793342,-0.0226173900949325,0.0232458690178874,0.0269598928982969,0.978508513776048,0.984644291333533,372,167,96,109,FALSE,FALSE,FALSE,Mass / import,MCI vs NCI
mitochondrial_mass_import,VDAC2,AD_vs_MCI,0.00173103262242474,limma log2 TMT abundance difference,0.0129419662000567,-0.0237309735710576,0.0271930388159071,0.133753449488778,0.893681543841767,0.895906968301779,372,167,96,109,FALSE,FALSE,FALSE,Mass / import,AD vs MCI
mitochondrial_mass_import,VDAC2,AD_vs_NCI,0.00204527208390221,limma log2 TMT abundance difference,0.0116325352223006,-0.0208405614361098,0.0249311056039142,0.175823416376272,0.860543787340466,0.860543787340466,372,167,96,109,FALSE,FALSE,FALSE,Mass / import,AD vs NCI
mitochondrial_mass_import,VDAC1,MCI_vs_NCI,0.00151656642037396,limma log2 TMT abundance difference,0.0132909212972367,-0.0246319735430395,0.0276651063837875,0.11410543983051501,0.909225706528864,0.984644291333533,372,167,96,109,FALSE,FALSE,FALSE,Mass / import,MCI vs NCI
mitochondrial_mass_import,VDAC1,AD_vs_MCI,0.00928228770494753,limma log2 TMT abundance difference,0.0147574998782733,-0.0197515969067481,0.0383161723166432,0.628987821887999,0.529805384608456,0.607717941168523,372,167,96,109,FALSE,FALSE,FALSE,Mass / import,AD vs MCI
mitochondrial_mass_import,VDAC1,AD_vs_NCI,0.0107988541253215,limma log2 TMT abundance difference,0.0132643784161914,-0.0152974654110626,0.0368951736617055,0.814124400442288,0.416178576983159,0.491847409161915,372,167,96,109,FALSE,FALSE,FALSE,Mass / import,AD vs NCI
mitochondrial_mass_import,TOMM40,MCI_vs_NCI,-0.0128478860751844,limma log2 TMT abundance difference,0.0157513633350251,-0.0438370962610713,0.0181413241107025,-0.815668193407457,0.415296123756128,0.814526147439811,372,167,96,109,FALSE,FALSE,FALSE,Mass / import,MCI vs NCI
mitochondrial_mass_import,TOMM40,AD_vs_MCI,-0.0357665383000255,limma log2 TMT abundance difference,0.0174894378877707,-0.0701752339290556,-0.00135784267099551,-2.04503646884128,0.0416682454372965,0.1327964566296,372,167,96,109,FALSE,FALSE,FALSE,Mass / import,AD vs MCI
mitochondrial_mass_import,TOMM40,AD_vs_NCI,-0.0486144243752099,limma log2 TMT abundance difference,0.0157199067825444,-0.0795417469837607,-0.0176871017666592,-3.09253897288958,0.00215908911177323,0.014034079226526,372,167,96,109,FALSE,FALSE,TRUE,Mass / import,AD vs NCI
mitochondrial_mass_import,TOMM22,MCI_vs_NCI,-0.0303333031585599,limma log2 TMT abundance difference,0.0153094224071963,-0.0604530393814039,-2.1356693571586e-4,-1.98134863300274,0.0484070707578908,0.776140083880355,372,167,96,109,FALSE,FALSE,FALSE,Mass / import,MCI vs NCI
mitochondrial_mass_import,TOMM22,AD_vs_MCI,-0.0121409774764419,limma log2 TMT abundance difference,0.0169987312585777,-0.0455842575697984,0.0213023026169145,-0.714228449862429,0.475606133653191,0.568567909877606,372,167,96,109,FALSE,FALSE,FALSE,Mass / import,AD vs MCI
mitochondrial_mass_import,TOMM22,AD_vs_NCI,-0.0424742806350018,limma log2 TMT abundance difference,0.0152788484410476,-0.0725338656796243,-0.0124146955903793,-2.7799399149017,0.00575834070484988,0.0320821839270207,372,167,96,109,FALSE,FALSE,TRUE,Mass / import,AD vs NCI
mitochondrial_mass_import,TOMM20,MCI_vs_NCI,-0.0230605817645292,limma log2 TMT abundance difference,0.0166537633661441,-0.0558251725089939,0.00970400897993556,-1.38470694326122,0.167105970979676,0.776140083880355,372,167,96,109,FALSE,FALSE,FALSE,Mass / import,MCI vs NCI
mitochondrial_mass_import,TOMM20,AD_vs_MCI,0.00242121907989845,limma log2 TMT abundance difference,0.0184914126983629,-0.0339587603895188,0.0388011985493157,0.130937485382759,0.895906968301779,0.895906968301779,372,167,96,109,FALSE,FALSE,FALSE,Mass / import,AD vs MCI
mitochondrial_mass_import,TOMM20,AD_vs_NCI,-0.0206393626846307,limma log2 TMT abundance difference,0.0166205046589335,-0.0533385202950652,0.0120597949258038,-1.24180120328278,0.215218531548352,0.322827797322528,372,167,96,109,FALSE,FALSE,FALSE,Mass / import,AD vs NCI
mitochondrial_mass_import,TIMM23,MCI_vs_NCI,-0.0176231849791048,limma log2 TMT abundance difference,0.0172530040083932,-0.0515691790917084,0.0163228091334989,-1.02145602994885,0.307824071461261,0.814526147439811,365,166,92,107,TRUE,FALSE,FALSE,Mass / import,MCI vs NCI
mitochondrial_mass_import,TIMM23,AD_vs_MCI,-0.0150554785354406,limma log2 TMT abundance difference,0.0192243533497642,-0.0528801834571018,0.0227692263862205,-0.783146161617201,0.434131037439401,0.546164853552795,365,166,92,107,TRUE,FALSE,FALSE,Mass / import,AD vs MCI
mitochondrial_mass_import,TIMM23,AD_vs_NCI,-0.0326786635145454,limma log2 TMT abundance difference,0.0172399157511177,-0.0665989059433147,0.00124157891422395,-1.89552338806683,0.0589404364098464,0.143667313749001,365,166,92,107,TRUE,FALSE,FALSE,Mass / import,AD vs NCI
mitochondrial_mass_import,CS,MCI_vs_NCI,0.00459907331308296,limma log2 TMT abundance difference,0.0160996948785879,-0.027075443864221,0.036273590490387,0.285662141286887,0.775321566366556,0.984644291333533,372,167,96,109,FALSE,FALSE,FALSE,Mass / import,MCI vs NCI
mitochondrial_mass_import,CS,AD_vs_MCI,-0.0407206432701727,limma log2 TMT abundance difference,0.017876205862448,-0.0758902656714139,-0.00555102086893163,-2.27792427450801,0.0233896168784799,0.120571338578581,372,167,96,109,FALSE,FALSE,FALSE,Mass / import,AD vs MCI
mitochondrial_mass_import,CS,AD_vs_NCI,-0.0361215699570898,limma log2 TMT abundance difference,0.0160675426841335,-0.0677328309520117,-0.00451030896216788,-2.24810791962354,0.0252491745141328,0.0820598171709317,372,167,96,109,FALSE,FALSE,FALSE,Mass / import,AD vs NCI
mitochondrial_biogenesis,TFAM,MCI_vs_NCI,-0.0159527628957266,limma log2 TMT abundance difference,0.0135174565250949,-0.0425469879494582,0.010641462158005,-1.18016010379694,0.238812333501648,0.776140083880355,372,167,96,109,FALSE,FALSE,FALSE,Biogenesis,MCI vs NCI
mitochondrial_biogenesis,TFAM,AD_vs_MCI,-0.0144285069576782,limma log2 TMT abundance difference,0.0150090319972872,-0.043957255508376,0.0151002415930196,-0.961321620227478,0.337115684339941,0.45336247204337,372,167,96,109,FALSE,FALSE,FALSE,Biogenesis,AD vs MCI
mitochondrial_biogenesis,TFAM,AD_vs_NCI,-0.0303812698534048,limma log2 TMT abundance difference,0.0134904612376685,-0.0569223844164258,-0.00384015529038385,-2.25205567979939,0.0249958026810079,0.0820598171709317,372,167,96,109,FALSE,FALSE,FALSE,Biogenesis,AD vs NCI
mitochondrial_biogenesis,NRF1,MCI_vs_NCI,0.0253628717881064,limma log2 TMT abundance difference,0.0522411794203389,-0.0776799302367585,0.128405673812971,0.485495773057374,0.62788035244225,0.9008047089055,223,97,63,63,TRUE,FALSE,FALSE,Biogenesis,MCI vs NCI
mitochondrial_biogenesis,NRF1,AD_vs_MCI,0.0732037199833646,limma log2 TMT abundance difference,0.0585979314794647,-0.0423774196368158,0.188784859603545,1.24925433603434,0.213098673987032,0.307809195759047,223,97,63,63,TRUE,FALSE,FALSE,Biogenesis,AD vs MCI
mitochondrial_biogenesis,NRF1,AD_vs_NCI,0.0985665917714709,limma log2 TMT abundance difference,0.0528364328729999,-0.00565031436738507,0.202783497910327,1.8655042820243,0.0636420196960824,0.146002280479248,223,97,63,63,TRUE,FALSE,FALSE,Biogenesis,AD vs NCI
mitochondrial_biogenesis,GABPB1,MCI_vs_NCI,-0.0243641764346552,limma log2 TMT abundance difference,0.0307486888514071,-0.0849293469562275,0.0362009940869171,-0.792364726587042,0.428913747623745,0.814526147439811,285,132,75,78,TRUE,FALSE,FALSE,Biogenesis,MCI vs NCI
mitochondrial_biogenesis,GABPB1,AD_vs_MCI,0.0524012222292113,limma log2 TMT abundance difference,0.034076700302188,-0.0147190759593759,0.119521520417798,1.53774343655705,0.125400381655204,0.244530744227649,285,132,75,78,TRUE,FALSE,FALSE,Biogenesis,AD vs MCI
mitochondrial_biogenesis,GABPB1,AD_vs_NCI,0.028037045794556,limma log2 TMT abundance difference,0.0306363601288713,-0.032306872748835,0.0883809643379471,0.915155902222677,0.361008618033039,0.454172132364145,285,132,75,78,TRUE,FALSE,FALSE,Biogenesis,AD vs NCI
mitochondrial_biogenesis,GABPA,MCI_vs_NCI,-0.0406652364675696,limma log2 TMT abundance difference,0.0306596180104123,-0.101042115878669,0.0197116429435296,-1.32634517669983,0.185906179288367,0.776140083880355,298,133,77,88,TRUE,FALSE,FALSE,Biogenesis,MCI vs NCI
mitochondrial_biogenesis,GABPA,AD_vs_MCI,0.0750004471906253,limma log2 TMT abundance difference,0.0341394119655426,0.00777093511029242,0.142229959270958,2.19688749373669,0.0289240881092151,0.120571338578581,298,133,77,88,TRUE,FALSE,FALSE,Biogenesis,AD vs MCI
mitochondrial_biogenesis,GABPA,AD_vs_NCI,0.0343352107230557,limma log2 TMT abundance difference,0.0308296608241083,-0.0263765278651462,0.0950469493112576,1.1137070537022,0.266448342059586,0.384869827419402,298,133,77,88,TRUE,FALSE,FALSE,Biogenesis,AD vs NCI
mitophagy,PHB2,MCI_vs_NCI,0.00640653919889858,limma log2 TMT abundance difference,0.0115019228186369,-0.0162223276608995,0.0290354060586966,0.556997234281375,0.577918340819076,0.881237672225802,372,167,96,109,FALSE,FALSE,FALSE,Mitophagy,MCI vs NCI
mitophagy,PHB2,AD_vs_MCI,-0.0177531642727757,limma log2 TMT abundance difference,0.0127710954568088,-0.0428789996050759,0.00737267105952458,-1.39010504876547,0.165462329551396,0.276730683304144,372,167,96,109,FALSE,FALSE,FALSE,Mitophagy,AD vs MCI
mitophagy,PHB2,AD_vs_NCI,-0.0113466250738771,limma log2 TMT abundance difference,0.0114789526902056,-0.0339303005351395,0.0112370503873853,-0.988472152477686,0.323667641935411,0.420767934516035,372,167,96,109,FALSE,FALSE,FALSE,Mitophagy,AD vs NCI
mitophagy,OPTN,MCI_vs_NCI,-0.0299007841626503,limma log2 TMT abundance difference,0.0186243775747979,-0.0665423585439203,0.00674079021861967,-1.60546488292373,0.109377055865521,0.776140083880355,372,167,96,109,FALSE,FALSE,FALSE,Mitophagy,MCI vs NCI
mitophagy,OPTN,AD_vs_MCI,0.0484491920411426,limma log2 TMT abundance difference,0.0206794731265273,0.00776442554690739,0.0891339585353778,2.34286394748582,0.0197480859739762,0.120571338578581,372,167,96,109,FALSE,FALSE,FALSE,Mitophagy,AD vs MCI
mitophagy,OPTN,AD_vs_NCI,0.0185484078784923,limma log2 TMT abundance difference,0.0185871834159089,-0.0180199907666219,0.0551168065236065,0.99791385620139506,0.319074479916104,0.420767934516035,372,167,96,109,FALSE,FALSE,FALSE,Mitophagy,AD vs NCI
mitophagy,FUNDC1,MCI_vs_NCI,-0.00242636594095313,limma log2 TMT abundance difference,0.0326677577026084,-0.0667248820581615,0.0618721501762552,-0.0742740277138581,0.940844034730709,0.984644291333533,334,152,88,94,TRUE,FALSE,FALSE,Mitophagy,MCI vs NCI
mitophagy,FUNDC1,AD_vs_MCI,-0.0698026890925041,limma log2 TMT abundance difference,0.0365044407851127,-0.141652780413092,0.00204740222808383,-1.91216979609152,0.0568489267660876,0.1327964566296,334,152,88,94,TRUE,FALSE,FALSE,Mitophagy,AD vs MCI
mitophagy,FUNDC1,AD_vs_NCI,-0.0722290550334572,limma log2 TMT abundance difference,0.0328381194813037,-0.136862886775108,-0.00759522329180606,-2.1995490659744,0.0286354444154849,0.0843916464112725,334,152,88,94,TRUE,FALSE,FALSE,Mitophagy,AD vs NCI
mitophagy,CALCOCO2,MCI_vs_NCI,-0.0205593688228077,limma log2 TMT abundance difference,0.0247789751865432,-0.0693258325133835,0.0282070948677681,-0.829710214729659,0.407375199014112,0.814526147439811,342,155,91,96,TRUE,FALSE,FALSE,Mitophagy,MCI vs NCI
mitophagy,CALCOCO2,AD_vs_MCI,0.0597153619597031,limma log2 TMT abundance difference,0.0275366545849941,0.00552162489553622,0.11390909902387,2.16857722405556,0.0309157278406617,0.120571338578581,342,155,91,96,TRUE,FALSE,FALSE,Mitophagy,AD vs MCI
mitophagy,CALCOCO2,AD_vs_NCI,0.0391559931368954,limma log2 TMT abundance difference,0.0246811441398259,-0.00941793336634175,0.0877299196401326,1.58647398658122,0.113705747012769,0.221726206674899,342,155,91,96,TRUE,FALSE,FALSE,Mitophagy,AD vs NCI
mitophagy,BNIP3L,MCI_vs_NCI,-0.0173945710878347,limma log2 TMT abundance difference,0.0192313583230453,-0.0552513986897009,0.0204622565140315,-0.904489989507943,0.366515223324011,0.814526147439811,325,146,86,93,TRUE,FALSE,FALSE,Mitophagy,MCI vs NCI
mitophagy,BNIP3L,AD_vs_MCI,-0.052354178958941,limma log2 TMT abundance difference,0.0214938362547447,-0.0946646824569468,-0.0100436754609351,-2.43577639368049,0.0154854470652023,0.120571338578581,325,146,86,93,TRUE,FALSE,FALSE,Mitophagy,AD vs MCI
mitophagy,BNIP3L,AD_vs_NCI,-0.0697487500467757,limma log2 TMT abundance difference,0.0192879793022235,-0.107717035748033,-0.0317804643455183,-3.61617715126515,3.5467091040256e-4,0.00461072183523339,325,146,86,93,TRUE,FALSE,TRUE,Mitophagy,AD vs NCI
mitophagy,BNIP3,MCI_vs_NCI,-0.0291439157269771,limma log2 TMT abundance difference,0.0199231048621168,-0.068340604356128,0.0100527729021738,-1.46281997352699,0.144497269456824,0.776140083880355,372,167,96,109,FALSE,FALSE,FALSE,Mitophagy,MCI vs NCI
mitophagy,BNIP3,AD_vs_MCI,-0.0487093099211126,limma log2 TMT abundance difference,0.0221215076819876,-0.092231133182053407,-0.00518748666017179,-2.20189828927321,0.0283850490066624,0.120571338578581,372,167,96,109,FALSE,FALSE,FALSE,Mitophagy,AD vs MCI
mitophagy,BNIP3,AD_vs_NCI,-0.0778532256480897,limma log2 TMT abundance difference,0.0198833170557953,-0.116971635802755,-0.0387348154934242,-3.91550491447794,1.1026534950212e-4,0.00215017431529134,372,167,96,109,FALSE,FALSE,TRUE,Mitophagy,AD vs NCI
autophagy_lysosome,ULK1,MCI_vs_NCI,-0.00173192863313578,limma log2 TMT abundance difference,0.0109370152992934,-0.0232493972298008,0.0197855399635293,-0.158354778313941,0.874277045241711,0.984644291333533,372,167,96,109,FALSE,FALSE,FALSE,Autophagy / lysosome,MCI vs NCI
autophagy_lysosome,ULK1,AD_vs_MCI,0.0155301644651952,limma log2 TMT abundance difference,0.0121438535627739,-0.00836163604242298,0.0394219649728135,1.27884978066615,0.201875808362768,0.302813712544152,372,167,96,109,FALSE,FALSE,FALSE,Autophagy / lysosome,AD vs MCI
autophagy_lysosome,ULK1,AD_vs_NCI,0.0137982358320595,limma log2 TMT abundance difference,0.0109151733299079,-0.00767626090459799,0.0352727325687169,1.2641334603686,0.207101363826988,0.322827797322528,372,167,96,109,FALSE,FALSE,FALSE,Autophagy / lysosome,AD vs NCI
autophagy_lysosome,SQSTM1,MCI_vs_NCI,0.00153103420113229,limma log2 TMT abundance difference,0.0189742682085599,-0.0357989145234312,0.0388609829256958,0.0806900263189908,0.935738866753068,0.984644291333533,372,167,96,109,FALSE,FALSE,FALSE,Autophagy / lysosome,MCI vs NCI
autophagy_lysosome,SQSTM1,AD_vs_MCI,0.041321979699824,limma log2 TMT abundance difference,0.0210679722282582,-1.2711938356532e-4,0.0827710787832133,1.96136482676769,0.0507025418238495,0.1327964566296,372,167,96,109,FALSE,FALSE,FALSE,Autophagy / lysosome,AD vs MCI
autophagy_lysosome,SQSTM1,AD_vs_NCI,0.0428530139009563,limma log2 TMT abundance difference,0.0189363752940871,0.00559761564330652,0.0801084121586061,2.26299982100255,0.0243049268287052,0.0820598171709317,372,167,96,109,FALSE,FALSE,FALSE,Autophagy / lysosome,AD vs NCI
autophagy_lysosome,MAP1LC3B,MCI_vs_NCI,-0.0599924848975593,limma log2 TMT abundance difference,0.0499389947522598,-0.158318025301275,0.0383330555061564,-1.20131542885822,0.230696309047279,0.776140083880355,309,137,80,92,TRUE,FALSE,FALSE,Autophagy / lysosome,MCI vs NCI
autophagy_lysosome,MAP1LC3B,AD_vs_MCI,0.111933073044511,limma log2 TMT abundance difference,0.0551608623201457,0.0033261292389819,0.22054001685004,2.02921180591535,0.0434314100749238,0.1327964566296,309,137,80,92,TRUE,FALSE,FALSE,Autophagy / lysosome,AD vs MCI
autophagy_lysosome,MAP1LC3B,AD_vs_NCI,0.0519405881469517,limma log2 TMT abundance difference,0.0497542885941147,-0.0460212818844307,0.149902458178334,1.04394193173321,0.297459075661264,0.414317998242475,309,137,80,92,TRUE,FALSE,FALSE,Autophagy / lysosome,AD vs NCI
autophagy_lysosome,LAMP2,MCI_vs_NCI,0.0307930926161476,limma log2 TMT abundance difference,0.0309559993455859,-0.0301096971824607,0.0916958824147559,0.994737474709842,0.320614905254056,0.814526147439811,372,167,96,109,FALSE,FALSE,FALSE,Autophagy / lysosome,MCI vs NCI
autophagy_lysosome,LAMP2,AD_vs_MCI,0.0166536325205401,limma log2 TMT abundance difference,0.0343718201588697,-0.0509694383666773,0.0842767034077574,0.484514129410822,0.628352218082895,0.680714902923136,372,167,96,109,FALSE,FALSE,FALSE,Autophagy / lysosome,AD vs MCI
autophagy_lysosome,LAMP2,AD_vs_NCI,0.0474467251366877,limma log2 TMT abundance difference,0.0308941780925747,-0.0133344376152473,0.108227887888623,1.53578208148192,0.125579111976875,0.233218350814197,372,167,96,109,FALSE,FALSE,FALSE,Autophagy / lysosome,AD vs NCI
autophagy_lysosome,LAMP1,MCI_vs_NCI,0.0149638367560764,limma log2 TMT abundance difference,0.0175628251077082,-0.0195892407867746,0.0495169142989274,0.852017637498927,0.39484094731611,0.814526147439811,372,167,96,109,FALSE,FALSE,FALSE,Autophagy / lysosome,MCI vs NCI
autophagy_lysosome,LAMP1,AD_vs_MCI,0.0137551670677762,limma log2 TMT abundance difference,0.0195007843017644,-0.0246106486818519,0.0521209828174043,0.705364812764565,0.48109592374259,0.568567909877606,372,167,96,109,FALSE,FALSE,FALSE,Autophagy / lysosome,AD vs MCI
autophagy_lysosome,LAMP1,AD_vs_NCI,0.0287190038238526,limma log2 TMT abundance difference,0.0175277509418752,-0.0057650688542146104,0.0632030765019198,1.63848767129847,0.1023019737186,0.209988261843442,372,167,96,109,FALSE,FALSE,FALSE,Autophagy / lysosome,AD vs NCI
autophagy_lysosome,BECN1,MCI_vs_NCI,0.0061068666638939,limma log2 TMT abundance difference,0.008924679960579,-0.0114515362030612,0.023665269530849,0.684267300437484,0.494301215166216,0.838162930064453,372,167,96,109,FALSE,FALSE,FALSE,Autophagy / lysosome,MCI vs NCI
autophagy_lysosome,BECN1,AD_vs_MCI,-0.0191832633688835,limma log2 TMT abundance difference,0.00990946831197137,-0.0386791374604437,3.1261072267671e-4,-1.93585193119884,0.0537656276454151,0.1327964566296,372,167,96,109,FALSE,FALSE,FALSE,Autophagy / lysosome,AD vs MCI
autophagy_lysosome,BECN1,AD_vs_NCI,-0.0130763967049896,limma log2 TMT abundance difference,0.00890685676282896,-0.0305997342376296,0.00444694082765043,-1.46812697825808,0.143051136036035,0.253590650245699,372,167,96,109,FALSE,FALSE,FALSE,Autophagy / lysosome,AD vs NCI
autophagy_lysosome,ATG7,MCI_vs_NCI,0.00548260678932014,limma log2 TMT abundance difference,0.0100964570060839,-0.014381148597401,0.0253463621760413,0.543022843163341,0.587491781483868,0.881237672225802,372,167,96,109,FALSE,FALSE,FALSE,Autophagy / lysosome,MCI vs NCI
autophagy_lysosome,ATG7,AD_vs_MCI,-0.0319692212464408,limma log2 TMT abundance difference,0.011210544378835,-0.0540248305714718,-0.00991361192140977,-2.85170997643943,0.00463091091693559,0.090302762880244,372,167,96,109,FALSE,FALSE,FALSE,Autophagy / lysosome,AD vs MCI
autophagy_lysosome,ATG7,AD_vs_NCI,-0.0264866144571206,limma log2 TMT abundance difference,0.010076293689238,-0.0463107005624916,-0.00666252835174964,-2.62860683441669,0.00898678943177107,0.0389427542043413,372,167,96,109,FALSE,FALSE,TRUE,Autophagy / lysosome,AD vs NCI
autophagy_lysosome,ATG5,MCI_vs_NCI,-0.0152924451947482,limma log2 TMT abundance difference,0.0114201484525593,-0.0377617808937828,0.00717689050428641,-1.33907586738254,0.181510610807214,0.776140083880355,366,165,95,106,TRUE,FALSE,FALSE,Autophagy / lysosome,MCI vs NCI
autophagy_lysosome,ATG5,AD_vs_MCI,0.0109159910762048,limma log2 TMT abundance difference,0.0126950029957179,-0.0140616425505376,0.0358936247029471,0.859865183165914,0.390516727020485,0.507671745126631,366,165,95,106,TRUE,FALSE,FALSE,Autophagy / lysosome,AD vs MCI
autophagy_lysosome,ATG5,AD_vs_NCI,-0.00437645411854345,limma log2 TMT abundance difference,0.0114062378598464,-0.0268184204905735,0.0180655122534866,-0.383689536578049,0.701467185160413,0.75992278392378,366,165,95,106,TRUE,FALSE,FALSE,Autophagy / lysosome,AD vs NCI
proteasome_20S_core,PSMB7,MCI_vs_NCI,-0.00245767614575421,limma log2 TMT abundance difference,0.0116268351430024,-0.0253322953377307,0.0204169430462222,-0.211379633023639,0.832725488074451,0.984644291333533,372,167,96,109,FALSE,FALSE,FALSE,20S proteasome,MCI vs NCI
proteasome_20S_core,PSMB7,AD_vs_MCI,0.0183260967687126,limma log2 TMT abundance difference,0.0129097911552027,-0.0070726082865438,0.0437248018239689,1.41955021180393,0.156711233709185,0.276730683304144,372,167,96,109,FALSE,FALSE,FALSE,20S proteasome,AD vs MCI
proteasome_20S_core,PSMB7,AD_vs_NCI,0.0158684206229583,limma log2 TMT abundance difference,0.0116036155560955,-0.00696051638622654,0.0386973576321432,1.36754105185969,0.172414662719899,0.292355297655482,372,167,96,109,FALSE,FALSE,FALSE,20S proteasome,AD vs NCI
proteasome_20S_core,PSMB6,MCI_vs_NCI,0.00993563447852189,limma log2 TMT abundance difference,0.00812936964357855,-0.00605807598357147,0.0259293449406152,1.22219002384399,0.222534491812807,0.776140083880355,372,167,96,109,FALSE,FALSE,FALSE,20S proteasome,MCI vs NCI
proteasome_20S_core,PSMB6,AD_vs_MCI,0.0233537108117164,limma log2 TMT abundance difference,0.00902639996449995,0.00559518415137476,0.0411122374720581,2.58726744921171,0.0101143699080146,0.120571338578581,372,167,96,109,FALSE,FALSE,FALSE,20S proteasome,AD vs MCI
proteasome_20S_core,PSMB6,AD_vs_NCI,0.0332893452902383,limma log2 TMT abundance difference,0.00811313473505739,0.0173275753644535,0.0492511152160231,4.10314217344288,5.17552612271763e-5,0.00201845518785988,372,167,96,109,FALSE,FALSE,TRUE,20S proteasome,AD vs NCI
proteasome_20S_core,PSMB5,MCI_vs_NCI,0.0121761991450079,limma log2 TMT abundance difference,0.00917257288085012,-0.00586990790643465,0.0302223061964505,1.32745733429152,0.18530287766888,0.776140083880355,372,167,96,109,FALSE,FALSE,FALSE,20S proteasome,MCI vs NCI
proteasome_20S_core,PSMB5,AD_vs_MCI,0.0174441435402102,limma log2 TMT abundance difference,0.010184714824904,-0.00259325015576628,0.0374815372361867,1.71277682685384,0.0877214216078463,0.180059760142421,372,167,96,109,FALSE,FALSE,FALSE,20S proteasome,AD vs MCI
proteasome_20S_core,PSMB5,AD_vs_NCI,0.0296203426852182,limma log2 TMT abundance difference,0.00915425462394296,0.0116102749467837,0.0476304104236527,3.23569136997196,0.00134029951265062,0.0104543361986748,372,167,96,109,FALSE,FALSE,TRUE,20S proteasome,AD vs NCI
proteasome_20S_core,PSMB4,MCI_vs_NCI,-0.0247549510519848,limma log2 TMT abundance difference,0.0269845268555752,-0.0778442714306641,0.0283343693266946,-0.917375768138407,0.359636056201412,0.814526147439811,372,167,96,109,FALSE,FALSE,FALSE,20S proteasome,MCI vs NCI
proteasome_20S_core,PSMB4,AD_vs_MCI,0.0411782594952439,limma log2 TMT abundance difference,0.0299621179661343,-0.0177691694680787,0.100125688458566,1.37434408147605,0.170295805110242,0.276730683304144,372,167,96,109,FALSE,FALSE,FALSE,20S proteasome,AD vs MCI
proteasome_20S_core,PSMB4,AD_vs_NCI,0.0164233084432591,limma log2 TMT abundance difference,0.0269306369054075,-0.0365599889228636,0.0694066058093818,0.609837357391328,0.542401971127245,0.622166966881251,372,167,96,109,FALSE,FALSE,FALSE,20S proteasome,AD vs NCI
proteasome_20S_core,PSMB3,MCI_vs_NCI,0.00917624045886752,limma log2 TMT abundance difference,0.0157375230033176,-0.0217857402777835,0.0401382211955185,0.583080352412074,0.56024953902959,0.881237672225802,372,167,96,109,FALSE,FALSE,FALSE,20S proteasome,MCI vs NCI
proteasome_20S_core,PSMB3,AD_vs_MCI,0.00423980197653372,limma log2 TMT abundance difference,0.0174740703531265,-0.0301386595863397,0.0386182635394071,0.242633907890563,0.808444318829961,0.852144011739688,372,167,96,109,FALSE,FALSE,FALSE,20S proteasome,AD vs MCI
proteasome_20S_core,PSMB3,AD_vs_NCI,0.0134160424354012,limma log2 TMT abundance difference,0.0157060940909282,-0.0174841051029906,0.0443161899737931,0.854193433308813,0.393636277047952,0.479744212652192,372,167,96,109,FALSE,FALSE,FALSE,20S proteasome,AD vs NCI
proteasome_20S_core,PSMB2,MCI_vs_NCI,0.00131673843147861,limma log2 TMT abundance difference,0.00855044242510912,-0.0155053900318294,0.0181388668947866,0.153996526263003,0.877709464489623,0.984644291333533,372,167,96,109,FALSE,FALSE,FALSE,20S proteasome,MCI vs NCI
proteasome_20S_core,PSMB2,AD_vs_MCI,-0.00562767150510857,limma log2 TMT abundance difference,0.00949393576455569,-0.0243060274442998,0.0130506844340827,-0.592764860082444,0.553756826861756,0.617043321360242,372,167,96,109,FALSE,FALSE,FALSE,20S proteasome,AD vs MCI
proteasome_20S_core,PSMB2,AD_vs_NCI,-0.00431093307362995,limma log2 TMT abundance difference,0.00853336660537483,-0.0210994665930853,0.0124776004458254,-0.505185499813716,0.613776007838016,0.683921837305218,372,167,96,109,FALSE,FALSE,FALSE,20S proteasome,AD vs NCI
proteasome_20S_core,PSMB1,MCI_vs_NCI,-1.7856537465342e-4,limma log2 TMT abundance difference,0.0092704647358997,-0.0184172647247494,0.0180601339754426,-0.0192617500568158,0.984644291333533,0.984644291333533,372,167,96,109,FALSE,FALSE,FALSE,20S proteasome,MCI vs NCI
proteasome_20S_core,PSMB1,AD_vs_MCI,0.0245515667352827,limma log2 TMT abundance difference,0.0102934084968226,0.0043003292612586,0.0448028042093068,2.3851736519406,0.017652284164083,0.120571338578581,372,167,96,109,FALSE,FALSE,FALSE,20S proteasome,AD vs MCI
proteasome_20S_core,PSMB1,AD_vs_NCI,0.0243730013606293,limma log2 TMT abundance difference,0.00925195098224662,0.00617072594356572,0.0425752767776928,2.63436343398253,0.00883905960220386,0.0389427542043413,372,167,96,109,FALSE,FALSE,TRUE,20S proteasome,AD vs NCI
proteasome_20S_core,PSMA7,MCI_vs_NCI,-5.123086450956e-4,limma log2 TMT abundance difference,0.00953871625534663,-0.0192787656592117,0.0182541483690205,-0.0537083430706352,0.957201020963577,0.984644291333533,372,167,96,109,FALSE,FALSE,FALSE,20S proteasome,MCI vs NCI
proteasome_20S_core,PSMA7,AD_vs_MCI,0.0212260213703875,limma log2 TMT abundance difference,0.0105912600661045,3.8879113571457e-4,0.0420632516050605,2.00410727693466,0.0459002867374587,0.1327964566296,372,167,96,109,FALSE,FALSE,FALSE,20S proteasome,AD vs MCI
proteasome_20S_core,PSMA7,AD_vs_NCI,0.0207137127252919,limma log2 TMT abundance difference,0.00951966678501812,0.00198473361244595,0.0394426918381379,2.17588631966518,0.0302944371732773,0.0843916464112725,372,167,96,109,FALSE,FALSE,FALSE,20S proteasome,AD vs NCI
proteasome_20S_core,PSMA6,MCI_vs_NCI,-0.00633083850564611,limma log2 TMT abundance difference,0.00816310211797155,-0.0223909141906615,0.00972923717936927,-0.775543220475999,0.43859100246759,0.814526147439811,372,167,96,109,FALSE,FALSE,FALSE,20S proteasome,MCI vs NCI
proteasome_20S_core,PSMA6,AD_vs_MCI,0.0172520742989057,limma log2 TMT abundance difference,0.00906385462814708,-5.8014061428845e-4,0.0350842892120998,1.90339265209867,0.0578856349411077,0.1327964566296,372,167,96,109,FALSE,FALSE,FALSE,20S proteasome,AD vs MCI
proteasome_20S_core,PSMA6,AD_vs_NCI,0.0109212357932596,limma log2 TMT abundance difference,0.00814679984338636,-0.00510676681954716,0.0269492384060663,1.34055531045427,0.181014976652456,0.294149337060242,372,167,96,109,FALSE,FALSE,FALSE,20S proteasome,AD vs NCI
proteasome_20S_core,PSMA5,MCI_vs_NCI,-0.0162840782159043,limma log2 TMT abundance difference,0.0103274083578485,-0.0366022069689378,0.00403405053712927,-1.57678264010244,0.115832741647846,0.776140083880355,372,167,96,109,FALSE,FALSE,FALSE,20S proteasome,MCI vs NCI
proteasome_20S_core,PSMA5,AD_vs_MCI,0.0196726960405909,limma log2 TMT abundance difference,0.0114669799162466,-0.00288742420193687,0.0422328162831187,1.71559522945692,0.0872032689857755,0.180059760142421,372,167,96,109,FALSE,FALSE,FALSE,20S proteasome,AD vs MCI
proteasome_20S_core,PSMA5,AD_vs_NCI,0.00338861782468663,limma log2 TMT abundance difference,0.0103067838153192,-0.0168889342322328,0.0236661698816061,0.328775482769908,0.742540266728613,0.769144742046972,372,167,96,109,FALSE,FALSE,FALSE,20S proteasome,AD vs NCI
proteasome_20S_core,PSMA4,MCI_vs_NCI,-0.0175382998755555,limma log2 TMT abundance difference,0.0136217352488712,-0.044337682744537,0.009261082993426,-1.2875231793254,0.198841595148939,0.776140083880355,372,167,96,109,FALSE,FALSE,FALSE,20S proteasome,MCI vs NCI
proteasome_20S_core,PSMA4,AD_vs_MCI,0.0218841328135965,limma log2 TMT abundance difference,0.0151248172930557,-0.00787241156598832,0.0516406771931814,1.44690229240946,0.148902304203159,0.27653285066301,372,167,96,109,FALSE,FALSE,FALSE,20S proteasome,AD vs MCI
proteasome_20S_core,PSMA4,AD_vs_NCI,0.00434583293804103,limma log2 TMT abundance difference,0.0135945317096842,-0.0224000297260073,0.0310916956020894,0.319675074570258,0.749423081994485,0.769144742046972,372,167,96,109,FALSE,FALSE,FALSE,20S proteasome,AD vs NCI
proteasome_20S_core,PSMA3,MCI_vs_NCI,0.00375726157135636,limma log2 TMT abundance difference,0.0081903832893605,-0.0123564870520776,0.0198710101947903,0.458740627711176,0.646731585880872,0.9008047089055,372,167,96,109,FALSE,FALSE,FALSE,20S proteasome,MCI vs NCI
proteasome_20S_core,PSMA3,AD_vs_MCI,0.0100929334257289,limma log2 TMT abundance difference,0.00909414612370618,-0.00779887693344407,0.0279847437849019,1.10982749654958,0.26790595766823,0.373154726752178,372,167,96,109,FALSE,FALSE,FALSE,20S proteasome,AD vs MCI
proteasome_20S_core,PSMA3,AD_vs_NCI,0.0138501949970853,limma log2 TMT abundance difference,0.00817402653240566,-0.00223137336560223,0.0299317633597728,1.69441522390179,0.0911584991004538,0.197510081384317,372,167,96,109,FALSE,FALSE,FALSE,20S proteasome,AD vs NCI
proteasome_20S_core,PSMA2,MCI_vs_NCI,0.00244194746349008,limma log2 TMT abundance difference,0.00858556516896665,-0.0144492814369392,0.0193331763639193,0.284424777569301,0.776268680687194,0.984644291333533,372,167,96,109,FALSE,FALSE,FALSE,20S proteasome,MCI vs NCI
proteasome_20S_core,PSMA2,AD_vs_MCI,0.0276729213657269,limma log2 TMT abundance difference,0.00953293410610106,0.00891784014394611,0.0464280025875077,2.90287555308038,0.00395406689670292,0.090302762880244,372,167,96,109,FALSE,FALSE,FALSE,20S proteasome,AD vs MCI
proteasome_20S_core,PSMA2,AD_vs_NCI,0.030114868829217,limma log2 TMT abundance difference,0.0085684192067049,0.0132573728709508,0.0469723647874832,3.51463532569132,5.0379883107767e-4,0.00491203860300735,372,167,96,109,FALSE,FALSE,TRUE,20S proteasome,AD vs NCI
proteasome_20S_core,PSMA1,MCI_vs_NCI,0.00683891937884962,limma log2 TMT abundance difference,0.00995703483149197,-0.0127505370166599,0.0264283757743592,0.686842970280628,0.492678689976343,0.838162930064453,372,167,96,109,FALSE,FALSE,FALSE,20S proteasome,MCI vs NCI
proteasome_20S_core,PSMA1,AD_vs_MCI,0.0144655412184653,limma log2 TMT abundance difference,0.0110557377496664,-0.00728550176094623,0.0362165841978769,1.3084193516531,0.191669294541137,0.299004099484173,372,167,96,109,FALSE,FALSE,FALSE,20S proteasome,AD vs MCI
proteasome_20S_core,PSMA1,AD_vs_NCI,0.0213044605973149,limma log2 TMT abundance difference,0.00993714995028732,0.00175412568926435,0.0408547955053655,2.14392061143235,0.032791832525221797,0.0852587645655768,372,167,96,109,FALSE,FALSE,FALSE,20S proteasome,AD vs NCI
