category,contrast,n_markers,n_estimable,n_decreased,n_increased,median_effect,mean_effect,n_nominal_p05,n_fdr05
autophagy_lysosome,AD_vs_MCI,8,8,2,6,0.0146426657664857,0.0198696904073409,2,0
autophagy_lysosome,AD_vs_NCI,8,8,3,5,0.021258619827956,0.0176022626949818,2,1
autophagy_lysosome,MCI_vs_NCI,8,8,3,5,0.00350682049522621,-0.00226742771235912,0,0
mitochondrial_biogenesis,AD_vs_MCI,4,4,1,3,0.0628024711062879,0.0465442206113807,1,0
mitochondrial_biogenesis,AD_vs_NCI,4,4,1,3,0.0311861282588059,0.0326393946089195,1,0
mitochondrial_biogenesis,MCI_vs_NCI,4,4,3,1,-0.0201584696651909,-0.0139048260024613,0,0
mitochondrial_mass_import,AD_vs_MCI,7,7,4,3,-0.0121409774764419,-0.0128927283106872,2,0
mitochondrial_mass_import,AD_vs_NCI,7,7,5,2,-0.0326786635145454,-0.0239548821367506,3,2
mitochondrial_mass_import,MCI_vs_NCI,7,7,4,3,-0.0128478860751844,-0.0110621538260634,1,0
mitophagy,AD_vs_MCI,6,6,4,2,-0.0332312370969441,-0.0134091313740813,4,0
mitophagy,AD_vs_NCI,6,6,4,2,-0.0405476875603264,-0.0289122091311353,3,2
mitophagy,MCI_vs_NCI,6,6,5,1,-0.0189769699553212,-0.0155030777570541,0,0
proteasome_20S_core,AD_vs_MCI,14,14,1,13,0.0189993964046517,0.0182665877397138,4,0
proteasome_20S_core,AD_vs_NCI,14,14,1,13,0.0161458645331087,0.0166656036763551,6,4
proteasome_20S_core,MCI_vs_NCI,14,14,7,7,5.6908652841259e-4,-0.0016009840633587,0,0
