gene,outcome,n,estimate,std.error,statistic,p.value,conf.low,conf.high,r_squared,adj_r_squared,model_status,q.value,direction,cognition_associated_nominal,cognition_associated_fdr,functional_class,functional_class_display,n_fdr_better_cognition,n_nominal_better_cognition,cognition_priority_score,mean_beta,best_q,outcome_display,plot_col,pt_alpha,neglog10_q
IDH2,Final cognitive diagnosis,390,0.2488432738534024,0.04790451123793449,5.194568683050233,3.582128107066043e-7,0.1546096657267495,0.3430768819800553,0.3406204805117782,0.22973383459183694,ok,3.985554477024536e-5,higher abundance = better cognition,TRUE,TRUE,TCA / pyruvate / redox metabolism,"TCA /
redox",3,3,12.5,0.2407189342262767,3.985554477024536e-5,Final dx,Final dx,0.95,4.399511250287786
NDUFAF7,Final cognitive diagnosis,390,0.24195465819352246,0.04651738328151036,5.201381529336672,3.462780378314427e-7,0.15044968811972348,0.33345962826732145,0.3407501865364314,0.2298853530410565,ok,3.985554477024536e-5,higher abundance = better cognition,TRUE,TRUE,TCA / pyruvate / redox metabolism,"TCA /
redox",3,3,12.5,0.23910978036066838,1.525020212372432e-5,Final dx,Final dx,0.95,4.399511250287786
MRPL47,Final cognitive diagnosis,390,0.2396033952552819,0.04628173857695242,5.177061247534911,3.9074063500240546e-7,0.14856196504803418,0.3306448254625296,0.3402877125759128,0.2293451056817719,ok,3.985554477024536e-5,higher abundance = better cognition,TRUE,TRUE,Mito translation / ribosome,"Translation /
ribosome",3,3,12.5,0.21512176460070642,3.985554477024536e-5,Final dx,Final dx,0.95,4.399511250287786
BCKDHB,Final cognitive diagnosis,390,0.23071325756049424,0.04691713901895744,4.917462197924552,1.3795722148944915e-6,0.1384219226008943,0.32300459252009417,0.3354476094482025,0.2236910512773297,ok,1.055372744394286e-4,higher abundance = better cognition,TRUE,TRUE,TCA / pyruvate / redox metabolism,"TCA /
redox",3,3,12.5,0.21745394473236127,5.4917224726136364e-5,Final dx,Final dx,0.95,3.976594125917858
PDHA1,Final cognitive diagnosis,390,0.2305404304417086,0.04872209946755054,4.731742534930193,3.2952175417782113e-6,0.13469853351620054,0.3263823273672167,0.33209661137682345,0.21977652199875175,ok,1.4404808111201896e-4,higher abundance = better cognition,TRUE,TRUE,TCA / pyruvate / redox metabolism,"TCA /
redox",3,3,12.5,0.22942020360979345,1.0971541120229798e-4,Final dx,Final dx,0.95,3.841492522652657
MRPL48,Final cognitive diagnosis,390,0.22535086820558312,0.047398603919101924,4.754377757416719,2.967697499043288e-6,0.13211243716767007,0.31858929924349616,0.33249990399507773,0.22024763559785365,ok,1.4404808111201896e-4,higher abundance = better cognition,TRUE,TRUE,Mito translation / ribosome,"Translation /
ribosome",3,3,12.5,0.21910692117747407,7.38697569065562e-5,Final dx,Final dx,0.95,3.841492522652657
LRPPRC,Final cognitive diagnosis,390,0.22315268676409153,0.0469483195765413,4.753155997421351,2.9845444619208877e-6,0.13080001611044945,0.3155053574177336,0.3324780991740385,0.22022216390000293,ok,1.4404808111201896e-4,higher abundance = better cognition,TRUE,TRUE,Mito translation / ribosome,"Translation /
ribosome",3,3,12.5,0.2449273664609244,1.9172514440412627e-6,Final dx,Final dx,0.95,3.841492522652657
PDHX,Final cognitive diagnosis,390,0.22026324825506455,0.04820438136457885,4.569361581246566,6.901256090275908e-6,0.125439761570571,0.3150867349395581,0.32924606330716616,0.2164466024819448,ok,2.3464270706938088e-4,higher abundance = better cognition,TRUE,TRUE,TCA / pyruvate / redox metabolism,"TCA /
redox",3,3,12.5,0.20627822141653468,2.3152173863978678e-4,Final dx,Final dx,0.95,3.629592939549698
MRPL9,Final cognitive diagnosis,382,0.2194220271766448,0.04796488212587926,4.574639141211535,6.787811182311318e-6,0.12506227236138437,0.3137817819919052,0.33124396038575304,0.21841702118703055,ok,2.3464270706938088e-4,higher abundance = better cognition,TRUE,TRUE,Mito translation / ribosome,"Translation /
ribosome",3,3,12.5,0.19172140442621632,2.3464270706938088e-4,Final dx,Final dx,0.95,3.629592939549698
GSTK1,Final cognitive diagnosis,390,0.21354599238267813,0.04719669207976584,4.524596597188843,8.4303889853898e-6,0.12070474483860402,0.3063872399267522,0.32847356127364724,0.21554419019654292,ok,2.5796990295292785e-4,higher abundance = better cognition,TRUE,TRUE,Proteostasis / stress,Proteostasis,3,3,12.5,0.21676792406648757,1.4771947400241012e-4,Final dx,Final dx,0.95,3.588430959710892
TUFM,Final cognitive diagnosis,390,0.2064116198736135,0.04838087426761103,4.266388795123478,2.592327419346928e-5,0.11124095162663906,0.30158228812058796,0.32413332907887826,0.21047406910415511,ok,7.21138354836509e-4,higher abundance = better cognition,TRUE,TRUE,Mito translation / ribosome,"Translation /
ribosome",3,3,12.5,0.19604557013103416,3.7922813065048697e-4,Final dx,Final dx,0.95,3.14198140521446
PYCR2,Final cognitive diagnosis,366,0.20593081501354593,0.0492530191459042,4.1810800349824,3.773327399172873e-5,0.10902074705629211,0.30284088297079975,0.32322802787274757,0.2082635582485668,ok,7.697587894312661e-4,higher abundance = better cognition,TRUE,TRUE,Other mitochondrial metabolism,Other mito,3,3,12.5,0.19689925303220923,7.697587894312661e-4,Final dx,Final dx,0.95,3.113645343438464
RPS3,Final cognitive diagnosis,390,0.202097966171221,0.048344073986760605,4.180408259067431,3.723756111120787e-5,0.10699968825148287,0.2971962440909591,0.3227327901439649,0.20883800410210918,ok,7.697587894312661e-4,higher abundance = better cognition,TRUE,TRUE,Mito translation / ribosome,"Translation /
ribosome",3,3,12.5,0.2215429686710896,5.943517420661474e-5,Final dx,Final dx,0.95,3.113645343438464
MRPL39,Final cognitive diagnosis,390,0.2012476018449317,0.04799196639062006,4.1933602013078835,3.527386398646763e-5,0.10684195951160681,0.2956532441782566,0.3229423091720388,0.20908275756133066,ok,7.697587894312661e-4,higher abundance = better cognition,TRUE,TRUE,Mito translation / ribosome,"Translation /
ribosome",3,3,12.5,0.2022597273341876,3.5281767662896933e-4,Final dx,Final dx,0.95,3.113645343438464
SLIRP,Final cognitive diagnosis,390,0.19831276053109828,0.04734078759822625,4.189046498637649,3.591664410328398e-5,0.10518806075531342,0.2914374603068831,0.3228724703379439,0.2090011740584391,ok,7.697587894312661e-4,higher abundance = better cognition,TRUE,TRUE,Mito translation / ribosome,"Translation /
ribosome",3,3,12.5,0.21108272716810866,8.789457235858607e-5,Final dx,Final dx,0.95,3.113645343438464
HADHB,Final cognitive diagnosis,390,0.19619919391341803,0.047297281267793374,4.148212934323944,4.258052398832887e-5,0.10316007602516516,0.2892383118016709,0.3222142285899097,0.208232237001426,ok,8.143525212767897e-4,higher abundance = better cognition,TRUE,TRUE,TCA / pyruvate / redox metabolism,"TCA /
redox",3,3,12.5,0.18049591496754955,8.143525212767897e-4,Final dx,Final dx,0.95,3.0891875546887713
NDUFV1,Final cognitive diagnosis,390,0.19061076489714965,0.04752615994462435,4.010649400650967,7.479885026204171e-5,0.09712141668645571,0.28410011310784355,0.3200350450775724,0.20568658418971675,ok,0.0012715804544547091,higher abundance = better cognition,TRUE,TRUE,TCA / pyruvate / redox metabolism,"TCA /
redox",3,3,12.5,0.19037376735156106,5.727625647188254e-4,Final dx,Final dx,0.95,2.8956561562744905
NFS1,Final cognitive diagnosis,390,0.18775947349999228,0.047791075476248925,3.928755978578144,1.0384219103093757e-4,0.09374900638528151,0.28176994061470306,0.3187662204504269,0.2042043836492975,ok,0.001672405813445626,higher abundance = better cognition,TRUE,TRUE,TCA / pyruvate / redox metabolism,"TCA /
redox",3,3,12.5,0.19076694129482577,5.727625647188254e-4,Final dx,Final dx,0.95,2.7766583314690467
PDK3,Final cognitive diagnosis,390,0.1821530368531417,0.0491336111845558,3.7073000022110723,2.4528424915173686e-4,0.08550164969638598,0.2788044240098974,0.3154438838044776,0.20032333573556083,ok,0.0028559822053706644,higher abundance = better cognition,TRUE,TRUE,TCA / pyruvate / redox metabolism,"TCA /
redox",3,3,12.5,0.183845272953368,0.0012922150463902586,Final dx,Final dx,0.95,2.544244502824926
MRPS23,Final cognitive diagnosis,390,0.17824532619734101,0.048113279014770034,3.704701276805982,2.477112330479531e-4,0.08360104817001675,0.2728896042246653,0.31540585435732743,0.20027891094594719,ok,0.0028559822053706644,higher abundance = better cognition,TRUE,TRUE,Mito translation / ribosome,"Translation /
ribosome",3,3,12.5,0.18805095423395465,5.944509316191332e-4,Final dx,Final dx,0.95,2.544244502824926
BCAT2,Final cognitive diagnosis,382,0.17632124234197885,0.048568107550595326,3.6303914489214555,3.2848445963484265e-4,0.08077478174007315,0.27186770294388457,0.3159681609285713,0.20056401629995602,ok,0.0031601186314328482,higher abundance = better cognition,TRUE,TRUE,Other mitochondrial metabolism,Other mito,3,3,12.5,0.1844910523395946,3.5577836497141584e-4,Final dx,Final dx,0.95,2.5002966135810896
DLD,Final cognitive diagnosis,390,0.17348520536021173,0.048034971206939246,3.611643787873233,3.511242923814276e-4,0.07899496767451067,0.2679754430459128,0.3140589169837023,0.1987054615815621,ok,0.0031601186314328482,higher abundance = better cognition,TRUE,TRUE,TCA / pyruvate / redox metabolism,"TCA /
redox",3,3,12.5,0.1859392800053838,3.409678953479302e-4,Final dx,Final dx,0.95,2.5002966135810896
PTCD3,Final cognitive diagnosis,390,0.1722498504204989,0.04821103099041309,3.572830675509746,4.052576768867861e-4,0.07741328316762339,0.2670864176733744,0.31350572088267625,0.1980592355055888,ok,0.0035033018820490127,higher abundance = better cognition,TRUE,TRUE,Mito translation / ribosome,"Translation /
ribosome",3,3,12.5,0.18540888713471568,0.001068553572026101,Final dx,Final dx,0.95,2.455522437601185
TIMM8B,Final cognitive diagnosis,390,0.17328814449777535,0.04922315574203549,3.5204598706740593,4.907814501465296e-4,0.0764606130380853,0.27011567595746544,0.3127673754607342,0.1971967238865634,ok,0.0039520822038115275,higher abundance = better cognition,TRUE,TRUE,Proteostasis / stress,Proteostasis,3,3,12.5,0.196373090948609,8.789457235858607e-5,Final dx,Final dx,0.95,2.4031740306101064
DAP3,Final cognitive diagnosis,390,0.17084585873739422,0.048824588536605235,3.499176621003289,5.301494846678703e-4,0.07480235418619519,0.26688936328859325,0.31246998304197904,0.19684931952951912,ok,0.004055643557709208,higher abundance = better cognition,TRUE,TRUE,Mito translation / ribosome,"Translation /
ribosome",3,3,12.5,0.19340499820221044,2.0018976920639167e-4,Final dx,Final dx,0.95,2.391940221259133
LRPPRC,Last-valid MMSE,398,0.2788670921162556,0.046783346637501,5.960819653990271,6.2655275949060866e-9,0.1868468163139962,0.370887367918515,0.3310126541869053,0.22114962965454954,ok,1.9172514440412627e-6,higher abundance = better cognition,TRUE,TRUE,Mito translation / ribosome,"Translation /
ribosome",3,3,12.5,0.2449273664609244,1.9172514440412627e-6,MMSE,MMSE,0.95,5.717320926454971
SLIRP,Last-valid MMSE,398,0.23852089839654017,0.047452194394621505,5.026551489125136,8.080825126498837e-7,0.14518503575615113,0.3318567610369292,0.31226329702770084,0.19932119917887747,ok,8.789457235858607e-5,higher abundance = better cognition,TRUE,TRUE,Mito translation / ribosome,"Translation /
ribosome",3,3,12.5,0.21108272716810866,8.789457235858607e-5,MMSE,MMSE,0.95,4.056037942531401
TIMM8B,Last-valid MMSE,398,0.2357261315098136,0.047023574293053955,5.0129352150211535,8.632083347407516e-7,0.1432333410905346,0.32821892192909263,0.31200651935931933,0.1990222527438409,ok,8.789457235858607e-5,higher abundance = better cognition,TRUE,TRUE,Proteostasis / stress,Proteostasis,3,3,12.5,0.196373090948609,8.789457235858607e-5,MMSE,MMSE,0.95,4.056037942531401
PDHA1,Last-valid MMSE,398,0.2361175430118003,0.04897291906567353,4.82139001547289,2.151282572594078e-6,0.13979049838663776,0.33244458763696283,0.308448522116774,0.1948799509687955,ok,1.0971541120229798e-4,higher abundance = better cognition,TRUE,TRUE,TCA / pyruvate / redox metabolism,"TCA /
redox",3,3,12.5,0.22942020360979345,1.0971541120229798e-4,MMSE,MMSE,0.95,3.9597323648589393
IDH2,Last-valid MMSE,398,0.22903213024746846,0.04866877708375988,4.705935590970364,3.6791672030734234e-6,0.13330331621225489,0.32476094428268204,0.306353806641111,0.19244123529771573,ok,1.4072814551755844e-4,higher abundance = better cognition,TRUE,TRUE,TCA / pyruvate / redox metabolism,"TCA /
redox",3,3,12.5,0.2407189342262767,3.985554477024536e-5,MMSE,MMSE,0.95,3.8516190353261286
RPS3,Last-valid MMSE,398,0.22828527231195078,0.04826081524229714,4.7302406966361215,3.289008424531903e-6,0.1333588968337537,0.3232116477901479,0.3067916071985494,0.1929509327208918,ok,1.4072814551755844e-4,higher abundance = better cognition,TRUE,TRUE,Mito translation / ribosome,"Translation /
ribosome",3,3,12.5,0.2215429686710896,5.943517420661474e-5,MMSE,MMSE,0.95,3.8516190353261286
GSTK1,Last-valid MMSE,398,0.22045327052750566,0.047443798697512564,4.646619296508056,4.827433790928435e-6,0.12713392176265237,0.31377261929235895,0.30529253836979275,0.1912056825009023,ok,1.4771947400241012e-4,higher abundance = better cognition,TRUE,TRUE,Proteostasis / stress,Proteostasis,3,3,12.5,0.21676792406648757,1.4771947400241012e-4,MMSE,MMSE,0.95,3.830562247448472
NDUFAF7,Last-valid MMSE,398,0.21823323577589765,0.04742573244578957,4.601578605567162,5.922253386392712e-6,0.1249494223368761,0.3115170492149192,0.3044935393945905,0.190275469617749,ok,1.6474632147601542e-4,higher abundance = better cognition,TRUE,TRUE,TCA / pyruvate / redox metabolism,"TCA /
redox",3,3,12.5,0.23910978036066838,1.525020212372432e-5,MMSE,MMSE,0.95,3.783184273732456
DAP3,Last-valid MMSE,398,0.2212275333207545,0.04874057551598574,4.538878151904406,7.85057918456438e-6,0.12535749570898097,0.31709757093252805,0.30339121446588996,0.1889921177212852,ok,2.0018976920639167e-4,higher abundance = better cognition,TRUE,TRUE,Mito translation / ribosome,"Translation /
ribosome",3,3,12.5,0.19340499820221044,2.0018976920639167e-4,MMSE,MMSE,0.95,3.6985581211161556
PDHX,Last-valid MMSE,398,0.21789396656368062,0.04854796478793132,4.488220412853383,9.835890857245843e-6,0.12240278368530988,0.31338514944205137,0.30250914582348604,0.18796519323144856,ok,2.3152173863978678e-4,higher abundance = better cognition,TRUE,TRUE,TCA / pyruvate / redox metabolism,"TCA /
redox",3,3,12.5,0.20627822141653468,2.3152173863978678e-4,MMSE,MMSE,0.95,3.635408224827188
DLD,Last-valid MMSE,398,0.2103583478326408,0.0479928606279012,4.383117511239714,1.5599838349251708e-5,0.11595902437811056,0.304757671287171,0.30070369980546985,0.18586325167968187,ok,3.409678953479302e-4,higher abundance = better cognition,TRUE,TRUE,TCA / pyruvate / redox metabolism,"TCA /
redox",3,3,12.5,0.1859392800053838,3.409678953479302e-4,MMSE,MMSE,0.95,3.4672865111237168
MRPL48,Last-valid MMSE,398,0.2071819594285943,0.0474862455217742,4.362988843445072,1.7023268816328544e-5,0.11377912008950418,0.3005847987676844,0.30036176328739145,0.1854651613639131,ok,3.472746838531023e-4,higher abundance = better cognition,TRUE,TRUE,Mito translation / ribosome,"Translation /
ribosome",3,3,12.5,0.21910692117747407,7.38697569065562e-5,MMSE,MMSE,0.95,3.4593268753809845
MRPL39,Last-valid MMSE,398,0.20801787910882302,0.04803745415624765,4.330326882690736,1.960098203494274e-5,0.11353084263091225,0.3025049155867338,0.2998095608112201,0.18482227461013012,ok,3.5281767662896933e-4,higher abundance = better cognition,TRUE,TRUE,Mito translation / ribosome,"Translation /
ribosome",3,3,12.5,0.2022597273341876,3.5281767662896933e-4,MMSE,MMSE,0.95,3.452449664271209
BCAT2,Last-valid MMSE,390,0.21074499686861042,0.04882467084636056,4.316362879982827,2.0928139115965638e-5,0.11470237925456603,0.3067876144826548,0.3031003224072501,0.18834139346233625,ok,3.5577836497141584e-4,higher abundance = better cognition,TRUE,TRUE,Other mitochondrial metabolism,Other mito,3,3,12.5,0.1844910523395946,3.5577836497141584e-4,MMSE,MMSE,0.95,3.448820465075058
TUFM,Last-valid MMSE,398,0.20821029555213003,0.04856172938951886,4.287538729975056,2.354684471359233e-5,0.11269203845770955,0.3037285526465505,0.2990911350194152,0.18398586687011087,ok,3.7922813065048697e-4,higher abundance = better cognition,TRUE,TRUE,Mito translation / ribosome,"Translation /
ribosome",3,3,12.5,0.19604557013103416,3.7922813065048697e-4,MMSE,MMSE,0.95,3.421099454738118
NDUFV1,Last-valid MMSE,398,0.19983495259505105,0.04801760362263559,4.161701907607244,4.003740681171262e-5,0.10538696102754305,0.29428294416255907,0.2970113606915075,0.18156454602501015,ok,5.727625647188254e-4,higher abundance = better cognition,TRUE,TRUE,TCA / pyruvate / redox metabolism,"TCA /
redox",3,3,12.5,0.19037376735156106,5.727625647188254e-4,MMSE,MMSE,0.95,3.242025374895965
NFS1,Last-valid MMSE,398,0.19942990134300104,0.04799813537153307,4.154951016311348,4.1179007920961304e-5,0.10502020275717565,0.2938395999288264,0.29690119273550325,0.18143628597065908,ok,5.727625647188254e-4,higher abundance = better cognition,TRUE,TRUE,TCA / pyruvate / redox metabolism,"TCA /
redox",3,3,12.5,0.19076694129482577,5.727625647188254e-4,MMSE,MMSE,0.95,3.242025374895965
MRPS23,Last-valid MMSE,398,0.19990586656284423,0.04839159902419162,4.131003533545328,4.548397078709317e-5,0.10472224656185482,0.29508948656383366,0.2965115588899536,0.18098266533522456,ok,5.944509316191332e-4,higher abundance = better cognition,TRUE,TRUE,Mito translation / ribosome,"Translation /
ribosome",3,3,12.5,0.18805095423395465,5.944509316191332e-4,MMSE,MMSE,0.95,3.225883987986474
PTCD3,Last-valid MMSE,398,0.19215893219969127,0.048624928608125256,3.9518604489546005,9.428413870818538e-5,0.09651636571005565,0.2878014986893269,0.2936551524899505,0.17765717166718564,ok,0.001068553572026101,higher abundance = better cognition,TRUE,TRUE,Mito translation / ribosome,"Translation /
ribosome",3,3,12.5,0.18540888713471568,0.001068553572026101,MMSE,MMSE,0.95,2.971203699562534
PDK3,Last-valid MMSE,398,0.1917054866534411,0.04933279098153183,3.8859647475693753,1.2246482465790034e-4,0.0946705937161994,0.28874037959068277,0.2926306887640188,0.17646446756397505,ok,0.0012922150463902586,higher abundance = better cognition,TRUE,TRUE,TCA / pyruvate / redox metabolism,"TCA /
redox",3,3,12.5,0.183845272953368,0.0012922150463902586,MMSE,MMSE,0.95,2.8886652063958205
PYCR2,Last-valid MMSE,374,0.19553002572024586,0.05054476711350635,3.868452401435582,1.3271742624570393e-4,0.09608799950420259,0.2949720519362891,0.29439866230904044,0.17753344075397537,ok,0.00135371774770618,higher abundance = better cognition,TRUE,TRUE,Other mitochondrial metabolism,Other mito,3,3,12.5,0.19689925303220923,7.697587894312661e-4,MMSE,MMSE,0.95,2.8684718772992857
BCKDHB,Last-valid MMSE,398,0.1850783585537963,0.04814100181032012,3.84450575588397,1.4410194734246302e-4,0.09038764952205443,0.2797690675855382,0.29199346924215874,0.1757226020209296,ok,0.0013860226270293716,higher abundance = better cognition,TRUE,TRUE,TCA / pyruvate / redox metabolism,"TCA /
redox",3,3,12.5,0.21745394473236127,5.4917224726136364e-5,MMSE,MMSE,0.95,2.858229679743126
MRPL47,Last-valid MMSE,398,0.18203115780723142,0.047838190025061796,3.8051430815394083,1.679517558220158e-4,0.08793606294160627,0.27612625267285656,0.2913937482220574,0.17502439309136886,ok,0.0014683782080439094,higher abundance = better cognition,TRUE,TRUE,Mito translation / ribosome,"Translation /
ribosome",3,3,12.5,0.21512176460070642,3.985554477024536e-5,MMSE,MMSE,0.95,2.8331620694121993
HADHB,Last-valid MMSE,398,0.17033102374593886,0.048120196067677284,3.53969928772488,4.561740013499798e-4,0.07568123846835033,0.2649808090235274,0.287485929478264,0.17047482112278822,ok,0.0033235534384069955,higher abundance = better cognition,TRUE,TRUE,TCA / pyruvate / redox metabolism,"TCA /
redox",3,3,12.5,0.18049591496754955,8.143525212767897e-4,MMSE,MMSE,0.95,2.4783973339445415
MRPL9,Last-valid MMSE,390,0.15861402370216085,0.04897633860054839,3.2385847581588068,0.0013218874991830257,0.06227306166781958,0.2549549857365021,0.2866279389370434,0.16915649175601766,ok,0.0067416262458334306,higher abundance = better cognition,TRUE,TRUE,Mito translation / ribosome,"Translation /
ribosome",3,3,12.5,0.19172140442621632,2.3464270706938088e-4,MMSE,MMSE,0.95,2.171235328331143
NDUFAF7,Last-valid cognitive diagnosis,391,0.257141447112585,0.04608440662742628,5.57979294800233,4.983726184223634e-8,0.16648918121988093,0.3477937130052891,0.364873853616908,0.2583856374568687,ok,1.525020212372432e-5,higher abundance = better cognition,TRUE,TRUE,TCA / pyruvate / redox metabolism,"TCA /
redox",3,3,12.5,0.23910978036066838,1.525020212372432e-5,Last dx,Last dx,0.95,4.81672440020989
IDH2,Last-valid cognitive diagnosis,391,0.2442813985779592,0.04757216534013779,5.134964886112784,4.803751095132009e-7,0.15070257447871746,0.33786022267720095,0.3564736759333424,0.24857704674851366,ok,5.4917224726136364e-5,higher abundance = better cognition,TRUE,TRUE,TCA / pyruvate / redox metabolism,"TCA /
redox",3,3,12.5,0.2407189342262767,3.985554477024536e-5,Last dx,Last dx,0.95,4.2602914182047495
BCKDHB,Last-valid cognitive diagnosis,391,0.23657021808279327,0.04627943669476074,5.1117782535493825,5.38404163981729e-7,0.145534310112108,0.32760612605347855,0.3560491245978256,0.24808131315314974,ok,5.4917224726136364e-5,higher abundance = better cognition,TRUE,TRUE,TCA / pyruvate / redox metabolism,"TCA /
redox",3,3,12.5,0.21745394473236127,5.4917224726136364e-5,Last dx,Last dx,0.95,4.2602914182047495
RPS3,Last-valid cognitive diagnosis,391,0.234245667530097,0.04693841369310204,4.99048964589362,9.71162977232267e-7,0.14191349120222602,0.326577843857968,0.3538506971536288,0.24551428709555467,ok,5.943517420661474e-5,higher abundance = better cognition,TRUE,TRUE,Mito translation / ribosome,"Translation /
ribosome",3,3,12.5,0.2215429686710896,5.943517420661474e-5,Last dx,Last dx,0.95,4.225956460023386
LRPPRC,Last-valid cognitive diagnosis,391,0.23276232050242604,0.046323555371451684,5.024707595001937,8.23211209606065e-7,0.14163962703740737,0.32388501396744473,0.3544670826100191,0.24623401861648941,ok,5.943517420661474e-5,higher abundance = better cognition,TRUE,TRUE,Mito translation / ribosome,"Translation /
ribosome",3,3,12.5,0.2449273664609244,1.9172514440412627e-6,Last dx,Last dx,0.95,4.225956460023386
MRPL48,Last-valid cognitive diagnosis,391,0.2247879358982448,0.046061023441752405,4.880220175361624,1.6441984653959332e-6,0.13418166688214722,0.3153942049143424,0.35188518319992357,0.2432192258921263,ok,7.38697569065562e-5,higher abundance = better cognition,TRUE,TRUE,Mito translation / ribosome,"Translation /
ribosome",3,3,12.5,0.21910692117747407,7.38697569065562e-5,Last dx,Last dx,0.95,4.1315333301696855
MRPL47,Last-valid cognitive diagnosis,391,0.22373074073960597,0.0458988271997453,4.874432624737032,1.6898310403460566e-6,0.13344352664757625,0.3140179548316357,0.3517829088626963,0.24309980376183093,ok,7.38697569065562e-5,higher abundance = better cognition,TRUE,TRUE,Mito translation / ribosome,"Translation /
ribosome",3,3,12.5,0.21512176460070642,3.985554477024536e-5,Last dx,Last dx,0.95,4.1315333301696855
PDHA1,Last-valid cognitive diagnosis,391,0.22160263737587144,0.04813522355631659,4.603752117544522,5.905323581033421e-6,0.12691622598492885,0.316289048766814,0.3471008555422777,0.237632735513438,ok,2.0078100175513632e-4,higher abundance = better cognition,TRUE,TRUE,TCA / pyruvate / redox metabolism,"TCA /
redox",3,3,12.5,0.22942020360979345,1.0971541120229798e-4,Last dx,Last dx,0.95,3.6972773832762806
GSTK1,Last-valid cognitive diagnosis,391,0.2163045092892789,0.046855346706819644,4.616431730677952,5.57628738212593e-6,0.12413573336250794,0.3084732852160499,0.3473156793896675,0.23788357773045,ok,2.0078100175513632e-4,higher abundance = better cognition,TRUE,TRUE,Proteostasis / stress,Proteostasis,3,3,12.5,0.21676792406648757,1.4771947400241012e-4,Last dx,Last dx,0.95,3.6972773832762806
MRPL39,Last-valid cognitive diagnosis,391,0.19751370104880805,0.046998814068654554,4.2025252118124845,3.391971685786908e-5,0.10506271162763042,0.2899646904699857,0.3405408526611324,0.2299728519097055,ok,9.435848507734488e-4,higher abundance = better cognition,TRUE,TRUE,Mito translation / ribosome,"Translation /
ribosome",3,3,12.5,0.2022597273341876,3.5281767662896933e-4,Last dx,Last dx,0.95,3.025219040315385
SLIRP,Last-valid cognitive diagnosis,391,0.19641452257668757,0.046991667400165256,4.1797734245964815,3.730979751955181e-5,0.10397759130965689,0.28885145384371824,0.3401830219125332,0.22955502558649088,ok,9.513998367485711e-4,higher abundance = better cognition,TRUE,TRUE,Mito translation / ribosome,"Translation /
ribosome",3,3,12.5,0.21108272716810866,8.789457235858607e-5,Last dx,Last dx,0.95,3.0216369274370347
MRPL9,Last-valid cognitive diagnosis,383,0.19712816239984332,0.04782567594555048,4.121806090608603,4.7698324463281726e-5,0.10304333546140403,0.2912129893382826,0.34029595361488596,0.22933655743390347,ok,0.001122745175828016,higher abundance = better cognition,TRUE,TRUE,Mito translation / ribosome,"Translation /
ribosome",3,3,12.5,0.19172140442621632,2.3464270706938088e-4,Last dx,Last dx,0.95,2.949718802322494
PTCD3,Last-valid cognitive diagnosis,391,0.19181787878395684,0.04762058821078059,4.028045137429279,6.967102319770877e-5,0.0981438024450522,0.28549195512286146,0.3378367925686428,0.22681541647236725,ok,0.0015228095070356346,higher abundance = better cognition,TRUE,TRUE,Mito translation / ribosome,"Translation /
ribosome",3,3,12.5,0.18540888713471568,0.001068553572026101,Last dx,Last dx,0.95,2.8173544205100036
DAP3,Last-valid cognitive diagnosis,391,0.18814160254848256,0.047957246436771496,3.923111031750645,1.0613564380746506e-4,0.09380528851898061,0.2824779165779845,0.3362555426012632,0.22496904674997797,ok,0.0019211884288601777,higher abundance = better cognition,TRUE,TRUE,Mito translation / ribosome,"Translation /
ribosome",3,3,12.5,0.19340499820221044,2.0018976920639167e-4,Last dx,Last dx,0.95,2.716430037740606
MRPS23,Last-valid cognitive diagnosis,391,0.18600166994167872,0.04742886995326869,3.9216972726726307,1.067326904922321e-4,0.09270472104627059,0.27929861883708684,0.33623447277423,0.2249444442573345,ok,0.0019211884288601777,higher abundance = better cognition,TRUE,TRUE,Mito translation / ribosome,"Translation /
ribosome",3,3,12.5,0.18805095423395465,5.944509316191332e-4,Last dx,Last dx,0.95,2.716430037740606
PYCR2,Last-valid cognitive diagnosis,367,0.18923691836283588,0.04895309250945789,3.8656785232980884,1.3472526292456895e-4,0.09291818327392558,0.28555565345174616,0.33363589871934923,0.22080108284754574,ok,0.0019475315646942904,higher abundance = better cognition,TRUE,TRUE,Other mitochondrial metabolism,Other mito,3,3,12.5,0.19689925303220923,7.697587894312661e-4,Last dx,Last dx,0.95,2.710515494753491
NFS1,Last-valid cognitive diagnosis,391,0.185111449041484,0.04742407687588721,3.903322135841172,1.1478807129356353e-4,0.0918239285700706,0.2783989695128974,0.3359611902954751,0.2246253419617823,ok,0.0019475315646942904,higher abundance = better cognition,TRUE,TRUE,TCA / pyruvate / redox metabolism,"TCA /
redox",3,3,12.5,0.19076694129482577,5.727625647188254e-4,Last dx,Last dx,0.95,2.710515494753491
NDUFV1,Last-valid cognitive diagnosis,391,0.1806755845624825,0.04682247805840802,3.8587360612802546,1.367946858755833e-4,0.08857146428983405,0.272779704835131,0.33530249999629674,0.22385621257052624,ok,0.0019475315646942904,higher abundance = better cognition,TRUE,TRUE,TCA / pyruvate / redox metabolism,"TCA /
redox",3,3,12.5,0.19037376735156106,5.727625647188254e-4,Last dx,Last dx,0.95,2.710515494753491
TIMM8B,Last-valid cognitive diagnosis,391,0.18010499683823802,0.04674672661946769,3.852783068734341,1.400186092263869e-4,0.08814988661230864,0.2720601070641674,0.33521502817995663,0.22375407482090748,ok,0.0019475315646942904,higher abundance = better cognition,TRUE,TRUE,Proteostasis / stress,Proteostasis,3,3,12.5,0.196373090948609,8.789457235858607e-5,Last dx,Last dx,0.95,2.710515494753491
PDHX,Last-valid cognitive diagnosis,391,0.18067744943085884,0.04783400159470423,3.777176138465946,1.8774480931353584e-4,0.08658356933965863,0.27477132952205907,0.3341138626309968,0.22246828271284047,ok,0.002297996465997679,higher abundance = better cognition,TRUE,TRUE,TCA / pyruvate / redox metabolism,"TCA /
redox",3,3,12.5,0.20627822141653468,2.3152173863978678e-4,Last dx,Last dx,0.95,2.638650643532367
HADHB,Last-valid cognitive diagnosis,391,0.17495752724329175,0.04726716351238627,3.7014602578689635,2.506550460676594e-4,0.08197866978809566,0.26793638469848785,0.33302942727075185,0.22120202585506965,ok,0.0026364125342360637,higher abundance = better cognition,TRUE,TRUE,TCA / pyruvate / redox metabolism,"TCA /
redox",3,3,12.5,0.18049591496754955,8.143525212767897e-4,Last dx,Last dx,0.95,2.5789866322705928
DLD,Last-valid cognitive diagnosis,391,0.17397428682329888,0.047386122709682156,3.6714184844617312,2.8073876608748256e-4,0.08076142568718676,0.267187147959411,0.3326042790407773,0.22070559528713518,ok,0.0026364125342360637,higher abundance = better cognition,TRUE,TRUE,TCA / pyruvate / redox metabolism,"TCA /
redox",3,3,12.5,0.1859392800053838,3.409678953479302e-4,Last dx,Last dx,0.95,2.5789866322705928
PDK3,Last-valid cognitive diagnosis,391,0.17767729535352123,0.04886970011341428,3.6357353317326875,3.208847180334914e-4,0.08154610103015932,0.27380848967688315,0.33210310110837293,0.22012038752175278,ok,0.002887962462301423,higher abundance = better cognition,TRUE,TRUE,TCA / pyruvate / redox metabolism,"TCA /
redox",3,3,12.5,0.183845272953368,0.0012922150463902586,Last dx,Last dx,0.95,2.5394084560197476
TUFM,Last-valid cognitive diagnosis,391,0.17351479496735897,0.04846156134913949,3.5804623321415128,3.9387126625779604e-4,0.07818644712695771,0.2688431428077602,0.3313349845804,0.21922348498908983,ok,0.0033479057631912662,higher abundance = better cognition,TRUE,TRUE,Mito translation / ribosome,"Translation /
ribosome",3,3,12.5,0.19604557013103416,3.7922813065048697e-4,Last dx,Last dx,0.95,2.4752267750222723
BCAT2,Last-valid cognitive diagnosis,383,0.16640691780819447,0.04804896865847366,3.463277619775671,6.046492217581488e-4,0.07188281937308234,0.2609310162433066,0.33057538440948453,0.21798103010526937,ok,0.00420506049677258,higher abundance = better cognition,TRUE,TRUE,Other mitochondrial metabolism,Other mito,3,3,12.5,0.1844910523395946,3.5577836497141584e-4,Last dx,Last dx,0.95,2.37622775177439
