gene,n_outcomes_tested,n_nominal_better_cognition,n_fdr_better_cognition,best_p,best_q,mean_beta,median_beta,mmse_beta,mmse_p,mmse_q,last_dx_beta,last_dx_p,last_dx_q,final_dx_beta,final_dx_p,final_dx_q,cognition_priority_score,cognition_priority_tier
MRPL47,3,3,3,4.504226413316588e-7,1.3782932824748758e-4,0.24159940930927692,0.25699863712663257,0.18728212902396993,8.449010482354429e-4,0.015006720763988216,0.25699863712663257,3.1682166089678674e-6,9.694742823441674e-4,0.28051746177722825,4.504226413316588e-7,1.3782932824748758e-4,12.5,FDR-supported across multiple cognition outcomes
PDHX,3,3,3,2.95240355730852e-6,4.517177442682035e-4,0.23772125392200583,0.2307527331961977,0.2307527331961977,3.6122815782213683e-05,0.006841172345757768,0.21906182219735523,8.515814751346402e-5,0.0052116786278239985,0.2633492063724645,2.95240355730852e-6,4.517177442682035e-4,12.5,FDR-supported across multiple cognition outcomes
NDUFV1,3,3,3,1.0018995540348558e-5,0.0010219375451155528,0.2193400132210452,0.2101125076233738,0.2101125076233738,1.5080473584930913e-4,0.009229249833977719,0.2029101403861864,2.3496700451797935e-4,0.006528332317891273,0.24499739165357545,1.0018995540348558e-5,0.0010219375451155528,12.5,FDR-supported across multiple cognition outcomes
POLDIP2,3,3,3,1.6647986173692182e-5,0.001273570942287452,0.2160706247154004,0.22251628772397455,0.18541640429954964,9.155949257263572e-4,0.015006720763988216,0.22251628772397455,5.7473353788320834e-5,0.004396711564806544,0.24027918212267696,1.6647986173692182e-5,0.001273570942287452,12.5,FDR-supported across multiple cognition outcomes
NDUFAF7,3,3,3,1.3657310324574063e-5,0.0013766401281050974,0.22069477499217513,0.2370983632276309,0.18152020591568266,0.0012728450851087064,0.017704118001966553,0.24346575583321187,1.3657310324574063e-5,0.002089568479659832,0.2370983632276309,2.5204668199338527e-5,0.0013766401281050974,12.5,FDR-supported across multiple cognition outcomes
NDUFA2,3,3,3,2.6992943688335244e-5,0.0013766401281050974,0.22036042614266885,0.2143841370171979,0.2143841370171979,1.073612314800569e-4,0.008213134208224353,0.21324400145638103,1.0950774296014613e-4,0.0055848948909674526,0.2334531399544276,2.6992943688335244e-5,0.0013766401281050974,12.5,FDR-supported across multiple cognition outcomes
PDHA1,3,3,3,4.741184551770446e-5,0.0020725749612025093,0.22313069595526897,0.22810609782684285,0.20938927187084427,2.114662723634207e-4,0.009294858625871802,0.22810609782684285,4.857417393439974e-5,0.004396711564806544,0.23189671816811974,4.741184551770446e-5,0.0020725749612025093,12.5,FDR-supported across multiple cognition outcomes
COX7A2L,3,3,3,6.537346255920565e-5,0.0025005349428896158,0.1862800150731864,0.178935866209252,0.15632590908085192,0.005321160409603146,0.030570928939406213,0.178935866209252,0.0012873480995201241,0.0143782386717464,0.22357826992945523,6.537346255920565e-5,0.0025005349428896158,12.5,FDR-supported across multiple cognition outcomes
UQCRC2,3,3,3,1.1938990813705474e-4,0.0031089290486794475,0.20859260177874872,0.20570910107227589,0.20570910107227589,2.1355474671097937e-4,0.009294858625871802,0.20433620109788025,2.1619280746849667e-4,0.006528332317891273,0.21573250316609,1.1938990813705474e-4,0.0031089290486794475,12.5,FDR-supported across multiple cognition outcomes
NDUFB1,3,3,3,6.707031711527224e-5,0.0031089290486794475,0.2078924998871581,0.21523764975637533,0.22199035304120104,6.707031711527224e-5,0.006841172345757768,0.18644949686389795,7.988848840233933e-4,0.011901287097625605,0.21523764975637533,1.2406729478394785e-4,0.0031089290486794475,12.5,FDR-supported across multiple cognition outcomes
MRPL44,3,3,3,1.3207868507461704e-4,0.0031089290486794475,0.19329841554396918,0.19920165795473174,0.16654577125851466,0.0029606284476873085,0.023229546281854266,0.19920165795473174,3.299429910013893e-4,0.007211611089030366,0.21414781741866115,1.3207868507461704e-4,0.0031089290486794475,12.5,FDR-supported across multiple cognition outcomes
MRPL9,3,3,3,1.122006521369376e-4,0.0031089290486794475,0.178171387179786,0.1767564904687103,0.14238683231148794,0.010980261415807772,0.0442099999110155,0.1767564904687103,0.0014096312423280786,0.0143782386717464,0.2153708387591598,1.122006521369376e-4,0.0031089290486794475,12.5,FDR-supported across multiple cognition outcomes
MRPL48,3,3,3,1.4367640682697721e-4,0.003140355749218216,0.19268783273643914,0.2079233721795177,0.15426859344796323,0.006403693555284965,0.03212344635929835,0.2079233721795177,2.0692389047818413e-4,0.006528332317891273,0.21587153258183644,1.4367640682697721e-4,0.003140355749218216,12.5,FDR-supported across multiple cognition outcomes
NDUFS4,3,3,3,1.789067370130538e-4,0.003649697435066297,0.19248098931592658,0.19018929533869064,0.19018929533869064,6.190454350033458e-4,0.011993695103516742,0.1774400641968943,0.0014047543533351606,0.0143782386717464,0.20981360841219482,1.789067370130538e-4,0.003649697435066297,12.5,FDR-supported across multiple cognition outcomes
MRPL39,3,3,3,2.1594811278901913e-4,0.004130007657089991,0.19789613828292427,0.19926010804580854,0.18478683559132583,0.0010588073298727063,0.015428335378145148,0.19926010804580854,3.718329362202289e-4,0.007384728996813904,0.2096414712116384,2.1594811278901913e-4,0.004130007657089991,12.5,FDR-supported across multiple cognition outcomes
CS,3,3,3,2.3473407295240045e-4,0.004225213313143208,0.17774697534461506,0.16852340748473063,0.16852340748473063,0.0023932603239101924,0.022497970800938533,0.16028093906017934,0.003772838470882102,0.022976970607473085,0.20443657948893523,2.3473407295240045e-4,0.004225213313143208,12.5,FDR-supported across multiple cognition outcomes
MRPL49,3,3,3,2.773474514136815e-4,0.004934035988864441,0.1860461052084538,0.20041447396265535,0.15509189669361625,0.005484672302898515,0.030570928939406213,0.20041447396265535,2.773474514136815e-4,0.006528332317891273,0.2026319449690898,2.90237411109673e-4,0.004934035988864441,12.5,FDR-supported across multiple cognition outcomes
BCKDHB,3,3,3,1.3431131413552073e-4,0.005871323160781335,0.1914015302097518,0.19127525233918777,0.1662616927821135,0.0037467239139898512,0.027297559944783202,0.21666764550795414,1.3431131413552073e-4,0.005871323160781335,0.19127525233918777,9.140087339881913e-4,0.009276564318373218,12.5,FDR-supported across multiple cognition outcomes
NDUFA6,3,3,3,4.032488878548552e-4,0.006494429457030826,0.16818346398074793,0.15537847580012962,0.15106024134630644,0.006754681578869016,0.03280845338307808,0.15537847580012962,0.005041698483320371,0.026148470099932777,0.19811167479580777,4.032488878548552e-4,0.006494429457030826,12.5,FDR-supported across multiple cognition outcomes
DLD,3,3,3,5.0237703388521216e-5,0.006841172345757768,0.1972403604678807,0.188825167743158,0.2244696417032736,5.0237703388521216e-5,0.006841172345757768,0.17842627195721053,0.0013844596474628915,0.0143782386717464,0.188825167743158,8.04650365354808e-4,0.009276564318373218,12.5,FDR-supported across multiple cognition outcomes
AFG3L2,3,3,3,3.365932537709363e-4,0.007063900967061896,0.1920981727270886,0.19683194796621972,0.1999232073887582,3.365932537709363e-4,0.010804004090460118,0.17953936282628788,0.0013045922242150532,0.0143782386717464,0.19683194796621972,4.616928736641762e-4,0.007063900967061896,12.5,FDR-supported across multiple cognition outcomes
NDUFA8,3,3,3,4.7393785696911087e-4,0.0074109027082576865,0.19146599305030362,0.1945262382307201,0.1945262382307201,4.7393785696911087e-4,0.0118442511639774,0.18466466903870493,8.945411870764343e-4,0.011901287097625605,0.1952070718814858,5.085913623314099e-4,0.0074109027082576865,12.5,FDR-supported across multiple cognition outcomes
NDUFS1,3,3,3,5.393782665009173e-4,0.0075022613431491225,0.17931112969346308,0.17292847685497023,0.17186060000069503,0.0020004804613876644,0.021862393613736618,0.17292847685497023,0.0017487770499013686,0.015514167835401733,0.19314431222472397,5.393782665009173e-4,0.0075022613431491225,12.5,FDR-supported across multiple cognition outcomes
ATAD3A,3,3,3,5.031871409532882e-4,0.009200157941954007,0.19121039512259777,0.19231961627196084,0.19271923390813164,5.031871409532882e-4,0.0118442511639774,0.19231961627196084,5.177714936268495e-4,0.00931988688528329,0.18859233518770083,7.215810150552162e-4,0.009200157941954007,12.5,FDR-supported across multiple cognition outcomes
RPS3,3,3,3,7.865874776650677e-4,0.009276564318373218,0.1812696912061764,0.1950751019468379,0.15337196545287182,0.008757104460069099,0.03734421113324127,0.1950751019468379,7.865874776650677e-4,0.011901287097625605,0.1953620062188195,8.961798955323749e-4,0.009276564318373218,12.5,FDR-supported across multiple cognition outcomes
CYC1,3,3,3,7.328425699498022e-4,0.009276564318373218,0.17451933142740747,0.18968320111974912,0.14393333613764475,0.011159968831685201,0.04435000600643729,0.1899414570248285,7.328425699498022e-4,0.011901287097625605,0.18968320111974912,8.620352061874306e-4,0.009276564318373218,12.5,FDR-supported across multiple cognition outcomes
NDUFS2,3,3,3,0.0010004137990402488,0.009276564318373218,0.1737570829198751,0.17960561985413395,0.15652516784249654,0.005334048300086284,0.030570928939406213,0.17960561985413395,0.001265755478277636,0.0143782386717464,0.18514046106299478,0.0010004137990402488,0.009276564318373218,12.5,FDR-supported across multiple cognition outcomes
ABHD11,3,3,3,8.003662138349398e-4,0.009276564318373218,0.16988480345331192,0.17248690362546434,0.14693836329429283,0.008786873207821474,0.03734421113324127,0.17248690362546434,0.0020544924941217754,0.01637791263660261,0.1902291434401786,8.003662138349398e-4,0.009276564318373218,12.5,FDR-supported across multiple cognition outcomes
TUFM,3,3,3,2.4300283989207324e-4,0.009294858625871802,0.1720383864333707,0.16876817925065818,0.20464543253830847,2.4300283989207324e-4,0.009294858625871802,0.1427015475111454,0.011922545141339221,0.0424220792238349,0.16876817925065818,0.003109323216108782,0.015857548402154788,12.5,FDR-supported across multiple cognition outcomes
DLAT,3,3,3,0.0011364446881309861,0.009935773559088049,0.17509967781545874,0.17278052712401756,0.16858991131519857,0.002569585507174839,0.02281379334156356,0.17278052712401756,0.0019711120567450263,0.016301629442269677,0.1839285950071601,0.0011364446881309861,0.009935773559088049,12.5,FDR-supported across multiple cognition outcomes
NFS1,3,3,3,0.001267338365776535,0.010481230808854587,0.16872771349142884,0.16135261417873936,0.15920769949758234,0.005380202442746091,0.030570928939406213,0.16135261417873936,0.004721808818431338,0.025930380233073747,0.1856228267979648,0.001267338365776535,0.010481230808854587,12.5,FDR-supported across multiple cognition outcomes
RPL11,3,3,3,6.178870469677754e-4,0.011402294067735531,0.18387456664818358,0.18905843869549926,0.19579978483809127,6.178870469677754e-4,0.011993695103516742,0.1667654764109602,0.004305662472065424,0.024398754008370736,0.18905843869549926,0.0014307707110593388,0.011402294067735531,12.5,FDR-supported across multiple cognition outcomes
SLC25A5,3,3,3,8.72401395746074e-4,0.011402294067735531,0.17750134106001791,0.17789655258166623,0.169659812713759,0.0023874096452603417,0.022497970800938533,0.18494765788462852,8.72401395746074e-4,0.011901287097625605,0.17789655258166623,0.0015663265235713528,0.011402294067735531,12.5,FDR-supported across multiple cognition outcomes
MRPS35,3,3,3,0.0014149821333421127,0.011402294067735531,0.17708606139642807,0.1783192758044246,0.18074558513460756,0.0014149821333421127,0.01882541446968202,0.17219332325025208,0.0022182498950745304,0.01696961169732016,0.1783192758044246,0.0017273371723895508,0.011402294067735531,12.5,FDR-supported across multiple cognition outcomes
UQCRC1,3,3,3,0.0010702162681852855,0.011402294067735531,0.17629304060853712,0.17793530549356235,0.16805808954389093,0.002884174310180425,0.023229546281854266,0.18288572678815812,0.0010702162681852855,0.013645257419362391,0.17793530549356235,0.0017510736623415168,0.011402294067735531,12.5,FDR-supported across multiple cognition outcomes
PYCR2,3,3,3,0.001603197892984858,0.011402294067735531,0.17233605640307684,0.1789298588266089,0.15826588050208548,0.005704712467751183,0.03074095009815067,0.1789298588266089,0.001603197892984858,0.015330579851667704,0.17981242988053614,0.0017513327489659149,0.011402294067735531,12.5,FDR-supported across multiple cognition outcomes
NDUFA13,3,3,3,0.0016010415954415091,0.011402294067735531,0.16954936086437417,0.17123282475262053,0.17123282475262053,0.0020919540869236445,0.022073722434435696,0.16047250767592916,0.003829495101245514,0.022976970607473085,0.17694275016457278,0.0016010415954415091,0.011402294067735531,12.5,FDR-supported across multiple cognition outcomes
IMMT,3,3,3,4.8583046554973567e-4,0.0118442511639774,0.16306582711632456,0.15754905844375347,0.1937891989392237,4.8583046554973567e-4,0.0118442511639774,0.13785922396599654,0.013328485061472842,0.045826027290007745,0.15754905844375347,0.005062888498528082,0.022132055436422757,12.5,FDR-supported across multiple cognition outcomes
ATP5D,3,3,3,8.825790697414185e-4,0.011901287097625605,0.17960112953975677,0.18381958852437782,0.18381958852437782,9.317898513587455e-4,0.015006720763988216,0.18562296450363405,8.825790697414185e-4,0.011901287097625605,0.1693608355912584,0.0026671794985622024,0.014631850534993216,12.5,FDR-supported across multiple cognition outcomes
ECHS1,3,3,3,6.271213126021827e-4,0.011993695103516742,0.16071783456202332,0.1537475459545428,0.19126469281046588,6.271213126021827e-4,0.011993695103516742,0.13714126492106127,0.015050767430475558,0.046284252273027585,0.1537475459545428,0.007190243987617491,0.02588487835542297,12.5,FDR-supported across multiple cognition outcomes
LRPPRC,3,3,3,0.0010050075708561113,0.012547527689308986,0.18093683201341396,0.1773165627931042,0.18830254496070742,0.0010050075708561113,0.015376615834098504,0.17719138828643025,0.0019006058979698268,0.016155150132743528,0.1773165627931042,0.002050249622436109,0.012547527689308986,12.5,FDR-supported across multiple cognition outcomes
PDHB,3,3,3,0.002147445029600618,0.012636888058803638,0.1690955117659656,0.17194907246777746,0.17194907246777746,0.0021899446166941975,0.022337435090280813,0.16075731666481585,0.004191694514574813,0.02420110417848854,0.1745801461653035,0.002147445029600618,0.012636888058803638,12.5,FDR-supported across multiple cognition outcomes
GSTK1,3,3,3,0.0017444826399680541,0.013757191869444166,0.17585973346191264,0.1751062821258796,0.17810653337656787,0.0017444826399680541,0.019956901872373038,0.17436638488329048,0.0022875980954211593,0.01707329310241158,0.1751062821258796,0.0024277397416666174,0.013757191869444166,12.5,FDR-supported across multiple cognition outcomes
AIFM1,3,3,3,0.002402758036935168,0.013757191869444166,0.161128696533622,0.16225598164180727,0.15041316725832307,0.00711567105496805,0.03299083852757914,0.16225598164180727,0.0035918782817677304,0.022898224046269282,0.17071694070073568,0.002402758036935168,0.013757191869444166,12.5,FDR-supported across multiple cognition outcomes
ATP5H,3,3,3,0.0028382473676013794,0.015236906920807404,0.15318828882503785,0.14674803224185343,0.14674803224185343,0.008538095993524765,0.03734421113324127,0.14453387717995952,0.009774623498205827,0.03647603402989004,0.16828295705330062,0.0028382473676013794,0.015236906920807404,12.5,FDR-supported across multiple cognition outcomes
IARS2,3,3,3,0.003059633899518384,0.01630922479724095,0.16055405430380099,0.16541947538770352,0.16541947538770352,0.003059633899518384,0.023406199331315637,0.15069514361713113,0.006880332949885109,0.031212581093226,0.16554754390656834,0.0032511853353977063,0.01630922479724095,12.5,FDR-supported across multiple cognition outcomes
UQCRFS1,3,3,3,0.002087381022312097,0.01637791263660261,0.16460686080747097,0.1632608240265053,0.16004021714528618,0.004131727590710619,0.027910527562461124,0.1705195412506214,0.002087381022312097,0.01637791263660261,0.1632608240265053,0.003634925901788932,0.017655354380117668,12.5,FDR-supported across multiple cognition outcomes
DLST,3,3,3,0.0025284193159259756,0.017992937457519734,0.1576571619493012,0.15310184928880108,0.15156640410251873,0.00691857982299882,0.03299083852757914,0.16830323245658382,0.0025284193159259756,0.017992937457519734,0.15310184928880108,0.006716955601821219,0.025692355176966164,12.5,FDR-supported across multiple cognition outcomes
SLIRP,3,3,3,0.003880940716612862,0.01855574780130525,0.1595920358992618,0.16266453670196013,0.16266453670196013,0.004009941046894616,0.027910527562461124,0.1522299272538912,0.006936129131828,0.031212581093226,0.16388164374193404,0.003880940716612862,0.01855574780130525,12.5,FDR-supported across multiple cognition outcomes
PHB,3,3,3,0.0024262517530423905,0.018595490902688878,0.15473386876487658,0.16092775607518567,0.1687901107605451,0.0024262517530423905,0.022497970800938533,0.13448373945889894,0.015711180464792925,0.046284252273027585,0.16092775607518567,0.004033836119846818,0.018595490902688878,12.5,FDR-supported across multiple cognition outcomes
ICT1,3,3,3,0.003399567443314459,0.022133353992643073,0.15965428500273002,0.1574156234329918,0.1570730278542703,0.005344025243777087,0.030570928939406213,0.16447420372092794,0.003399567443314459,0.022133353992643073,0.1574156234329918,0.005819157519129005,0.023994311725310136,12.5,FDR-supported across multiple cognition outcomes
NDUFA10,3,3,3,0.002936401063047316,0.02218644713377038,0.1526340272957378,0.15828392975986447,0.16627616362468378,0.002936401063047316,0.023229546281854266,0.13334198850266518,0.01746341139062317,0.04961487961167799,0.15828392975986447,0.005147835772868292,0.02218644713377038,12.5,FDR-supported across multiple cognition outcomes
MRPS36,3,3,3,0.0026839756872427717,0.02281379334156356,0.1588372757786332,0.1603796688957926,0.1679530524830388,0.0026839756872427717,0.02281379334156356,0.1603796688957926,0.0040621077482048155,0.023903941749051416,0.1481791059570682,0.00863610157917019,0.030375253830184804,12.5,FDR-supported across multiple cognition outcomes
IDH2,3,3,3,0.0026764851809980457,0.02281379334156356,0.1537171053059823,0.1522739257497095,0.17127702097285244,0.0026764851809980457,0.02281379334156356,0.1522739257497095,0.007425489674007656,0.03256308196436841,0.13760036919538493,0.01706928754826451,0.04748365445244491,12.5,FDR-supported across multiple cognition outcomes
MRPS23,3,3,3,0.005880958756203465,0.023994311725310136,0.1544295032193979,0.15408378080281132,0.15408378080281132,0.006279531942543416,0.032025612906971423,0.1533962651267737,0.006153760626820816,0.029422667996987027,0.15580846372860874,0.005880958756203465,0.023994311725310136,12.5,FDR-supported across multiple cognition outcomes
ATP5O,3,3,3,0.0033060971989812,0.02467477421678652,0.14754766518133558,0.14474546074039515,0.16338911431223435,0.0033060971989812,0.02467477421678652,0.13450842049137723,0.015555896200443313,0.046284252273027585,0.14474546074039515,0.009787740369757816,0.03255487557767274,12.5,FDR-supported across multiple cognition outcomes
ETFA,3,3,3,0.004669009561106438,0.029157488279562657,0.14797642072149378,0.1482044130828041,0.15731399590877665,0.004669009561106438,0.029157488279562657,0.1482044130828041,0.007721320463877935,0.03256308196436841,0.13841085317290056,0.014518749861096383,0.04231178530948088,12.5,FDR-supported across multiple cognition outcomes
COX4I1,3,3,3,0.004623548090689607,0.029157488279562657,0.1465923438679128,0.146522059200484,0.15829065749962087,0.004623548090689607,0.029157488279562657,0.13496431490363353,0.01559185726759912,0.046284252273027585,0.146522059200484,0.009697039141332436,0.03255487557767274,12.5,FDR-supported across multiple cognition outcomes
NDUFV2,3,3,3,0.005812007295393373,0.030479423574337947,0.14978683237969503,0.15039417987968665,0.1531712560086843,0.005812007295393373,0.03074095009815067,0.15039417987968665,0.0065341779726432025,0.030479423574337947,0.14579506125071418,0.009246593718792362,0.031540681341685306,12.5,FDR-supported across multiple cognition outcomes
DAP3,3,3,3,0.008419902310866948,0.031540681341685306,0.1480711522997468,0.14879112215631474,0.14643881308681012,0.010139118890850398,0.041367605074669626,0.14898352165611556,0.008419902310866948,0.033460910482146576,0.14879112215631474,0.00927667098284862,0.031540681341685306,12.5,FDR-supported across multiple cognition outcomes
NUDT19,3,3,2,2.738414033637837e-4,0.006528332317891273,0.1753749422459824,0.18740520193206187,0.13599783309273442,0.014590178120466188,0.051913889591426204,0.20272179171315094,2.738414033637837e-4,0.006528332317891273,0.18740520193206187,8.99406959846347e-4,0.009276564318373218,9.5,FDR-supported across multiple cognition outcomes
PPOX,3,3,2,3.8612962074843944e-4,0.007384728996813904,0.17481592525850492,0.19072185849704654,0.13679108467860862,0.01486069916188296,0.052268666017657305,0.19693483259985964,3.8612962074843944e-4,0.007384728996813904,0.19072185849704654,6.835079350852092e-4,0.009093627310264089,9.5,FDR-supported across multiple cognition outcomes
MRPL37,3,3,2,9.541119597660576e-4,0.009276564318373218,0.16819414505597635,0.17830428924213743,0.13892034442369136,0.01408275054392872,0.050697901958143395,0.17830428924213743,0.0014772893123528442,0.014582275147740978,0.18735780150210027,9.541119597660576e-4,0.009276564318373218,9.5,FDR-supported across multiple cognition outcomes
YARS2,3,3,2,9.90799903655529e-4,0.009276564318373218,0.1524738179919888,0.16031705334054047,0.11306708406686718,0.04280152749887089,0.10477813931723594,0.16031705334054047,0.003737577681211353,0.022976970607473085,0.18403731656855876,9.90799903655529e-4,0.009276564318373218,9.5,FDR-supported across multiple cognition outcomes
MRPL15,3,3,2,0.0012430325349340637,0.010481230808854587,0.16497646428162577,0.17537281425176746,0.1359250151797752,0.01651549300995847,0.05678360518030665,0.17537281425176746,0.0017686100410417604,0.015514167835401733,0.18363156341333464,0.0012430325349340637,0.010481230808854587,9.5,FDR-supported across multiple cognition outcomes
TIMM13,3,3,2,3.5307202910000383e-4,0.010804004090460118,0.15669121653272464,0.14095559230288177,0.20121644626868174,3.5307202910000383e-4,0.010804004090460118,0.12790161102661043,0.02498658198736991,0.0647957126113152,0.14095559230288177,0.014255449443130383,0.04194391855382594,9.5,FDR-supported across multiple cognition outcomes
MRPL45,3,3,2,0.0015470785909151158,0.011402294067735531,0.16412534802223813,0.17431132174111566,0.13941018164860794,0.01293096264030484,0.05008701984725672,0.17431132174111566,0.001774496321042682,0.015514167835401733,0.1786545406769908,0.0015470785909151158,0.011402294067735531,9.5,FDR-supported across multiple cognition outcomes
MRPL14,3,3,2,0.0015131215377275785,0.011402294067735531,0.1553657892325806,0.1534443018684852,0.1342107537156564,0.01689969979027455,0.057108587301814125,0.1534443018684852,0.005912991289068322,0.029326581563362437,0.17844231211360015,0.0015131215377275785,0.011402294067735531,9.5,FDR-supported across multiple cognition outcomes
MRPL19,3,3,2,0.001610374143427376,0.011402294067735531,0.15154709046766304,0.16592550811027976,0.11140031738733397,0.04691964037565152,0.11216726527304192,0.16592550811027976,0.002764967129363192,0.01922908958148038,0.17731544590537543,0.001610374143427376,0.011402294067735531,9.5,FDR-supported across multiple cognition outcomes
PDK3,3,3,2,0.001685317017645304,0.011402294067735531,0.14788530774441805,0.14257842711950508,0.12242828976543171,0.030913276391723154,0.08347878858832021,0.14257842711950508,0.011777872248035176,0.04240034009292663,0.17864920634831738,0.001685317017645304,0.011402294067735531,9.5,FDR-supported across multiple cognition outcomes
NDUFA4,3,3,2,0.002002236831144057,0.012503764700613908,0.15567768778559124,0.16586350348984275,0.1259820984097896,0.025793197356110697,0.07376372328009227,0.16586350348984275,0.003204867921067087,0.021319338779272362,0.17518746145714134,0.002002236831144057,0.012503764700613908,9.5,FDR-supported across multiple cognition outcomes
MRPL53,3,3,2,0.0025080007888018986,0.015857548402154788,0.15567503936889301,0.16791881373708034,0.129711342129397,0.021611403628060986,0.0667988839412794,0.1693949622402017,0.0025080007888018986,0.017992937457519734,0.16791881373708034,0.003066517030622745,0.015857548402154788,9.5,FDR-supported across multiple cognition outcomes
PMPCB,3,3,2,0.0030628877407545088,0.015857548402154788,0.1485523097232208,0.14587087022740303,0.1335788554761125,0.016983272694330344,0.057108587301814125,0.14587087022740303,0.008712000027499061,0.03417784626172708,0.1662072034661469,0.0030628877407545088,0.015857548402154788,9.5,FDR-supported across multiple cognition outcomes
RPS16,3,3,2,0.0036153125422769034,0.017655354380117668,0.14595679043027537,0.14904352290241904,0.11917093656580013,0.03820365574099535,0.09557099263593724,0.14904352290241904,0.009304121214220116,0.036038747994320955,0.16965591182260698,0.0036153125422769034,0.017655354380117668,9.5,FDR-supported across multiple cognition outcomes
TIMM44,3,3,2,0.001648960814635578,0.019956901872373038,0.140715002749425,0.1328755069862007,0.17523136809697165,0.001648960814635578,0.019956901872373038,0.11403813316510265,0.041055458865518354,0.09056698364137616,0.1328755069862007,0.01886905631518503,0.049349839593560846,9.5,FDR-supported across multiple cognition outcomes
MRPS9,3,3,2,0.003082539783713092,0.020961270529249024,0.15257434610133744,0.15788028947484534,0.13373425706932396,0.018279676630237312,0.06014603278336148,0.16610849175984305,0.003082539783713092,0.020961270529249024,0.15788028947484534,0.005498478259746286,0.023368532603921716,9.5,FDR-supported across multiple cognition outcomes
SUCLA2,3,3,2,0.004971860260017033,0.022132055436422757,0.14359374285003185,0.1372877981152997,0.1372877981152997,0.01374469741577655,0.050697901958143395,0.13549355880454703,0.014939958887083361,0.046284252273027585,0.15799987163024878,0.004971860260017033,0.022132055436422757,9.5,FDR-supported across multiple cognition outcomes
EEF1B2,3,3,2,0.005633395199512582,0.023613957959600685,0.14619441230358451,0.15106043045201734,0.15106043045201734,0.0066375343960856995,0.03275944395487458,0.12968952540374165,0.020840610537214515,0.055454146299022976,0.15783328105499453,0.005633395199512582,0.023613957959600685,9.5,FDR-supported across multiple cognition outcomes
ATP5L,3,3,2,0.006015020546050582,0.024218372198572077,0.14246859314811441,0.14323239671865085,0.14323239671865085,0.009983839403045806,0.041367605074669626,0.12960348214608125,0.019749674465592355,0.05348141934930319,0.15456990057961112,0.006015020546050582,0.024218372198572077,9.5,FDR-supported across multiple cognition outcomes
MRPS27,3,3,2,0.006361352524739088,0.024956075289361036,0.1424412926157769,0.1410225173213604,0.1328166796184938,0.017654600691580553,0.05872073708286575,0.1410225173213604,0.011358337215987129,0.041376799858238826,0.15348468090747647,0.006361352524739088,0.024956075289361036,9.5,FDR-supported across multiple cognition outcomes
IDH3A,3,3,2,0.007138245970472445,0.02588487835542297,0.1424203975929297,0.14879478336581833,0.12450163241103603,0.026684585410901428,0.07560632533088739,0.14879478336581833,0.007801670368332873,0.03256308196436841,0.15396477700193476,0.007138245970472445,0.02588487835542297,9.5,FDR-supported across multiple cognition outcomes
PTCD3,3,3,2,0.004975037168628306,0.026148470099932777,0.1485151893968893,0.14662346063675608,0.14053463486156648,0.013471375029765057,0.050697901958143395,0.15838747269234535,0.004975037168628306,0.026148470099932777,0.14662346063675608,0.010215444186800949,0.03361210667915151,9.5,FDR-supported across multiple cognition outcomes
MRPL22,3,3,2,0.005149310163402019,0.026261481833350295,0.13648817902369187,0.1338689709684532,0.11887707449440782,0.03504959597169094,0.09166817407980707,0.1567184916082146,0.005149310163402019,0.026261481833350295,0.1338689709684532,0.018299538060417307,0.04853655077480468,9.5,FDR-supported across multiple cognition outcomes
MRPS22,3,3,2,0.008198015343904328,0.029169682502729354,0.14493898337426386,0.14814743893288662,0.1366084416531507,0.015789066089697334,0.05490288890281118,0.14814743893288662,0.008334206795790913,0.033460910482146576,0.1500610695367543,0.008198015343904328,0.029169682502729354,9.5,FDR-supported across multiple cognition outcomes
NIPSNAP1,3,3,2,0.009000715786980104,0.031297943531998995,0.13818468995930133,0.14258907223660974,0.12434279920630352,0.027241290714057204,0.07647555007799545,0.14258907223660974,0.010691990704043816,0.039418664523342264,0.14762219843499075,0.009000715786980104,0.031297943531998995,9.5,FDR-supported across multiple cognition outcomes
GFM1,3,3,2,0.008063467482688822,0.0328989473293704,0.1417045145674655,0.14153085725838452,0.13697704112561165,0.013824089518499108,0.050697901958143395,0.14660564531840034,0.008063467482688822,0.0328989473293704,0.14153085725838452,0.011591298158956527,0.036566363264337085,9.5,FDR-supported across multiple cognition outcomes
ACO2,3,3,2,0.007035269503939429,0.03299083852757914,0.1400479195127002,0.13833959620026315,0.1503041424622635,0.007035269503939429,0.03299083852757914,0.13150001987557397,0.01831464486172566,0.050489020970162626,0.13833959620026315,0.013984142190134309,0.04154512145806892,9.5,FDR-supported across multiple cognition outcomes
SARS2,3,3,2,0.011364912995764581,0.036225660173999606,0.13219484025666484,0.13803464854029052,0.11522592127398476,0.03872811466292882,0.09557099263593724,0.13803464854029052,0.012736263875440709,0.044287463021418824,0.14332395095571923,0.011364912995764581,0.036225660173999606,9.5,FDR-supported across multiple cognition outcomes
TACO1,3,3,2,0.009525507831454108,0.036249240452361164,0.13137665055867706,0.1339962088275439,0.11585956443705839,0.03867302833771683,0.09557099263593724,0.1442741784114289,0.009525507831454108,0.036249240452361164,0.1339962088275439,0.017736392855687066,0.048352609478015916,9.5,FDR-supported across multiple cognition outcomes
PHB2,3,3,2,0.010015645213449683,0.03659871406981314,0.13542792832902611,0.14217522559802814,0.14357353658392244,0.010015645213449683,0.041367605074669626,0.12053502280512772,0.0311937723987149,0.0739945298760214,0.14217522559802814,0.011721156793600286,0.03659871406981314,9.5,FDR-supported across multiple cognition outcomes
NDUFB10,3,2,2,0.0010890642269234584,0.009801578042311125,0.14296003491223336,0.1500640983896895,0.09586184511609092,0.08614618191149714,0.17006923654785888,0.1500640983896895,0.006573993319955243,0.030479423574337947,0.18295416123091965,0.0010890642269234584,0.009801578042311125,8.5,FDR-supported across multiple cognition outcomes
MRPS30,3,2,2,0.002143905722092257,0.012636888058803638,0.1452507738743019,0.1540629439429664,0.10218706276958668,0.07552741087584651,0.15510998475173846,0.1540629439429664,0.007874732239749225,0.03256308196436841,0.1795023149103526,0.002143905722092257,0.012636888058803638,8.5,FDR-supported across multiple cognition outcomes
XPNPEP3,3,2,2,0.002677724280913791,0.014631850534993216,0.13389593595658275,0.16356895498716323,0.06304277327435642,0.2809960051450305,0.4114925604461048,0.16356895498716323,0.004993784029903041,0.026148470099932777,0.17507607960822863,0.002677724280913791,0.014631850534993216,8.5,FDR-supported across multiple cognition outcomes
ACADVL,3,2,2,0.003963538956890514,0.018595490902688878,0.13621808802073435,0.15217585783449591,0.0925268255553795,0.09793798974486523,0.18730640538705476,0.15217585783449591,0.0059419871141453305,0.029326581563362437,0.1639515806723276,0.003963538956890514,0.018595490902688878,8.5,FDR-supported across multiple cognition outcomes
RPS9,3,2,2,0.005028228857538027,0.022132055436422757,0.12363865694202293,0.13664309114785197,0.07658878670889938,0.17389870011590083,0.29237913316189923,0.13664309114785197,0.014396915114450957,0.046284252273027585,0.15768409296931746,0.005028228857538027,0.022132055436422757,8.5,FDR-supported across multiple cognition outcomes
PTPMT1,3,2,2,0.006191990422757877,0.024607130770959877,0.11186667242369694,0.1346940477205003,0.045192355311199514,0.42470576045439157,0.5414998445793492,0.1346940477205003,0.016033106996538968,0.046284252273027585,0.15571361423939098,0.006191990422757877,0.024607130770959877,8.5,FDR-supported across multiple cognition outcomes
MRPS34,3,2,2,0.006636818272402271,0.025692355176966164,0.12515120446563865,0.13661942097817809,0.08686811621921292,0.12111485176582432,0.22060205143060857,0.13661942097817809,0.013887996958760971,0.046284252273027585,0.15196607619952493,0.006636818272402271,0.025692355176966164,8.5,FDR-supported across multiple cognition outcomes
MT-CO2,3,2,2,0.004745429062261862,0.025834040064351742,0.13630030044426455,0.1506809954245976,0.10231740553221622,0.06664174650805081,0.14462676901747196,0.15590250037597989,0.004745429062261862,0.025930380233073747,0.1506809954245976,0.006951184938527599,0.025834040064351742,8.5,FDR-supported across multiple cognition outcomes
PCCB,3,2,2,0.006102640483586824,0.025834040064351742,0.1287715776546638,0.1525006572977827,0.08035278647929843,0.1557828353538966,0.26631032188990145,0.15346128918691024,0.006102640483586824,0.029422667996987027,0.1525006572977827,0.00699272350860548,0.025834040064351742,8.5,FDR-supported across multiple cognition outcomes
MRPS16,3,2,2,0.007696567377469218,0.03256308196436841,0.13095925327273805,0.13763834673905648,0.10474124904286904,0.06637803135001803,0.14462676901747196,0.15049816403628868,0.007696567377469218,0.03256308196436841,0.13763834673905648,0.016177083277987135,0.046263434421159474,8.5,FDR-supported across multiple cognition outcomes
MRPS15,3,2,2,0.008666100686774994,0.03734421113324127,0.13041216088783972,0.13363066226469233,0.14838505619059292,0.008666100686774994,0.03734421113324127,0.13363066226469233,0.01751113398059223,0.04961487961167799,0.1092207642082339,0.05540715997810248,0.10938445776322166,8.5,FDR-supported across multiple cognition outcomes
MRPL3,3,2,2,0.014833321455654743,0.046284252273027585,0.12255778578826897,0.13324153279662088,0.0984740068560838,0.0806220815844288,0.16337984744923983,0.13595781771210222,0.014833321455654743,0.046284252273027585,0.13324153279662088,0.018399476764305044,0.04853655077480468,8.5,FDR-supported across multiple cognition outcomes
SUCLG1,3,3,1,0.007007272305036583,0.025834040064351742,0.13580534917986375,0.12876204318036136,0.12689739221998633,0.02341157563043617,0.06955283633896571,0.12876204318036136,0.020646234190484017,0.05541883914287815,0.15175661213924355,0.007007272305036583,0.025834040064351742,6.5,FDR-supported in one cognition outcome
PPA2,3,3,1,0.004026807931279559,0.027910527562461124,0.13718558569881573,0.12779197021893846,0.15980192725836773,0.004026807931279559,0.027910527562461124,0.123962859619141,0.02526371169559875,0.0649638300743968,0.12779197021893846,0.022839120959138665,0.05775843812806968,6.5,FDR-supported in one cognition outcome
HADHB,3,3,1,0.006218078181550061,0.032025612906971423,0.135770770483155,0.12908219103834037,0.15379385353923167,0.006218078181550061,0.032025612906971423,0.12443626687189299,0.027102791835491007,0.06814226250564472,0.12908219103834037,0.023445784487048434,0.05880663977899033,6.5,FDR-supported in one cognition outcome
CPT2,3,3,1,0.007963832124084193,0.03637212880551886,0.13300833000116952,0.12670476642814288,0.1474555855509205,0.007963832124084193,0.03637212880551886,0.12486463802444515,0.02457006982394401,0.06426018261646894,0.12670476642814288,0.023965686972493034,0.05914113075470055,6.5,FDR-supported in one cognition outcome
NDUFS3,3,3,1,0.008282999216209055,0.037273496472940745,0.12935952891807972,0.12084987410648071,0.14712389659455039,0.008282999216209055,0.037273496472940745,0.12010481605320808,0.030870910702874038,0.07380077089905825,0.12084987410648071,0.03188497522324318,0.0739151698357001,6.5,FDR-supported in one cognition outcome
MRPS33,3,3,1,0.012446285114137028,0.04377658902213713,0.1385297682746137,0.1351814431389916,0.1345474209996648,0.022090677910270497,0.06719865750251057,0.14586044068518467,0.012446285114137028,0.04377658902213713,0.1351814431389916,0.02196967747564594,0.05602267756289714,6.5,FDR-supported in one cognition outcome
ATP5F1A,3,3,1,0.013598821640258935,0.046284252273027585,0.13171076830582362,0.13528893864094937,0.13877354365515926,0.013598821640258935,0.050697901958143395,0.13528893864094937,0.015981908785713223,0.046284252273027585,0.12106982262136222,0.033383330864118016,0.07506585709623904,6.5,FDR-supported in one cognition outcome
MRPS26,3,3,1,0.01413943778201941,0.046284252273027585,0.12905389911010526,0.1277923148077497,0.1277923148077497,0.0221799490449463,0.06719865750251057,0.13663430575601263,0.01413943778201941,0.046284252273027585,0.12273507676655346,0.029709686813848026,0.06993203203874997,6.5,FDR-supported in one cognition outcome
FH,3,3,1,0.017855702192862085,0.048352609478015916,0.12526767459464397,0.12837874802339885,0.12837874802339885,0.021290065843421857,0.0664771443682356,0.11411380427879846,0.041139904333827734,0.09056698364137616,0.1333104714817346,0.017855702192862085,0.048352609478015916,6.5,FDR-supported in one cognition outcome
SDHB,3,2,1,0.005826716031675618,0.03074095009815067,0.12758989445185445,0.11690178986905583,0.15539654634395392,0.005826716031675618,0.03074095009815067,0.11690178986905583,0.03820511613106665,0.08596151129489996,0.11047134714255359,0.052317989235030955,0.10463597847006191,5.5,FDR-supported in one cognition outcome
NSUN4,3,2,1,0.010583965051653597,0.034454184104319156,0.12448902734399878,0.1362873269177941,0.08595625119150643,0.13914128380369536,0.24329847339389019,0.1362873269177941,0.019672752328380377,0.05348141934930319,0.1512235039226958,0.010583965051653597,0.034454184104319156,5.5,FDR-supported in one cognition outcome
HIBCH,3,2,1,0.012523350925680573,0.038028360637885394,0.11798415314890358,0.11677133896347379,0.09463696846485899,0.09398914269227308,0.18088476518135574,0.11677133896347379,0.037217070485302595,0.08498823558584026,0.14254415201837795,0.012523350925680573,0.038028360637885394,5.5,FDR-supported in one cognition outcome
SSBP1,3,2,1,0.012324682201244894,0.038028360637885394,0.11163332109978064,0.11639185118445844,0.11639185118445844,0.03677068689984697,0.09376525159460977,0.0771266874444739,0.16840489931654004,0.2541370383461,0.14138142467040957,0.012324682201244894,0.038028360637885394,5.5,FDR-supported in one cognition outcome
TRUB1,3,2,1,0.015226829754592018,0.043956697216086395,0.11577295969538486,0.10924022093927734,0.10139408904631712,0.0704491178176546,0.14841387908311915,0.10924022093927734,0.04960580987920228,0.10119585215357266,0.1366845691005601,0.015226829754592018,0.043956697216086395,5.5,FDR-supported in one cognition outcome
FOXRED1,3,2,1,0.013508842084586529,0.045930063087594196,0.12298775291392826,0.12364875865856992,0.10765117248209538,0.0555950781160875,0.12914493779622133,0.1376633276011195,0.013508842084586529,0.045930063087594196,0.12364875865856992,0.028837326563565552,0.0689392338160239,5.5,FDR-supported in one cognition outcome
MRPL16,3,2,1,0.01597248460340276,0.046284252273027585,0.1118548967820648,0.12178885208342594,0.0770837282220363,0.1789742987435223,0.29741847167415747,0.13669211004073215,0.01597248460340276,0.046284252273027585,0.12178885208342594,0.03461030742121583,0.0761924753301586,5.5,FDR-supported in one cognition outcome
ACSF3,3,2,1,0.015618228273845286,0.046284252273027585,0.10518896559661174,0.12072824112247814,0.06045816822037676,0.2809569332512152,0.4114925604461048,0.13438048744698033,0.015618228273845286,0.046284252273027585,0.12072824112247814,0.03261790649420476,0.0748834247249063,5.5,FDR-supported in one cognition outcome
MRPL13,3,2,1,0.014665715489597598,0.046284252273027585,0.09059919999319793,0.1150953022623333,0.019276792329644493,0.7335369094425854,0.8222062061883925,0.137425505387616,0.014665715489597598,0.046284252273027585,0.1150953022623333,0.04374249996853608,0.08847211241848012,5.5,FDR-supported in one cognition outcome
TSFM,3,2,1,0.016765453416052917,0.047066318764332045,0.11659315338191713,0.11899711424861291,0.09556412900080924,0.08843063051922487,0.1723552416489351,0.11899711424861291,0.03341351123295969,0.07859793980885814,0.13521821689632924,0.016765453416052917,0.047066318764332045,5.5,FDR-supported in one cognition outcome
SDHA,3,2,1,0.017374358839444534,0.0478968811249552,0.11866867001276435,0.11402234441672564,0.10604553039125268,0.06277723736019053,0.1402177710380898,0.11402234441672564,0.043948159927467145,0.09338983984586768,0.13593813523031473,0.017374358839444534,0.0478968811249552,5.5,FDR-supported in one cognition outcome
PMPCA,3,2,1,0.018099667030153678,0.04853655077480468,0.11403971337919966,0.11070443047121233,0.11070443047121233,0.0489818479604107,0.1152957344298898,0.09757729271310242,0.08121122234777259,0.1506099032631419,0.13383741695328424,0.018099667030153678,0.04853655077480468,5.5,FDR-supported in one cognition outcome
MRPL4,3,2,1,0.014521897251963423,0.046284252273027585,0.0872277857924811,0.12685692420083727,-0.006048610250175083,0.9142876950041086,0.9451757928083014,0.1408750434267811,0.014521897251963423,0.046284252273027585,0.12685692420083727,0.029680738635794898,0.06993203203874997,5,FDR-supported in one cognition outcome
GLS,3,1,1,0.0017609031063858561,0.019956901872373038,0.12140796697014158,0.102722307569229,0.17395882052353046,0.0017609031063858561,0.019956901872373038,0.102722307569229,0.06603433155383377,0.12550624506505054,0.08754277281766529,0.12014499590765912,0.1904889572421953,4.5,FDR-supported in one cognition outcome
RPL23A,3,1,1,0.005494774809370398,0.030570928939406213,0.11328039986465725,0.0945977866333747,0.15575491181435497,0.005494774809370398,0.030570928939406213,0.08948850114624209,0.11048121482718856,0.18473908053070875,0.0945977866333747,0.09675263245767492,0.16726726289292954,4.5,FDR-supported in one cognition outcome
HSPA9,3,3,0,0.012769980206623009,0.05008701984725672,0.12365368904256893,0.1188272793328765,0.13865442492196745,0.012769980206623009,0.05008701984725672,0.11347936287286284,0.04288735108868665,0.09307467683076677,0.1188272793328765,0.03697517428735653,0.07967889670374012,3.5,Nominal across multiple cognition outcomes
MRPS5,3,3,0,0.01816728084879116,0.050489020970162626,0.1290189011801652,0.13121198950833096,0.13121198950833096,0.0201001392123985,0.06349996376031587,0.1328417059315219,0.01816728084879116,0.050489020970162626,0.12300300810064274,0.03068018496293384,0.07166516487525004,3.5,Nominal across multiple cognition outcomes
BCS1L,3,3,0,0.01993020505413816,0.05124909871064098,0.12401618143046286,0.12118128085882313,0.12029346276906226,0.0310999408466291,0.08347878858832021,0.12118128085882313,0.029011092022647633,0.0710191532714414,0.13057380066350321,0.01993020505413816,0.05124909871064098,3.5,Nominal across multiple cognition outcomes
MRPS25,3,3,0,0.025520271470266146,0.0725183508208411,0.12173158315516379,0.12309401679779765,0.12624959594229254,0.025520271470266146,0.07376372328009227,0.12309401679779765,0.029860497396816923,0.0725183508208411,0.11585113672540119,0.04332661885580404,0.08838630246584026,3.5,Nominal across multiple cognition outcomes
SLC25A6,3,2,0,0.018148265650725547,0.050489020970162626,0.12466842298283173,0.13072839309256923,0.1086520287869842,0.05691196649820412,0.12996314737649597,0.13462484706894176,0.018148265650725547,0.050489020970162626,0.13072839309256923,0.02377043410343048,0.059136201915851436,2.5,Nominal across multiple cognition outcomes
MRPS6,3,2,0,0.013926058048419324,0.050697901958143395,0.11962525316871936,0.11249164539635716,0.137660168985226,0.013926058048419324,0.050697901958143395,0.11249164539635716,0.04354797076142382,0.09318656680416566,0.1087239451245749,0.053732575398032514,0.10676732514154513,2.5,Nominal across multiple cognition outcomes
SHMT2,3,2,0,0.022621154363947894,0.059673045132483234,0.09616868465208285,0.11613622009151313,0.045622948842783353,0.41722663380213254,0.5386976790862977,0.12674688502195205,0.022621154363947894,0.059673045132483234,0.11613622009151313,0.03901793941707921,0.08270306393019136,2.5,Nominal across multiple cognition outcomes
MIPEP,3,2,0,0.020129073479577254,0.06349996376031587,0.11211530003338077,0.11553693410640455,0.12977548724165713,0.020129073479577254,0.06349996376031587,0.09103347875208063,0.10285721698300862,0.17659489286676072,0.11553693410640455,0.040951905549792174,0.08524682379752657,2.5,Nominal across multiple cognition outcomes
FASTKD5,3,2,0,0.02626663997961631,0.06379041137906817,0.1160112105079231,0.12064835133114195,0.12064835133114195,0.03081072730660548,0.08347878858832021,0.10256187669480303,0.06533965783772024,0.12496209561463996,0.12482340349782431,0.02626663997961631,0.06379041137906817,2.5,Nominal across multiple cognition outcomes
MRPS31,3,2,0,0.026252952001869292,0.06379041137906817,0.11474390328966898,0.11658524414161806,0.10224643309061243,0.06883572766386409,0.1483361455291719,0.11658524414161806,0.03647933733402004,0.08392990394142957,0.12540003263677643,0.026252952001869292,0.06379041137906817,2.5,Nominal across multiple cognition outcomes
LYRM7,3,2,0,0.027291564671817366,0.06575762826437885,0.08354549871638045,0.11832807174419971,0.007673077369238744,0.8914604519468887,0.9247013501550778,0.11832807174419971,0.033648137630589596,0.07859793980885814,0.12463534703570289,0.027291564671817366,0.06575762826437885,2.5,Nominal across multiple cognition outcomes
SLC25A13,3,2,0,0.027561053285331656,0.06814226250564472,0.10837041431581237,0.11699641859592157,0.08557419607583772,0.12750366655028728,0.2295065997905171,0.12254062827567783,0.027561053285331656,0.06814226250564472,0.11699641859592157,0.03749060553506855,0.08022465240371313,2.5,Nominal across multiple cognition outcomes
RPS15A,3,2,0,0.027579457541732726,0.06814226250564472,0.09169989182878634,0.11850697268623335,0.030090747487507962,0.5976858932283942,0.7116415693692164,0.1265019553126177,0.027579457541732726,0.06814226250564472,0.11850697268623335,0.04060131611240089,0.08509590911229228,2.5,Nominal across multiple cognition outcomes
GADD45GIP1,3,2,0,0.03083777967860876,0.07380077089905825,0.10245884707715146,0.11656774604692641,0.07047388610485844,0.21053762998077885,0.3338057760317012,0.12033490907966951,0.03083777967860876,0.07380077089905825,0.11656774604692641,0.0391893603590776,0.08270306393019136,2.5,Nominal across multiple cognition outcomes
ME2,3,2,0,0.03279208795142956,0.0748834247249063,0.11284291931144727,0.11722726349331479,0.09739291859444617,0.08506871586820634,0.16903264321864378,0.11722726349331479,0.04042050988747449,0.09028230675596492,0.12390857584658085,0.03279208795142956,0.0748834247249063,2.5,Nominal across multiple cognition outcomes
FLAD1,3,2,0,0.035991901224239974,0.07811008350792505,0.09977838117151192,0.11738714518951032,0.0617693845882464,0.2837416021376736,0.4114925604461048,0.11738714518951032,0.03784358763368351,0.0857787986363493,0.120178613736779,0.035991901224239974,0.07811008350792505,2.5,Nominal across multiple cognition outcomes
RPS6,3,1,0,0.01904917052427492,0.062011129579022606,0.1054320994023423,0.09224576341258918,0.13238945350795361,0.01904917052427492,0.062011129579022606,0.09224576341258918,0.1038722872512257,0.17659489286676072,0.09166108128648409,0.11534398876848954,0.18774074767637128,1.5,Nominal in one cognition outcome
ETFB,3,1,0,0.020062231902965348,0.06349996376031587,0.103228371797638,0.09190105927694818,0.12939290581727927,0.020062231902965348,0.06349996376031587,0.08839115029868652,0.1136570467092414,0.18901661028819494,0.09190105927694818,0.10473726991741864,0.17805335885961168,1.5,Nominal in one cognition outcome
RPS8,3,1,0,0.022506253185793756,0.06751875955738126,0.08592355714202302,0.06387569200415946,0.13221932668374317,0.022506253185793756,0.06751875955738126,0.06387569200415946,0.2696404257303903,0.3586831683633083,0.06167565273816643,0.29269470651381857,0.3890142671789322,1.5,Nominal in one cognition outcome
ACAD9,3,1,0,0.026571050850566023,0.06775617966894336,0.11192836686931472,0.10591654804317817,0.10591654804317817,0.062343998360209485,0.1402177710380898,0.12553340518101028,0.026571050850566023,0.06775617966894336,0.10433514738375572,0.07327519465650877,0.13346553312435525,1.5,Nominal in one cognition outcome
GRSF1,3,1,0,0.027613204414052104,0.06814226250564472,0.10865324049373085,0.10725523027115823,0.09255914840065332,0.10866750321492723,0.20275765843760812,0.126145342809381,0.027613204414052104,0.06814226250564472,0.10725523027115823,0.0648794578175937,0.1214138272639831,1.5,Nominal in one cognition outcome
NDUFA9,3,1,0,0.02384835892396549,0.07016920991089846,0.10234456334701288,0.09084419439852719,0.1271410315459494,0.02384835892396549,0.07016920991089846,0.09084419439852719,0.10663843029107037,0.18028375507772115,0.08904846409656202,0.1161175504467748,0.18799984358049254,1.5,Nominal in one cognition outcome
MRPS2,3,1,0,0.025661148234011572,0.07376372328009227,0.09994416646294002,0.0902618003146306,0.12710134780376436,0.025661148234011572,0.07376372328009227,0.0824693512704251,0.14728174893812554,0.23109353328177976,0.0902618003146306,0.11703927437008513,0.18849483135392656,1.5,Nominal in one cognition outcome
ABHD10,3,1,0,0.03321679881314725,0.07506585709623904,0.10351908036451618,0.10605820763298511,0.08412868553900461,0.13361087854623452,0.23909315108273546,0.10605820763298511,0.056925489700750925,0.1116615374899345,0.12037034792155882,0.03321679881314725,0.07506585709623904,1.5,Nominal in one cognition outcome
SAMM50,3,1,0,0.0338532296708529,0.07506585709623904,0.09278845190899893,0.10635554769324924,0.051853556840155954,0.3576978791538231,0.48864085277263336,0.10635554769324924,0.057568934742291994,0.11192907568477688,0.12015625119359159,0.0338532296708529,0.07506585709623904,1.5,Nominal in one cognition outcome
PGAM5,3,1,0,0.035765963450896464,0.07811008350792505,0.09392557020646375,0.09943744956080926,0.06408070983283336,0.25444760706408265,0.39126114453069993,0.09943744956080926,0.07451925110664204,0.14075858542365718,0.11825855122574865,0.035765963450896464,0.07811008350792505,1.5,Nominal in one cognition outcome
POLRMT,3,1,0,0.03438157633209003,0.07970274513348144,0.1004681555974468,0.10663393526985382,0.07651263565570647,0.17979472088747925,0.29741847167415747,0.11825789586678014,0.03438157633209003,0.07970274513348144,0.10663393526985382,0.05938422062654351,0.11574249370523768,1.5,Nominal in one cognition outcome
HADHA,3,1,0,0.029081931094694292,0.08090064468160411,0.08632395573419165,0.07844539187106564,0.12306942626392568,0.029081931094694292,0.08090064468160411,0.07844539187106564,0.16521770373901748,0.2541370383461,0.05745704906758363,0.31634873245515566,0.4154622838252259,1.5,Nominal in one cognition outcome
GPT2,3,1,0,0.02961547169455578,0.08164265169850511,0.09340874647556742,0.08404222397173292,0.12188991082840107,0.02961547169455578,0.08164265169850511,0.07429410462656828,0.18456603375993236,0.27283674555816084,0.08404222397173292,0.13760369447674223,0.2105336525494156,1.5,Nominal in one cognition outcome
RPS10,3,1,0,0.04133419852165866,0.08546124829478075,0.09909746693577037,0.10686591689799807,0.07422880583558122,0.18998224990338922,0.30759030936739207,0.10686591689799807,0.057793444307825965,0.11192907568477688,0.11619767807373182,0.04133419852165866,0.08546124829478075,1.5,Nominal in one cognition outcome
HSD17B10,3,1,0,0.04219922982003423,0.08666419010020453,0.10858274765189917,0.10845194356063406,0.10202929767022773,0.07081185080436404,0.14841387908311915,0.10845194356063406,0.05309749462297468,0.10619498924594936,0.11526700172483571,0.04219922982003423,0.08666419010020453,1.5,Nominal in one cognition outcome
RPS11,3,1,0,0.04394693165885287,0.08847211241848012,0.1028383590502557,0.10778613259940069,0.10778613259940069,0.0586135880090656,0.13285746615388203,0.08465023670171876,0.13760970577669202,0.2193154685816029,0.11607870784964767,0.04394693165885287,0.08847211241848012,1.5,Nominal in one cognition outcome
ECI2,3,1,0,0.033682264472940655,0.08899173505083956,0.10142250301789385,0.09577000340540291,0.11983828054505083,0.033682264472940655,0.08899173505083956,0.09577000340540291,0.0886897363473015,0.1577852286178736,0.08865922510322782,0.12136921510563976,0.19143804032126685,1.5,Nominal in one cognition outcome
RPL31,3,1,0,0.03373542897352088,0.08899173505083956,0.07853390802037427,0.08154064505149439,0.11870643923894282,0.03373542897352088,0.08899173505083956,0.08154064505149439,0.14441451013353865,0.22896808342415972,0.0353546397706856,0.531623118480482,0.6209033368512501,1.5,Nominal in one cognition outcome
CPOX,3,1,0,0.04353234708795108,0.09318656680416566,0.07243078955736242,0.07340621052377506,0.031947196250029584,0.5684074318752234,0.6858022358262276,0.1119389618982826,0.04353234708795108,0.09318656680416566,0.07340621052377506,0.19138139765911402,0.27317220805317494,1.5,Nominal in one cognition outcome
TIMM8B,3,1,0,0.03637565170186891,0.09353739009052006,0.093337281148609,0.09264625718027997,0.11923311021708238,0.03637565170186891,0.09353739009052006,0.06813247604846462,0.231624445262713,0.31783444058470933,0.09264625718027997,0.10887658780866664,0.180222502762554,1.5,Nominal in one cognition outcome
ALDH5A1,3,1,0,0.0378239101690541,0.09557099263593724,0.09503334799233988,0.09848642091023678,0.11585428475513604,0.0378239101690541,0.09557099263593724,0.07075933831164682,0.20353403522847988,0.29103464850427496,0.09848642091023678,0.08047137951150324,0.14400141596795316,1.5,Nominal in one cognition outcome
RPL9,3,1,0,0.04827802689957506,0.1004971172195236,0.0913712685431706,0.1071122696435323,0.05429190023191838,0.34526431745589503,0.47805828570816233,0.11270963575406111,0.04827802689957506,0.1004971172195236,0.1071122696435323,0.06395359766429261,0.1214138272639831,1.5,Nominal in one cognition outcome
IDH3G,3,1,0,0.049362672214269106,0.10119585215357266,0.10517563063799132,0.10586650895482841,0.10044709610053255,0.0720501126902455,0.14896847623794002,0.109213286858613,0.049362672214269106,0.10119585215357266,0.10586650895482841,0.06295990525511602,0.1214138272639831,1.5,Nominal in one cognition outcome
OGDH,3,1,0,0.04330928201056529,0.10517968488280141,0.09394660879967334,0.09573404246724221,0.1144758768101958,0.04330928201056529,0.10517968488280141,0.09573404246724221,0.08957564596122358,0.1584401599082914,0.071629907121582,0.21003891004206302,0.29347902499027984,1.5,Nominal in one cognition outcome
FAHD1,3,1,0,0.04586962743499752,0.11052051964652947,0.08148723858878941,0.07417042141385112,0.1115923305574883,0.04586962743499752,0.11052051964652947,0.05869896379502882,0.29453317731123085,0.3851587703300711,0.07417042141385112,0.19193472134455103,0.27317220805317494,1.5,Nominal in one cognition outcome
DNAJA3,3,1,0,0.04870653120837729,0.1152957344298898,0.044279520849233645,0.01690267022591852,0.11019282948116459,0.04870653120837729,0.1152957344298898,0.01690267022591852,0.7627196834409377,0.8165058986542203,0.005743062840617831,0.9198079573484285,0.9413419229050806,1.5,Nominal in one cognition outcome
PC,3,0,0,0.05116695565595024,0.10316087662496795,0.09276682456529771,0.09016713442511065,0.07975248911912546,0.15439354444516273,0.26541811573157187,0.10838085015165702,0.05116695565595024,0.10316087662496795,0.09016713442511065,0.11013597391044966,0.180222502762554,0.5,Not cognition-prioritized
PPIF,3,0,0,0.05389940629027116,0.10682330707197343,0.10501661636926922,0.10466412618270003,0.10145976090867956,0.07131668255877484,0.14845513512234762,0.10892596201642808,0.05389940629027116,0.10682330707197343,0.10466412618270003,0.06683657880365206,0.12320477779468392,0.5,Not cognition-prioritized
SUPV3L1,3,0,0,0.05410984508547674,0.10682330707197343,0.08205128513528442,0.0754996585421116,0.06297643228595555,0.2628337556119157,0.3981541050358723,0.1076777645777861,0.05410984508547674,0.10682330707197343,0.0754996585421116,0.18170584646715837,0.26351653563483635,0.5,Not cognition-prioritized
LONP1,3,0,0,0.05730567742281847,0.11240729032937469,0.09680999471709685,0.09288452425807267,0.08907434607883742,0.11340796898989866,0.21032023339944841,0.09288452425807267,0.09878057965170732,0.17371757111162323,0.10847111381438045,0.05730567742281847,0.11240729032937469,0.5,Not cognition-prioritized
MRPS12,3,0,0,0.06197957018307576,0.11928143695610807,0.09324440779042316,0.0908603649818459,0.08400499614457584,0.13800914633478636,0.2427057401060036,0.10486786224484773,0.06197957018307576,0.11928143695610807,0.0908603649818459,0.10983645911896998,0.180222502762554,0.5,Not cognition-prioritized
DHX30,3,0,0,0.0650391018806353,0.1214138272639831,0.08223403177248964,0.09130642108517213,0.05183442681152243,0.3542656239712182,0.4861223360322545,0.09130642108517213,0.09978713664406924,0.17435640351295525,0.10356124742077437,0.0650391018806353,0.1214138272639831,0.5,Not cognition-prioritized
NDUFAF3,3,0,0,0.06382134548031669,0.1214138272639831,0.0821356590927865,0.09694551458701949,0.04436191473575577,0.4295382912926632,0.5453888677823856,0.09694551458701949,0.08367635300569813,0.15241050011752158,0.10509954795558424,0.06382134548031669,0.1214138272639831,0.5,Not cognition-prioritized
DCXR,3,0,0,0.06507146297808244,0.1214138272639831,0.07840755438100655,0.08037119058248891,0.051185709301898696,0.3601401871068448,0.489790654465309,0.08037119058248891,0.14802069452035566,0.23109353328177976,0.10366576325863205,0.06507146297808244,0.1214138272639831,0.5,Not cognition-prioritized
CECR5,3,0,0,0.06359894017531663,0.1214138272639831,0.0752382786876323,0.09517480435714866,0.02654009418441867,0.6352778327401105,0.7448084935573709,0.09517480435714866,0.08594820718202369,0.15495254488099672,0.10399993752132958,0.06359894017531663,0.1214138272639831,0.5,Not cognition-prioritized
MRPL10,3,0,0,0.0658546843720874,0.12213050556278027,0.08324468127175974,0.09711509241700643,0.04688383801231226,0.41335069205258435,0.537210079960051,0.09711509241700643,0.08715543252660889,0.15596235294235275,0.10573511338596052,0.0658546843720874,0.12213050556278027,0.5,Not cognition-prioritized
ATP5F1,3,0,0,0.055709581010134686,0.12914493779622133,0.09045718203605617,0.08764359024439212,0.10682375961628517,0.055709581010134686,0.12914493779622133,0.07690419624749122,0.16855970058360725,0.2541370383461,0.08764359024439212,0.12233739960368699,0.19197561168578572,0.5,Not cognition-prioritized
PNPT1,3,0,0,0.05632786717105103,0.12959644627324524,0.10420627310688266,0.10179763106959668,0.10935911474400128,0.05632786717105103,0.12959644627324524,0.10179763106959668,0.07567744117502699,0.14206930674575619,0.10146207350705,0.08000579712832068,0.14400141596795316,0.5,Not cognition-prioritized
QRSL1,3,0,0,0.07710185710267543,0.13960454599656025,0.07416183615041301,0.09115097246346537,0.03149847098154886,0.5751631573694368,0.6901957888433241,0.09115097246346537,0.10258472852840406,0.17659489286676072,0.0998360650062248,0.07710185710267543,0.13960454599656025,0.5,Not cognition-prioritized
TAMM41,3,0,0,0.06344492496235761,0.1406822249165321,0.08805008887382218,0.09193038124731787,0.10363890199416856,0.06344492496235761,0.1406822249165321,0.0685809833799801,0.2221205021541661,0.30660345973998826,0.09193038124731787,0.10238015670379981,0.17501859190705443,0.5,Not cognition-prioritized
HADH,3,0,0,0.0658844751640013,0.14462676901747196,0.07999519994996906,0.07899952922850878,0.10406812857600992,0.0658844751640013,0.14462676901747196,0.0569179420453885,0.31611831469592566,0.40519242789112175,0.07899952922850878,0.1687241863313992,0.24585524294003883,0.5,Not cognition-prioritized
P4HB,3,0,0,0.06933980535789318,0.14837748559101618,0.09235840237286383,0.08818763796514834,0.10408264847228337,0.06933980535789318,0.14837748559101618,0.08818763796514834,0.12241772000860712,0.2013968942077085,0.0848049206811598,0.1433536417238925,0.2173344890326188,0.5,Not cognition-prioritized
GRPEL1,3,0,0,0.07058797703756782,0.14841387908311915,0.0754881876016331,0.06782907497733845,0.10117573030459685,0.07058797703756782,0.14841387908311915,0.057459757522964,0.3043490813533323,0.39462211395813424,0.06782907497733845,0.2298050785072534,0.31675835145594383,0.5,Not cognition-prioritized
PDK1,3,0,0,0.08602160624327192,0.15215382375977576,0.06752899109872702,0.09147424711831341,0.013214805953149153,0.8142187292841625,0.8835139402870699,0.09147424711831341,0.10387934874515337,0.17659489286676072,0.09789792022471851,0.08602160624327192,0.15215382375977576,0.5,Not cognition-prioritized
MT-ATP6,3,0,0,0.0833794075487698,0.15241050011752158,0.07690254670702333,0.0863901431043682,0.04653492023942942,0.4143188851979478,0.537210079960051,0.09778257677727237,0.0833794075487698,0.15241050011752158,0.0863901431043682,0.1320240150520158,0.20403711417129713,0.5,Not cognition-prioritized
NFU1,3,0,0,0.0909260008792903,0.1599043463739243,0.08750429767603778,0.09126291857386401,0.09126291857386401,0.10184290942968183,0.19294467081948738,0.07645523304615463,0.1685941790335239,0.2541370383461,0.09479474140809468,0.0909260008792903,0.1599043463739243,0.5,Not cognition-prioritized
MTHFD1L,3,0,0,0.09184137190115818,0.16059119886716802,0.061320217949619026,0.06020386941121091,0.026387282979588037,0.6409644251758503,0.7457608901285558,0.06020386941121091,0.2843446505932091,0.37504078914449135,0.09736950145805813,0.09184137190115818,0.16059119886716802,0.5,Not cognition-prioritized
RPL23,3,0,0,0.08198937606985139,0.16505755971956923,0.08227102841849555,0.0749986784346981,0.09927155248034626,0.08198937606985139,0.16505755971956923,0.0725428543404423,0.2073616179936793,0.29506689411335185,0.0749986784346981,0.19448986823405326,0.2755273133315755,0.5,Not cognition-prioritized
ALDH18A1,3,0,0,0.09895541531515224,0.17011436565413812,0.08769905386839652,0.08664379640194814,0.08124690117567937,0.14969753727540575,0.25879913223883705,0.08664379640194814,0.12350356450198384,0.2020967419123372,0.09520646402756205,0.09895541531515224,0.17011436565413812,0.5,Not cognition-prioritized
HAGH,3,0,0,0.08766919565461133,0.17196649916866066,0.03733898628498349,0.008652274217395983,0.09537636869681618,0.08766919565461133,0.17196649916866066,0.008652274217395983,0.8777513091291727,0.9135778931752614,0.00798831594073831,0.8874784666947255,0.9268688643270014,0.5,Not cognition-prioritized
OAT,3,0,0,0.10028342162836643,0.17435640351295525,0.08072723339420326,0.09167577497372499,0.058021986690049196,0.3057069736193076,0.43713240153041183,0.0924839385188356,0.10028342162836643,0.17435640351295525,0.09167577497372499,0.10772173528319917,0.180222502762554,0.5,Not cognition-prioritized
ACOT13,3,0,0,0.09228337378283734,0.17872602770600143,0.06946737138651761,0.06264462487024576,0.09495122173171475,0.09228337378283734,0.17872602770600143,0.06264462487024576,0.2656100674754449,0.3549200028274504,0.05080626755759232,0.37278361031601637,0.47529910315292084,0.5,Not cognition-prioritized
MTO1,3,0,0,0.10943900011286481,0.180222502762554,0.08343261017632128,0.09041812422399385,0.06316501745749008,0.29086036665103343,0.4198267556378124,0.09041812422399385,0.1314582612716346,0.2117169892058957,0.0967146888474799,0.10943900011286481,0.180222502762554,0.5,Not cognition-prioritized
KIAA0391,3,0,0,0.10997489703260076,0.18473908053070875,0.08690440901066332,0.08814303715138706,0.07788810526419503,0.1915239999745545,0.30845444206428246,0.094682084616407855,0.10997489703260076,0.18473908053070875,0.08814303715138706,0.14562850264238264,0.21844275396357396,0.5,Not cognition-prioritized
BCAT2,3,0,0,0.11774714513121376,0.18864202308979797,0.07857890519291477,0.08709016345261972,0.05796650150138313,0.31058106300076715,0.43916912350383425,0.08709016345261972,0.1267536412416373,0.20522018105788895,0.09068005062474145,0.11774714513121376,0.18864202308979797,0.5,Not cognition-prioritized
TBRG4,3,0,0,0.11848763374523036,0.18887454612743626,0.08390448982479484,0.08770124091625328,0.08770124091625328,0.11848763374523036,0.21841696340988248,0.07564978150202573,0.1777174032560593,0.26527573364075197,0.08836244705610552,0.11850951913878353,0.18887454612743626,0.5,Not cognition-prioritized
GLDC,3,0,0,0.11665590517917847,0.19295517289096548,0.07747582469711643,0.08138820932702663,0.062314082013900596,0.272442650794619,0.4066704933812362,0.08872518275042209,0.11665590517917847,0.19295517289096548,0.08138820932702663,0.1553256883409836,0.23072650792398533,0.5,Not cognition-prioritized
PDK2,3,0,0,0.12873744333155976,0.20098804928294534,0.07866339607338386,0.08065540540880063,0.0689614668255038,0.22136751471342217,0.3473767153964471,0.08065540540880063,0.15216964149294857,0.23636502688752417,0.08637331598584717,0.12873744333155976,0.20098804928294534,0.5,Not cognition-prioritized
HARS2,3,0,0,0.1301962339934603,0.20223374417258302,0.06912983552547167,0.07109906325927312,0.0495385208518132,0.3772179189298692,0.5062661543532455,0.07109906325927312,0.21001555110103085,0.2961509614604398,0.0867519224653287,0.1301962339934603,0.20223374417258302,0.5,Not cognition-prioritized
MCCC2,3,0,0,0.1260240684109876,0.2051242815625649,0.06892968650390416,0.06370350309137288,0.05711395922097375,0.31143692745206547,0.43916912350383425,0.08597159719936585,0.1260240684109876,0.2051242815625649,0.06370350309137288,0.26437464623236273,0.35638168170529955,0.5,Not cognition-prioritized
TARS2,3,0,0,0.1343722903445178,0.2066227178161932,0.07086445372442521,0.06990270799102585,0.05807994418684467,0.30261921919610224,0.43474873743665393,0.06990270799102585,0.21316090182659317,0.2992075043987959,0.08461070899540508,0.1343722903445178,0.2066227178161932,0.5,Not cognition-prioritized
AARS2,3,0,0,0.14346917249865684,0.2173344890326188,0.0748839179406399,0.07230775250970627,0.06942402504092533,0.21538890465094165,0.33973713826385643,0.07230775250970627,0.1960894173060962,0.2849532911733747,0.08291997627128808,0.14346917249865684,0.2173344890326188,0.5,Not cognition-prioritized
LETM1,3,0,0,0.11929619067991691,0.21859062483865016,0.03856131910108871,0.025001821383805523,0.08751546311116286,0.11929619067991691,0.21859062483865016,0.00316667280829775,0.9555469946886241,0.968203246273904,0.025001821383805523,0.66267557641482,0.7427792175199082,0.5,Not cognition-prioritized
ZADH2,3,0,0,0.14882768573172991,0.22215254553126515,0.06884298435079195,0.07535000559274914,0.07535000559274914,0.18068401444469373,0.29741847167415747,0.04921484339499128,0.38080642247975205,0.47578388490687895,0.08196410406463543,0.14882768573172991,0.22215254553126515,0.5,Not cognition-prioritized
CBR4,3,0,0,0.15909773417249864,0.23424769487242747,0.0691600350105023,0.07272070920297224,0.052424552641279695,0.3517132325916815,0.4847939151939394,0.07272070920297224,0.19315640308699697,0.2828031547589525,0.08233484318725497,0.15909773417249864,0.23424769487242747,0.5,Not cognition-prioritized
POLG,3,0,0,0.1379992821868879,0.2427057401060036,0.07916348004089868,0.07772977354890674,0.09057770120287836,0.1379992821868879,0.2427057401060036,0.07772977354890674,0.22243780412508954,0.30660345973998826,0.06918296537091094,0.2819619789931812,0.3767701553358666,0.5,Not cognition-prioritized
HARS,3,0,0,0.1375173153856152,0.2427057401060036,0.06915030482125137,0.06427657834693945,0.08382717520044036,0.1375173153856152,0.2427057401060036,0.059347160916374285,0.290778917577222,0.3818813252301714,0.06427657834693945,0.2577481964432266,0.34898649606914756,0.5,Not cognition-prioritized
ALDH1B1,3,0,0,0.1677984150198963,0.2541370383461,0.07168340127402717,0.0746260421798372,0.06359635331793315,0.2562933270393321,0.3921287903701781,0.07682780832431117,0.1677984150198963,0.2541370383461,0.0746260421798372,0.18786420587827835,0.26988942252935766,0.5,Not cognition-prioritized
TRMU,3,0,0,0.1668911308726553,0.2541370383461,0.05101740231246696,0.057155337814954445,0.01618449806366668,0.7781220248379863,0.8599966599899316,0.07971237105877975,0.1668911308726553,0.2541370383461,0.057155337814954445,0.32327121339253806,0.42094038850262405,0.5,Not cognition-prioritized
SYNE1,3,0,0,0.14955151495341534,0.25879913223883705,0.042201531360367306,0.0246230873038501,0.08204932473347312,0.14955151495341534,0.25879913223883705,0.019932182043778696,0.7269599570850159,0.7916361098505867,0.0246230873038501,0.6682485393376725,0.7462921643698095,0.5,Not cognition-prioritized
C1QBP,3,0,0,0.18702337383995343,0.26988942252935766,0.06769751625214998,0.06566931202803387,0.06187046717987725,0.2696390347414494,0.4044585521121741,0.06566931202803387,0.24390864540372212,0.3287931519539162,0.07555276954853882,0.18702337383995343,0.26988942252935766,0.5,Not cognition-prioritized
HSP90AB1,3,0,0,0.1955620795963071,0.2757695684629952,-0.03634631890706817,-0.039395425562747076,0.003079281748630215,0.9561076375159495,0.9752297902662685,-0.039395425562747076,0.4812446113366464,0.5774935336039757,-0.07272281290708767,0.1955620795963071,0.2757695684629952,0.5,Not cognition-prioritized
TRAP1,3,0,0,0.1881128648013085,0.2767429645634635,0.061708786416599944,0.0629597791087018,0.0629597791087018,0.2610945527355581,0.3974872295377153,0.07349598402453926,0.1881128648013085,0.2767429645634635,0.04867059611655877,0.40937507319271127,0.5092226520202018,0.5,Not cognition-prioritized
TRUB2,3,0,0,0.16576525435076955,0.2795855925643703,0.07675996118547337,0.08031490228177403,0.08771368964496198,0.16576525435076955,0.2818009323963082,0.06225129162968411,0.31137204202385266,0.40202466185358193,0.08031490228177403,0.199181892741937,0.2795855925643703,0.5,Not cognition-prioritized
BCKDK,3,0,0,0.19695201239209334,0.2849532911733747,0.05817844541529102,0.06096473693748919,0.06096473693748919,0.28278133564890945,0.4114925604461048,0.0734269403276027,0.19695201239209334,0.2849532911733747,0.04014365898078117,0.4867057526028471,0.579501791036853,0.5,Not cognition-prioritized
MRPL23,3,0,0,0.1989025335936626,0.2857473017824449,0.05959583988994589,0.07241023790652867,0.03144610705814611,0.5870584949464996,0.7017183572407378,0.07493117470516289,0.1989025335936626,0.2857473017824449,0.07241023790652867,0.22129676661360215,0.30780368447164663,0.5,Not cognition-prioritized
NIPSNAP3A,3,0,0,0.17154448139597456,0.2900144271114266,0.057344636093662076,0.04960052635130948,0.0769427214408364,0.17154448139597456,0.2900144271114266,0.04549066048884034,0.4223367834235686,0.5232188490996437,0.04960052635130948,0.3831725337064008,0.4845074186535481,0.5,Not cognition-prioritized
VARS2,3,0,0,0.20828251349177776,0.29506689411335185,0.051691440547146514,0.06003364706540202,0.024034248114088833,0.674380452422978,0.7671391020127557,0.0710064264619487,0.20828251349177776,0.29506689411335185,0.06003364706540202,0.29366763306644883,0.3890142671789322,0.5,Not cognition-prioritized
AK3,3,0,0,0.18288229339608755,0.29767011584682335,0.03289345141713007,0.01658970861147144,0.07440101378501603,0.18288229339608755,0.29767011584682335,0.007689631854902744,0.8915107498568742,0.9185262271252643,0.01658970861147144,0.7706287239362268,0.8391899983077773,0.5,Not cognition-prioritized
ATP5F1B,3,0,0,0.21854453254652714,0.3053635934211749,0.047732223196981706,0.04457345727356018,0.029002040400626098,0.6106541015042515,0.7242641669003913,0.06962117191675884,0.21854453254652714,0.3053635934211749,0.04457345727356018,0.4402225930139725,0.5409964396075324,0.5,Not cognition-prioritized
LAP3,3,0,0,0.21962575233736614,0.3054794555237911,0.04933789847360322,0.06312130834211097,0.015901890096899133,0.7784937085529773,0.8599966599899316,0.06899049698179956,0.21962575233736614,0.3054794555237911,0.06312130834211097,0.26729835441650807,0.35874252829583975,0.5,Not cognition-prioritized
SUCLG2,3,0,0,0.22416043476999079,0.31037598660460264,-0.034971053422503125,-0.06799627851871475,0.033950721021396,0.554746777945943,0.67364529614741675,-0.06799627851871475,0.23661352198852184,0.3224198150419171,-0.07086760277019064,0.22416043476999079,0.31037598660460264,0.5,Not cognition-prioritized
ACAA2,3,0,0,0.1947704883562344,0.31204067768066873,0.04566462183888712,0.033107530442647984,0.07537710951188253,0.1947704883562344,0.31204067768066873,0.033107530442647984,0.5718921030136932,0.6603735227252457,0.028509225562130844,0.6284703383811924,0.7122663834986847,0.5,Not cognition-prioritized
ST13,3,0,0,0.1975050827586832,0.31477372564665135,0.040395304261913755,0.02437875429009422,0.07269731884314708,0.1975050827586832,0.31477372564665135,0.024109839652499975,0.6709165815850473,0.7438422969747264,0.02437875429009422,0.6708896222121264,0.7465171796251299,0.5,Not cognition-prioritized
PCK2,3,0,0,0.23462193189237585,0.3205103176744063,0.043054558126844895,0.05674876625268374,0.003899755827026665,0.9455288954653327,0.9721686576074843,0.05674876625268374,0.31647382439862126,0.40519242789112175,0.06851515230082428,0.23462193189237585,0.3205103176744063,0.5,Not cognition-prioritized
MTG1,3,0,0,0.2370733934131743,0.3224198150419171,0.05700266954548161,0.061115441338464825,0.03464489744422965,0.5692606794113131,0.6858022358262276,0.07524766985375037,0.2370733934131743,0.3224198150419171,0.061115441338464825,0.34323731180154826,0.4431671620728851,0.5,Not cognition-prioritized
PRDX3,3,0,0,0.24245050678804386,0.32827369503159926,0.059739009071296395,0.06581560709219611,0.06583543706303403,0.24326389748077323,0.37786168847267315,0.06581560709219611,0.24245050678804386,0.32827369503159926,0.04756598305865904,0.40717635873721225,0.5085549623411713,0.5,Not cognition-prioritized
CHCHD1,3,0,0,0.2707706270977916,0.3586831683633083,0.043885967984730975,0.05916001968844258,0.009075196677132386,0.8704634210967488,0.9198833696879206,0.06342268758861795,0.2707706270977916,0.3586831683633083,0.05916001968844258,0.31454753010469044,0.41487734574153134,0.5,Not cognition-prioritized
ECHDC1,3,0,0,0.26568355002775906,0.4004885039827304,0.04896216775381213,0.05311145678702396,0.06293432981078875,0.26568355002775906,0.4004885039827304,0.05311145678702396,0.3456962649895263,0.43712007060659114,0.030840716663623684,0.5897930934878396,0.6734204724152199,0.5,Not cognition-prioritized
CLPX,3,0,0,0.28166591369300403,0.4114925604461048,0.05016037642563874,0.046938672383557097,0.060294253889227545,0.28166591369300403,0.4114925604461048,0.04324820300413157,0.4463110308247361,0.546284701729477,0.046938672383557097,0.4125980425365029,0.5111538502678943,0.5,Not cognition-prioritized
RPS4X,3,0,0,0.3242178990850152,0.4116625606639612,0.0463572762113352,0.04526605595608637,0.04526605595608637,0.4338068054105265,0.5462752364428852,0.05683035588522914,0.3242178990850152,0.4116625606639612,0.036975416792690105,0.5278765781891719,0.618889781325236,0.5,Not cognition-prioritized
ECH1,3,0,0,0.32315870660005785,0.4116625606639612,0.04055959336865415,0.049973022950891684,0.016260650505417237,0.7734898670600455,0.8599966599899316,0.05544510664965351,0.32315870660005785,0.4116625606639612,0.049973022950891684,0.37813991415898407,0.48012785781182205,0.5,Not cognition-prioritized
GLRX5,3,0,0,0.3323450232916989,0.4309219369799147,0.04748184142135254,0.04431064984910821,0.04261436501637355,0.4528580630626208,0.5679285544965654,0.04431064984910821,0.43375028808298355,0.5351918877152942,0.05552050939857586,0.3323450232916989,0.4309219369799147,0.5,Not cognition-prioritized
TFAM,3,0,0,0.3527724910648483,0.4535646313690907,0.0387501121924077,0.03328748765518842,0.03328748765518842,0.5547667144743432,0.67364529614741675,0.029677162413467323,0.6002508407036684,0.6848595468278502,0.05328568650856734,0.3527724910648483,0.4535646313690907,0.5,Not cognition-prioritized
ATP5F1C,3,0,0,0.3678104785168247,0.4709205289797002,0.03086667928066083,0.030203262453499635,0.010338470223868385,0.8552095431355515,0.9118262027856402,0.030203262453499635,0.5919063770799575,0.6809148548363421,0.05205830516461447,0.3678104785168247,0.4709205289797002,0.5,Not cognition-prioritized
MDH2,3,0,0,0.3728628902630061,0.47578388490687895,0.046965677502565924,0.049247795016291486,0.050352949015460696,0.3728628902630061,0.5026257463457263,0.049247795016291486,0.3809380777849194,0.47578388490687895,0.041296288475945596,0.4683265673146024,0.5624823004466576,0.5,Not cognition-prioritized
DARS2,3,0,0,0.39808705169069647,0.5012948058327289,0.04077136107522416,0.0386990928191698,0.0386990928191698,0.49533711022386817,0.611182079550418,0.03506965106144676,0.5348028025171065,0.6352258113179555,0.04854533934505592,0.39808705169069647,0.5012948058327289,0.5,Not cognition-prioritized
HSPA5,3,0,0,0.38290928701947313,0.5076644426849539,0.022424465978608962,0.00972554277986256,0.048811735061399776,0.38290928701947313,0.5076644426849539,0.00873612009456455,0.8754089116466759,0.9135778931752614,0.00972554277986256,0.8638527109549722,0.9146675763052646,0.5,Not cognition-prioritized
AK2,3,0,0,0.38138056330031556,0.5076644426849539,0.017629633793664536,0.010695843528213178,0.0495137916006784,0.38138056330031556,0.5076644426849539,0.010695843528213178,0.8494870212824215,0.8952451918652645,-0.007320733747897965,0.8988707100435016,0.9311501622961887,0.5,Not cognition-prioritized
ALDH2,3,0,0,0.4035058364076006,0.5322102842272664,0.03377671746243138,0.040171078224101806,0.04763415458508717,0.4035058364076006,0.5322102842272664,0.040171078224101806,0.47958675257148997,0.5774935336039757,0.01352491957810516,0.8156281877526917,0.8788106530011396,0.5,Not cognition-prioritized
RNMTL1,3,0,0,0.40719043779922504,0.5347651243200122,0.03208631284777577,0.03945024369808086,0.0465685509531404,0.40719043779922504,0.5347651243200122,0.03945024369808086,0.48069930808387806,0.5774935336039757,0.010240143892106049,0.8565654090510848,0.9101007471167776,0.5,Not cognition-prioritized
HSD17B8,3,0,0,0.4372276943577642,0.5373159617408668,0.03509099864598357,0.03781762435031143,0.023853810946255723,0.6726636106915261,0.7671391020127557,0.04360156064138356,0.4372276943577642,0.5373159617408668,0.03781762435031143,0.5158243999468323,0.6094295999371842,0.5,Not cognition-prioritized
CARS2,3,0,0,0.4448777681309851,0.5445303881923258,-0.02676004160065584,-0.04106470771356949,0.003740298006114115,0.9467524835523867,0.9721686576074843,-0.04106470771356949,0.4604586748743622,0.5613559940699396,-0.04295571509451215,0.4448777681309851,0.5445303881923258,0.5,Not cognition-prioritized
GFM2,3,0,0,0.45535078342142854,0.5529259512974489,0.03468344927977211,0.0347840894144961,0.0347840894144961,0.5400665192191885,0.6610414195242866,0.026637437609743485,0.6374818070662416,0.7145400474808422,0.04262882081507676,0.45535078342142854,0.5529259512974489,0.5,Not cognition-prioritized
SERPINH1,3,0,0,0.46389818281544537,0.5610784345514872,-0.013379595360159145,-0.019370244730072535,0.020861400533877722,0.7121927933879904,0.8041734124602401,-0.019370244730072535,0.7309087341422122,0.7931137327926132,-0.041629941884282616,0.46389818281544537,0.5610784345514872,0.5,Not cognition-prioritized
HINT2,3,0,0,0.46873525037221464,0.5624823004466576,0.016840193811730467,0.007059194828587431,0.002168317549593493,0.9694865383744562,0.9790854149920251,0.007059194828587431,0.9001981205963285,0.9243645130955588,0.041293069057010474,0.46873525037221464,0.5624823004466576,0.5,Not cognition-prioritized
ARL2,3,0,0,0.470850932739596,0.5628140055402984,-0.021067997322355432,-0.032260935037428204,0.010446171198616487,0.8526350217116406,0.9118262027856402,-0.032260935037428204,0.5686857256534188,0.6591584547346445,-0.04138922812825458,0.470850932739596,0.5628140055402984,0.5,Not cognition-prioritized
PDIA6,3,0,0,0.4980020590623163,0.5910167360957653,0.03642266457424756,0.03808132942723343,0.03808132942723343,0.4980020590623163,0.6120025304139308,0.03256847759955619,0.5632819575252126,0.6553774867023385,0.038618186695953065,0.49830822847290013,0.5910167360957653,0.5,Not cognition-prioritized
PITRM1,3,0,0,0.47732226204984185,0.5937423259644374,0.028189424999624624,0.022979093719488034,0.04040587267266809,0.47732226204984185,0.5937423259644374,0.022979093719488034,0.6841683790516064,0.7557961154866121,0.021183308606717743,0.7114615451161058,0.7859466888286223,0.5,Not cognition-prioritized
EARS2,3,0,0,0.5728581049981056,0.6639946217023498,0.009896733365791988,0.01631528268060966,0.01631528268060966,0.7722729516761614,0.8599966599899316,-0.018728629585595027,0.7381474744557106,0.7953279126177726,0.03210354700236133,0.5728581049981056,0.6639946217023498,0.5,Not cognition-prioritized
NT5DC2,3,0,0,0.6020497323421297,0.6848595468278502,0.02959812594110172,0.030704558883118727,0.030704558883118727,0.6170136103844177,0.7289813311877676,0.032488210929644996,0.6020497323421297,0.6848595468278502,0.025601608010541437,0.6866654896418308,0.761303042863769,0.5,Not cognition-prioritized
MOGS,3,0,0,0.6282740125033048,0.7094164126421081,-0.006375246445606997,-0.01597842460156624,0.024026179635264766,0.67021469278013,0.7671391020127557,-0.027173494370519517,0.6282740125033048,0.7094164126421081,-0.01597842460156624,0.778766504897211,0.8450445053139949,0.5,Not cognition-prioritized
GUF1,3,0,0,0.6688403737506055,0.7438422969747264,0.013223803295455342,0.014883849833965962,0.014883849833965962,0.791661835962394,0.8698401173940882,0.024150406066708048,0.6688403737506055,0.7438422969747264,6.371539856920136e-4,0.9911774573080678,0.9911774573080678,0.5,Not cognition-prioritized
AK4,3,0,0,0.6707340375647287,0.7583016263251073,-9.965031777087996e-4,-0.004415647718962027,0.024260354730761484,0.6707340375647287,0.7671391020127557,-0.02283421654492586,0.68891454940647,0.7583016263251073,-0.004415647718962027,0.9388560374182428,0.9512912167217957,0.5,Not cognition-prioritized
ERAL1,3,0,0,0.686491649392607,0.7780238693116213,0.014635050449242551,0.019016991981237876,0.022555708862931054,0.686491649392607,0.7780238693116213,0.0023324505035587227,0.9674394762226104,0.9738042096188118,0.019016991981237876,0.7435017673758766,0.8125412172036365,0.5,Not cognition-prioritized
SOD2,3,0,0,0.7121400557441546,0.7810568353322985,-2.488739661445789e-4,0.005742020059704464,0.01418939439059252,0.8001933105956908,0.871384886271464,-0.02067803634873072,0.7121400557441546,0.7810568353322985,0.005742020059704464,0.9193924950825652,0.9413419229050806,0.5,Not cognition-prioritized
PCMT1,3,0,0,0.8248660837580332,0.8856456899296777,-0.004053284258397071,-0.007981499925496998,0.008399332761430034,0.8816179263392193,0.9207340800675806,-0.007981499925496998,0.8870095415781352,0.916976080144964,-0.012577685611124248,0.8248660837580332,0.8856456899296777,0.5,Not cognition-prioritized
GLUD1,3,0,0,0.8724368700871099,0.9135778931752614,-0.0018159028229037314,-0.0050152095839328115,0.008637367207831882,0.8777972024472969,0.9198833696879206,-0.009069866092610264,0.8724368700871099,0.9135778931752614,-0.0050152095839328115,0.9300294053083515,0.9460078958664677,0.5,Not cognition-prioritized
MTPAP,3,0,0,0.8998680374136142,0.9311501622961887,-0.0023858880477523443,-2.438582705706057e-4,0.00033756171788313966,0.9952870680516077,0.996737069178951,-2.438582705706057e-4,0.9965721528233217,0.9965721528233217,-0.007251367590569567,0.8998680374136142,0.9311501622961887,0.5,Not cognition-prioritized
GNG12,3,0,0,1.0254095126675858e-4,0.0031089290486794475,-0.20435715123003056,-0.21761604345214275,-0.16583986471627735,0.004596981163879044,0.029157488279562657,-0.21761604345214275,1.9770920864572186e-4,0.006528332317891273,-0.2296155455216716,1.0254095126675858e-4,0.0031089290486794475,0,Not cognition-prioritized
PPIA,3,0,0,0.0019876489736240723,0.012503764700613908,-0.16060444571337598,-0.1603313493619743,-0.1603313493619743,0.004195700221807881,0.027910527562461124,-0.14577214632478683,0.009595387178566192,0.036249240452361164,-0.17570984145336685,0.0019876489736240723,0.012503764700613908,0,Not cognition-prioritized
EEF1A1,3,0,0,0.004071561733595277,0.018595490902688878,-0.11398568541378724,-0.13496141298218245,-0.044925219595394,0.4234023144283522,0.5414998445793492,-0.13496141298218245,0.015376769338543435,0.046284252273027585,-0.16207042366378527,0.004071561733595277,0.018595490902688878,0,Not cognition-prioritized
ALDH9A1,3,0,0,0.0015721398391291095,0.019956901872373038,-0.15543333147217844,-0.15069138490098705,-0.1762298714715478,0.0015721398391291095,0.019956901872373038,-0.15069138490098705,0.007674762669088993,0.03256308196436841,-0.1393787380440005,0.013952990892033104,0.04154512145806892,0,Not cognition-prioritized
IGHG2,3,0,0,0.011091682767095684,0.035726893965592414,-0.11135802999142348,-0.11300127759838516,-0.07506765917166858,0.18078377689997804,0.29741847167415747,-0.11300127759838516,0.04213506747441797,0.09209521890837069,-0.1460051532042167,0.011091682767095684,0.035726893965592414,0,Not cognition-prioritized
GAPDH,3,0,0,0.012551844524269362,0.038028360637885394,-0.10944074489679097,-0.09584898508896626,-0.09165683045670155,0.10311055023414895,0.1935694992125741,-0.09584898508896626,0.08608474715610928,0.15495254488099672,-0.1408164191447051,0.012551844524269362,0.038028360637885394,0,Not cognition-prioritized
ENO1,3,0,0,0.016422757955455308,0.04653114754045671,-0.11742826220718237,-0.11773138107911636,-0.11773138107911636,0.03536082220404006,0.09169840334268017,-0.09793958057739685,0.08171803626743505,0.15063686203515136,-0.1366138249650339,0.016422757955455308,0.04653114754045671,0,Not cognition-prioritized
PIN4,3,0,0,0.019390633453954028,0.05028418505855876,-0.10060005140867576,-0.11186843332623579,-0.0567344445752204,0.31383464319751164,0.44052018724054387,-0.11186843332623579,0.04528354671974459,0.09556389859477135,-0.13319727632457107,0.019390633453954028,0.05028418505855876,0,Not cognition-prioritized
KPNB1,3,0,0,0.033724583147566545,0.07506585709623904,-0.10934808470681023,-0.11007109904536087,-0.09759514487371355,0.08263135456190883,0.16526270912381766,-0.11007109904536087,0.04893970621367113,0.10118614933367139,-0.12037801020135626,0.033724583147566545,0.07506585709623904,0,Not cognition-prioritized
CLPP,3,0,0,0.04809634645646737,0.1004971172195236,-0.09731240998699725,-0.09138707703826451,-0.09138707703826451,0.10214717866914039,0.19294467081948738,-0.10980898427263633,0.04809634645646737,0.1004971172195236,-0.09074116865009091,0.10697270125923952,0.180222502762554,0,Not cognition-prioritized
TUBB,3,0,0,0.051243311264689964,0.10316087662496795,-0.09615320756995945,-0.10411441670293116,-0.07493964685850907,0.18272011856081766,0.29767011584682335,-0.10940555914843811,0.051243311264689964,0.10316087662496795,-0.10411441670293116,0.06800767111813144,0.12461285845597737,0,Not cognition-prioritized
TUBB4B,3,0,0,0.07961453685002282,0.14976682221063653,-0.09059097408174166,-0.09754957182061737,-0.09843853012519292,0.07961453685002282,0.16241365517404655,-0.07578482029941468,0.1755057887999246,0.2632586831998869,-0.09754957182061737,0.08418265823604407,0.14976682221063653,0,Not cognition-prioritized
PRDX4,3,0,0,0.08114281693423656,0.1506099032631419,-0.06719707246063507,-0.07861370778466634,-0.026350897377890762,0.6377582614251751,0.7448627022752046,-0.0966266122193481,0.08114281693423656,0.1506099032631419,-0.07861370778466634,0.16105633299325278,0.23580496600926007,0,Not cognition-prioritized
CNP,3,0,0,0.09641353674445764,0.16726726289292954,-0.06868324198170735,-0.06537595148549478,-0.06537595148549478,0.24507984508207623,0.37875976058139055,-0.04570862779510833,0.41366399813822663,0.5145576562207209,-0.09496514666451891,0.09641353674445764,0.16726726289292954,0,Not cognition-prioritized
CCT3,3,0,0,0.10992066541323224,0.180222502762554,-0.07972731277664176,-0.08087633870623026,-0.06776241998552446,0.22773211391992107,0.35554095336477476,-0.08087633870623026,0.1479567740067967,0.23109353328177976,-0.09054317963817057,0.10992066541323224,0.180222502762554,0,Not cognition-prioritized
CCT6A,3,0,0,0.13372501908750017,0.21424008293599506,-0.06522013799549989,-0.06857831211852311,-0.04185047138088704,0.459377976775721,0.573753717932125,-0.08523163048708951,0.13372501908750017,0.21424008293599506,-0.06857831211852311,0.23290775307646394,0.3195953921138922,0,Not cognition-prioritized
HSP90AA1,3,0,0,0.14453285189418447,0.21786725457941106,-0.05136342802802825,-0.06350615026451471,-0.008707120548567895,0.8764154701700577,0.9198833696879206,-0.06350615026451471,0.25449437063671104,0.34155823427558585,-0.08187701327100214,0.14453285189418447,0.21786725457941106,0,Not cognition-prioritized
GCAT,3,0,0,0.12577197701508244,0.22772914181429127,-0.05539105908249768,-0.04934980568519174,-0.08578971221620114,0.12577197701508244,0.22772914181429127,-0.04934980568519174,0.3769534155471346,0.4746820788371324,-0.031033659346100154,0.585454671898063,0.6714572391667326,0,Not cognition-prioritized
RPS18,3,0,0,0.15922719128583304,0.23424769487242747,0.05063936378689938,0.07544108471428392,-0.003351426298310812,0.9525441957893594,0.9748445615770702,0.07544108471428392,0.1786934611005918,0.2654378596931121,0.07982843294472504,0.15922719128583304,0.23424769487242747,0,Not cognition-prioritized
AKR7A2,3,0,0,0.19741862002861255,0.2849532911733747,-0.06295019627506156,-0.067068376679332,-0.049223424735113555,0.3832368832033476,0.5076644426849539,-0.0725587874107391,0.19741862002861255,0.2849532911733747,-0.067068376679332,0.23969766944761586,0.3259888304487576,0,Not cognition-prioritized
CCDC90B,3,0,0,0.30330466271982226,0.39462211395813424,-0.03525525177601154,-0.04496345177563585,-0.00284361340018243,0.9599538679280846,0.9758999454684182,-0.05795869015221635,0.30330466271982226,0.39462211395813424,-0.04496345177563585,0.4300774841102689,0.5306601215231543,0,Not cognition-prioritized
GSR,3,0,0,0.2787150087890889,0.4114925604461048,-0.02416208842563174,-0.016897082847863548,-0.06059817168444474,0.2787150087890889,0.4114925604461048,-0.016897082847863548,0.7631395000493693,0.8165058986542203,0.005008989255413074,0.9305502505091725,0.9460078958664677,0,Not cognition-prioritized
ALDH7A1,3,0,0,0.3223492030688063,0.42094038850262405,-0.047813785615741455,-0.04747643297496046,-0.04747643297496046,0.40988857023541214,0.5360081303078467,-0.037760324037060665,0.5142161455937995,0.6146489865300884,-0.05820459983520325,0.3223492030688063,0.42094038850262405,0,Not cognition-prioritized
FECH,3,0,0,0.30896364967693807,0.43916912350383425,-0.036640315220205895,-0.03442015854582192,-0.05685260418731237,0.30896364967693807,0.43916912350383425,-0.03442015854582192,0.5355825467974918,0.6352258113179555,-0.0186481829274834,0.7399884036320097,0.8116001846286557,0,Not cognition-prioritized
TST,3,0,0,0.32663262995043596,0.4563907980129379,-0.016502887087806166,-0.002901818404672769,-0.05534833017836879,0.32663262995043596,0.4563907980129379,-0.002901818404672769,0.9589210151517731,0.9684152826285233,0.008741487319623056,0.877920389921315,0.9231740182677746,0,Not cognition-prioritized
IBA57,3,0,0,0.34051105708112417,0.47361992484919996,-0.004073262151292317,0.004282639680061601,-0.05375592106618618,0.34051105708112417,0.47361992484919996,0.004282639680061601,0.939890692443691,0.9555034946437523,0.037253494932247624,0.5208883103340667,0.6130454729316324,0,Not cognition-prioritized
NARS2,3,0,0,0.36998225772695426,0.5009494286037522,-0.015932874268776917,-0.008104324928291239,-0.05027664308063723,0.36998225772695426,0.5009494286037522,0.01058234520259772,0.851360623636575,0.8952451918652645,-0.008104324928291239,0.8874920825091877,0.9268688643270014,0,Not cognition-prioritized
ATP5J2-PTCD1,3,0,0,0.40423740733782043,0.5069534698580862,-0.03132106926969688,-0.024502511229856302,-0.024502511229856302,0.671153855949696,0.7671391020127557,-0.02053359628808859,0.7230269428366781,0.7901651589572267,-0.04892710029114575,0.40423740733782043,0.5069534698580862,0,Not cognition-prioritized
ALYREF,3,0,0,0.4195153270677352,0.5393768490870882,-0.035335214385310676,-0.03394572222805407,-0.045571968442011813,0.4195153270677352,0.5393768490870882,-0.03394572222805407,0.5496673859418546,0.646916231146952,-0.02648795248586614,0.6461816410364485,0.7269543461660045,0,Not cognition-prioritized
ECI1,3,0,0,0.432218789496176,0.5462752364428852,9.330763915979996e-5,0.02041402091004289,-0.04444690092114657,0.432218789496176,0.5462752364428852,0.024312802928583083,0.6692683716247991,0.7438422969747264,0.02041402091004289,0.7227538923600976,0.7955492484251434,0,Not cognition-prioritized
METTL17,3,0,0,0.4502441773007164,0.5489032599761722,0.023258617434167562,0.029055451240678706,-0.0026269398324390266,0.9636294505283866,0.9763927545088951,0.029055451240678706,0.6099488113068874,0.6912753194811391,0.043347340894263,0.4502441773007164,0.5489032599761722,0,Not cognition-prioritized
FDXR,3,0,0,0.4716151266188199,0.5726755108942813,0.013975664886734036,0.027084569266788545,-0.02540794459340022,0.6513108969534371,0.7549285396505749,0.04025036998681378,0.4716151266188199,0.5726755108942813,0.027084569266788545,0.6316021342105744,0.7131743655661837,0,Not cognition-prioritized
MRPL38,3,0,0,0.4916203598726051,0.609051943809786,0.008268922710196368,0.030930711049862322,-0.03877010544232358,0.4916203598726051,0.609051943809786,0.03264616252305036,0.5604909577655199,0.6549404071590892,0.030930711049862322,0.5858793557435217,0.6714572391667326,0,Not cognition-prioritized
MARS2,3,0,0,0.5450799648082407,0.6341995027806907,-0.018563227784308668,-0.014404312010134635,-0.014404312010134635,0.795932133563218,0.8698401173940882,-0.002248198267995065,0.9717829817225054,0.9749691554330709,-0.0390371730747963,0.5450799648082407,0.6341995027806907,0,Not cognition-prioritized
ADCK3,3,0,0,0.5487312317871069,0.646916231146952,0.021391701930783626,0.030925569619716688,-2.2984655832457193e-4,0.996737069178951,0.996737069178951,0.03347938273095877,0.5487312317871069,0.646916231146952,0.030925569619716688,0.5852074375631757,0.6714572391667326,0,Not cognition-prioritized
NADK2,3,0,0,0.5607659695283704,0.6549404071590892,-0.01659071526895514,-0.020423237654113132,-0.020423237654113132,0.7169227124694715,0.8065380515281554,-0.032547061179152584,0.5607659695283704,0.6549404071590892,0.0031981530264003047,0.9551196008007934,0.9645762305116924,0,Not cognition-prioritized
ADCK4,3,0,0,0.5948038990456689,0.681685367445598,-0.013414370380557109,-0.013471702262234158,-0.013471702262234158,0.8459095472554689,0.9090717319374872,-0.03867669001437796,0.5948038990456689,0.681685367445598,0.011905281134940793,0.870778258328451,0.9188211967189863,0,Not cognition-prioritized
ACAT1,3,0,0,0.6183472605291529,0.7033987424606721,0.0018545920654214295,-0.010995733460416584,-0.010995733460416584,0.8466844562162872,0.9090717319374872,-0.012131401854337255,0.8301506906818521,0.8789830842513728,0.02869091151101813,0.6183472605291529,0.7033987424606721,0,Not cognition-prioritized
SPRYD4,3,0,0,0.6365548188938456,0.7145400474808422,-0.008322574507191928,-0.009112301262359634,-0.009112301262359634,0.8723202861474513,0.9198833696879206,-0.026659514650076974,0.6365548188938456,0.7145400474808422,0.01080409239086082,0.8509159002389766,0.9072483117530551,0,Not cognition-prioritized
MMAB,3,0,0,0.6237906108867004,0.7341535651205012,-9.09294552382862e-4,0.005932253951345288,-0.027513237281266586,0.6237906108867004,0.7341535651205012,0.018853099672772714,0.7354819098563756,0.7952560580072471,0.005932253951345288,0.9167372976962378,0.9413419229050806,0,Not cognition-prioritized
NSUN2,3,0,0,0.7803579552745399,0.8320192833240738,0.0066166100738297515,0.014060029525854011,-0.010067748903564478,0.8596803547317368,0.9134103769024703,0.01585754959919972,0.7803579552745399,0.8320192833240738,0.014060029525854011,0.8072641135565842,0.8728721510541158,0,Not cognition-prioritized
GOT2,3,0,0,0.8110213024066437,0.861710133807059,-0.005522586407348479,-0.002552556296842364,-5.037177086586718e-4,0.9928388718648735,0.996737069178951,-0.0135114852165444,0.8110213024066437,0.861710133807059,-0.002552556296842364,0.9642548751095443,0.9705986571826334,0,Not cognition-prioritized
YWHAE,3,0,0,0.7948188707429,0.8698401173940882,-0.005511256922749551,-0.00710277208400846,-0.014705529555848364,0.7948188707429,0.8698401173940882,0.005274530871608171,0.9252703826373612,0.9437757902901084,-0.00710277208400846,0.9007204184303003,0.9311501622961887,0,Not cognition-prioritized
STOML2,3,0,0,0.8396969940432685,0.8984170635567839,0.004113812321042185,0.008368171477317773,-0.008012118053223946,0.8861499265392112,0.9223193112959137,0.008368171477317773,0.8855770096251177,0.916976080144964,0.011985383539032729,0.8396969940432685,0.8984170635567839,0,Not cognition-prioritized
CRYZ,3,0,0,0.8461488194667943,0.9090717319374872,-0.0011213481675650854,0.0013700637199288478,-0.010967083609475516,0.8461488194667943,0.9090717319374872,0.006232975386851411,0.9118527155715525,0.9332004380096824,0.0013700637199288478,0.9808057824869478,0.9840215391508395,0,Not cognition-prioritized
